[10Sep2026 03:20:30.889] [Test worker/DEBUG] [io.netty.util.internal.logging.InternalLoggerFactory/]: Using SLF4J as the default logging framework
[10Sep2026 03:20:30.898] [Test worker/DEBUG] [io.netty.util.ResourceLeakDetector/]: -Dio.netty.leakDetection.level: simple
[10Sep2026 03:20:30.898] [Test worker/DEBUG] [io.netty.util.ResourceLeakDetector/]: -Dio.netty.leakDetection.targetRecords: 4
[10Sep2026 03:20:35.665] [Test worker/WARN] [net.minecraftforge.common.ForgeConfigSpec/CORE]: Configuration file SimpleCommentedConfig:{} is not correct. Correcting
[10Sep2026 03:20:35.667] [Test worker/WARN] [net.minecraftforge.common.ForgeConfigSpec/CORE]: Incorrect key playerRaids was corrected from null to its default, SimpleCommentedConfig:{}. 
[10Sep2026 03:20:35.668] [Test worker/WARN] [net.minecraftforge.common.ForgeConfigSpec/CORE]: Incorrect key playerRaids.siegeCorpseSeconds was corrected from null to its default, 120. 
[10Sep2026 03:20:35.669] [Test worker/DEBUG] [net.minecraftforge.common.ForgeConfigSpec/CORE]: The comment on key playerRaids.siegeCorpseSeconds does not match the spec. This may create a backup.
[10Sep2026 03:20:35.669] [Test worker/WARN] [net.minecraftforge.common.ForgeConfigSpec/CORE]: Incorrect key playerRaids.emptyCorpseSeconds was corrected from null to its default, 60. 
[10Sep2026 03:20:35.669] [Test worker/DEBUG] [net.minecraftforge.common.ForgeConfigSpec/CORE]: The comment on key playerRaids.emptyCorpseSeconds does not match the spec. This may create a backup.
[10Sep2026 03:20:35.669] [Test worker/WARN] [net.minecraftforge.common.ForgeConfigSpec/CORE]: Incorrect key playerRaids.bankDailyInterestBasisPoints was corrected from null to its default, 100. 
[10Sep2026 03:20:35.670] [Test worker/DEBUG] [net.minecraftforge.common.ForgeConfigSpec/CORE]: The comment on key playerRaids.bankDailyInterestBasisPoints does not match the spec. This may create a backup.
[10Sep2026 03:20:35.670] [Test worker/WARN] [net.minecraftforge.common.ForgeConfigSpec/CORE]: Incorrect key playerRaids.enabled was corrected from null to its default, true. 
[10Sep2026 03:20:35.670] [Test worker/DEBUG] [net.minecraftforge.common.ForgeConfigSpec/CORE]: The comment on key playerRaids.enabled does not match the spec. This may create a backup.
[10Sep2026 03:20:35.670] [Test worker/WARN] [net.minecraftforge.common.ForgeConfigSpec/CORE]: Incorrect key playerRaids.automaticRaids was corrected from null to its default, true. 
[10Sep2026 03:20:35.671] [Test worker/DEBUG] [net.minecraftforge.common.ForgeConfigSpec/CORE]: The comment on key playerRaids.automaticRaids does not match the spec. This may create a backup.
[10Sep2026 03:20:35.671] [Test worker/WARN] [net.minecraftforge.common.ForgeConfigSpec/CORE]: Incorrect key playerRaids.minimumCooldownMinutes was corrected from null to its default, 60. 
[10Sep2026 03:20:35.671] [Test worker/DEBUG] [net.minecraftforge.common.ForgeConfigSpec/CORE]: The comment on key playerRaids.minimumCooldownMinutes does not match the spec. This may create a backup.
[10Sep2026 03:20:35.671] [Test worker/WARN] [net.minecraftforge.common.ForgeConfigSpec/CORE]: Incorrect key playerRaids.maximumCooldownMinutes was corrected from null to its default, 90. 
[10Sep2026 03:20:35.672] [Test worker/DEBUG] [net.minecraftforge.common.ForgeConfigSpec/CORE]: The comment on key playerRaids.maximumCooldownMinutes does not match the spec. This may create a backup.
[10Sep2026 03:20:35.672] [Test worker/WARN] [net.minecraftforge.common.ForgeConfigSpec/CORE]: Incorrect key playerRaids.siegePreparationMinutes was corrected from null to its default, 12. 
[10Sep2026 03:20:35.672] [Test worker/DEBUG] [net.minecraftforge.common.ForgeConfigSpec/CORE]: The comment on key playerRaids.siegePreparationMinutes does not match the spec. This may create a backup.
[10Sep2026 03:20:35.672] [Test worker/WARN] [net.minecraftforge.common.ForgeConfigSpec/CORE]: Incorrect key playerRaids.warningSeconds was corrected from null to its default, 120. 
[10Sep2026 03:20:35.672] [Test worker/DEBUG] [net.minecraftforge.common.ForgeConfigSpec/CORE]: The comment on key playerRaids.warningSeconds does not match the spec. This may create a backup.
[10Sep2026 03:20:35.672] [Test worker/WARN] [net.minecraftforge.common.ForgeConfigSpec/CORE]: Incorrect key playerRaids.waves was corrected from null to its default, 5. 
[10Sep2026 03:20:35.673] [Test worker/DEBUG] [net.minecraftforge.common.ForgeConfigSpec/CORE]: The comment on key playerRaids.waves does not match the spec. This may create a backup.
[10Sep2026 03:20:35.673] [Test worker/WARN] [net.minecraftforge.common.ForgeConfigSpec/CORE]: Incorrect key playerRaids.baseEnemiesPerWave was corrected from null to its default, 10. 
[10Sep2026 03:20:35.673] [Test worker/DEBUG] [net.minecraftforge.common.ForgeConfigSpec/CORE]: The comment on key playerRaids.baseEnemiesPerWave does not match the spec. This may create a backup.
[10Sep2026 03:20:35.673] [Test worker/WARN] [net.minecraftforge.common.ForgeConfigSpec/CORE]: Incorrect key playerRaids.enemiesPerExtraPlayer was corrected from null to its default, 3. 
[10Sep2026 03:20:35.674] [Test worker/DEBUG] [net.minecraftforge.common.ForgeConfigSpec/CORE]: The comment on key playerRaids.enemiesPerExtraPlayer does not match the spec. This may create a backup.
[10Sep2026 03:20:35.674] [Test worker/WARN] [net.minecraftforge.common.ForgeConfigSpec/CORE]: Incorrect key playerRaids.maximumActiveRaiders was corrected from null to its default, 30. 
[10Sep2026 03:20:35.674] [Test worker/DEBUG] [net.minecraftforge.common.ForgeConfigSpec/CORE]: The comment on key playerRaids.maximumActiveRaiders does not match the spec. This may create a backup.
[10Sep2026 03:20:35.674] [Test worker/WARN] [net.minecraftforge.common.ForgeConfigSpec/CORE]: Incorrect key playerRaids.maximumGlobalRaiders was corrected from null to its default, 35. 
[10Sep2026 03:20:35.674] [Test worker/DEBUG] [net.minecraftforge.common.ForgeConfigSpec/CORE]: The comment on key playerRaids.maximumGlobalRaiders does not match the spec. This may create a backup.
[10Sep2026 03:20:35.675] [Test worker/WARN] [net.minecraftforge.common.ForgeConfigSpec/CORE]: Incorrect key playerRaids.maximumConcurrentRaids was corrected from null to its default, 1. 
[10Sep2026 03:20:35.675] [Test worker/DEBUG] [net.minecraftforge.common.ForgeConfigSpec/CORE]: The comment on key playerRaids.maximumConcurrentRaids does not match the spec. This may create a backup.
[10Sep2026 03:20:35.675] [Test worker/WARN] [net.minecraftforge.common.ForgeConfigSpec/CORE]: Incorrect key playerRaids.timeBetweenWavesSeconds was corrected from null to its default, 45. 
[10Sep2026 03:20:35.675] [Test worker/DEBUG] [net.minecraftforge.common.ForgeConfigSpec/CORE]: The comment on key playerRaids.timeBetweenWavesSeconds does not match the spec. This may create a backup.
[10Sep2026 03:20:35.675] [Test worker/WARN] [net.minecraftforge.common.ForgeConfigSpec/CORE]: Incorrect key playerRaids.minimumSpawnDistance was corrected from null to its default, 48. 
[10Sep2026 03:20:35.676] [Test worker/DEBUG] [net.minecraftforge.common.ForgeConfigSpec/CORE]: The comment on key playerRaids.minimumSpawnDistance does not match the spec. This may create a backup.
[10Sep2026 03:20:35.676] [Test worker/WARN] [net.minecraftforge.common.ForgeConfigSpec/CORE]: Incorrect key playerRaids.maximumSpawnDistance was corrected from null to its default, 72. 
[10Sep2026 03:20:35.676] [Test worker/DEBUG] [net.minecraftforge.common.ForgeConfigSpec/CORE]: The comment on key playerRaids.maximumSpawnDistance does not match the spec. This may create a backup.
[10Sep2026 03:20:35.676] [Test worker/WARN] [net.minecraftforge.common.ForgeConfigSpec/CORE]: Incorrect key playerRaids.defenseRadius was corrected from null to its default, 160. 
[10Sep2026 03:20:35.676] [Test worker/DEBUG] [net.minecraftforge.common.ForgeConfigSpec/CORE]: The comment on key playerRaids.defenseRadius does not match the spec. This may create a backup.
[10Sep2026 03:20:35.677] [Test worker/WARN] [net.minecraftforge.common.ForgeConfigSpec/CORE]: Incorrect key playerRaids.aggroRadius was corrected from null to its default, 40. 
[10Sep2026 03:20:35.677] [Test worker/DEBUG] [net.minecraftforge.common.ForgeConfigSpec/CORE]: The comment on key playerRaids.aggroRadius does not match the spec. This may create a backup.
[10Sep2026 03:20:35.677] [Test worker/WARN] [net.minecraftforge.common.ForgeConfigSpec/CORE]: Incorrect key playerRaids.offAxisDriftLimit was corrected from null to its default, 24. 
[10Sep2026 03:20:35.677] [Test worker/DEBUG] [net.minecraftforge.common.ForgeConfigSpec/CORE]: The comment on key playerRaids.offAxisDriftLimit does not match the spec. This may create a backup.
[10Sep2026 03:20:35.677] [Test worker/WARN] [net.minecraftforge.common.ForgeConfigSpec/CORE]: Incorrect key playerRaids.breachersIgnoreDefenders was corrected from null to its default, true. 
[10Sep2026 03:20:35.678] [Test worker/DEBUG] [net.minecraftforge.common.ForgeConfigSpec/CORE]: The comment on key playerRaids.breachersIgnoreDefenders does not match the spec. This may create a backup.
[10Sep2026 03:20:35.678] [Test worker/WARN] [net.minecraftforge.common.ForgeConfigSpec/CORE]: Incorrect key playerRaids.stuckDetectionEnabled was corrected from null to its default, true. 
[10Sep2026 03:20:35.678] [Test worker/DEBUG] [net.minecraftforge.common.ForgeConfigSpec/CORE]: The comment on key playerRaids.stuckDetectionEnabled does not match the spec. This may create a backup.
[10Sep2026 03:20:35.678] [Test worker/WARN] [net.minecraftforge.common.ForgeConfigSpec/CORE]: Incorrect key playerRaids.stuckEscalationSeconds was corrected from null to its default, 5. 
[10Sep2026 03:20:35.679] [Test worker/DEBUG] [net.minecraftforge.common.ForgeConfigSpec/CORE]: The comment on key playerRaids.stuckEscalationSeconds does not match the spec. This may create a backup.
[10Sep2026 03:20:35.679] [Test worker/WARN] [net.minecraftforge.common.ForgeConfigSpec/CORE]: Incorrect key playerRaids.innerAggroMultiplier was corrected from null to its default, 2.0. 
[10Sep2026 03:20:35.679] [Test worker/DEBUG] [net.minecraftforge.common.ForgeConfigSpec/CORE]: The comment on key playerRaids.innerAggroMultiplier does not match the spec. This may create a backup.
[10Sep2026 03:20:35.679] [Test worker/WARN] [net.minecraftforge.common.ForgeConfigSpec/CORE]: Incorrect key playerRaids.forceRepathWhenIdle was corrected from null to its default, true. 
[10Sep2026 03:20:35.679] [Test worker/DEBUG] [net.minecraftforge.common.ForgeConfigSpec/CORE]: The comment on key playerRaids.forceRepathWhenIdle does not match the spec. This may create a backup.
[10Sep2026 03:20:35.680] [Test worker/WARN] [net.minecraftforge.common.ForgeConfigSpec/CORE]: Incorrect key playerRaids.coneFallbackEnabled was corrected from null to its default, true. 
[10Sep2026 03:20:35.680] [Test worker/DEBUG] [net.minecraftforge.common.ForgeConfigSpec/CORE]: The comment on key playerRaids.coneFallbackEnabled does not match the spec. This may create a backup.
[10Sep2026 03:20:35.680] [Test worker/WARN] [net.minecraftforge.common.ForgeConfigSpec/CORE]: Incorrect key playerRaids.coneFallbackRadius was corrected from null to its default, 16. 
[10Sep2026 03:20:35.680] [Test worker/DEBUG] [net.minecraftforge.common.ForgeConfigSpec/CORE]: The comment on key playerRaids.coneFallbackRadius does not match the spec. This may create a backup.
[10Sep2026 03:20:35.680] [Test worker/WARN] [net.minecraftforge.common.ForgeConfigSpec/CORE]: Incorrect key playerRaids.coneFallbackVertical was corrected from null to its default, 7. 
[10Sep2026 03:20:35.681] [Test worker/DEBUG] [net.minecraftforge.common.ForgeConfigSpec/CORE]: The comment on key playerRaids.coneFallbackVertical does not match the spec. This may create a backup.
[10Sep2026 03:20:35.681] [Test worker/WARN] [net.minecraftforge.common.ForgeConfigSpec/CORE]: Incorrect key playerRaids.parkourEnabled was corrected from null to its default, true. 
[10Sep2026 03:20:35.681] [Test worker/DEBUG] [net.minecraftforge.common.ForgeConfigSpec/CORE]: The comment on key playerRaids.parkourEnabled does not match the spec. This may create a backup.
[10Sep2026 03:20:35.681] [Test worker/WARN] [net.minecraftforge.common.ForgeConfigSpec/CORE]: Incorrect key playerRaids.parkourMaxForward was corrected from null to its default, 3. 
[10Sep2026 03:20:35.682] [Test worker/DEBUG] [net.minecraftforge.common.ForgeConfigSpec/CORE]: The comment on key playerRaids.parkourMaxForward does not match the spec. This may create a backup.
[10Sep2026 03:20:35.682] [Test worker/WARN] [net.minecraftforge.common.ForgeConfigSpec/CORE]: Incorrect key playerRaids.avoidHazards was corrected from null to its default, true. 
[10Sep2026 03:20:35.682] [Test worker/DEBUG] [net.minecraftforge.common.ForgeConfigSpec/CORE]: The comment on key playerRaids.avoidHazards does not match the spec. This may create a backup.
[10Sep2026 03:20:35.682] [Test worker/WARN] [net.minecraftforge.common.ForgeConfigSpec/CORE]: Incorrect key playerRaids.shoutToAllies was corrected from null to its default, true. 
[10Sep2026 03:20:35.683] [Test worker/DEBUG] [net.minecraftforge.common.ForgeConfigSpec/CORE]: The comment on key playerRaids.shoutToAllies does not match the spec. This may create a backup.
[10Sep2026 03:20:35.683] [Test worker/WARN] [net.minecraftforge.common.ForgeConfigSpec/CORE]: Incorrect key playerRaids.shoutRadius was corrected from null to its default, 16. 
[10Sep2026 03:20:35.683] [Test worker/DEBUG] [net.minecraftforge.common.ForgeConfigSpec/CORE]: The comment on key playerRaids.shoutRadius does not match the spec. This may create a backup.
[10Sep2026 03:20:35.683] [Test worker/WARN] [net.minecraftforge.common.ForgeConfigSpec/CORE]: Incorrect key playerRaids.scoutingEnabled was corrected from null to its default, true. 
[10Sep2026 03:20:35.684] [Test worker/DEBUG] [net.minecraftforge.common.ForgeConfigSpec/CORE]: The comment on key playerRaids.scoutingEnabled does not match the spec. This may create a backup.
[10Sep2026 03:20:35.684] [Test worker/WARN] [net.minecraftforge.common.ForgeConfigSpec/CORE]: Incorrect key playerRaids.scoutPartySize was corrected from null to its default, 2. 
[10Sep2026 03:20:35.684] [Test worker/DEBUG] [net.minecraftforge.common.ForgeConfigSpec/CORE]: The comment on key playerRaids.scoutPartySize does not match the spec. This may create a backup.
[10Sep2026 03:20:35.684] [Test worker/WARN] [net.minecraftforge.common.ForgeConfigSpec/CORE]: Incorrect key playerRaids.scoutSpawnDistance was corrected from null to its default, 100. 
[10Sep2026 03:20:35.684] [Test worker/DEBUG] [net.minecraftforge.common.ForgeConfigSpec/CORE]: The comment on key playerRaids.scoutSpawnDistance does not match the spec. This may create a backup.
[10Sep2026 03:20:35.685] [Test worker/WARN] [net.minecraftforge.common.ForgeConfigSpec/CORE]: Incorrect key playerRaids.scoutObserveSeconds was corrected from null to its default, 45. 
[10Sep2026 03:20:35.686] [Test worker/DEBUG] [net.minecraftforge.common.ForgeConfigSpec/CORE]: The comment on key playerRaids.scoutObserveSeconds does not match the spec. This may create a backup.
[10Sep2026 03:20:35.686] [Test worker/WARN] [net.minecraftforge.common.ForgeConfigSpec/CORE]: Incorrect key playerRaids.scoutDropIntelLetter was corrected from null to its default, true. 
[10Sep2026 03:20:35.687] [Test worker/DEBUG] [net.minecraftforge.common.ForgeConfigSpec/CORE]: The comment on key playerRaids.scoutDropIntelLetter does not match the spec. This may create a backup.
[10Sep2026 03:20:35.687] [Test worker/WARN] [net.minecraftforge.common.ForgeConfigSpec/CORE]: Incorrect key playerRaids.claimAwareAnchors was corrected from null to its default, true. 
[10Sep2026 03:20:35.688] [Test worker/DEBUG] [net.minecraftforge.common.ForgeConfigSpec/CORE]: The comment on key playerRaids.claimAwareAnchors does not match the spec. This may create a backup.
[10Sep2026 03:20:35.688] [Test worker/WARN] [net.minecraftforge.common.ForgeConfigSpec/CORE]: Incorrect key playerRaids.useClaimCenterAsDefensePoint was corrected from null to its default, true. 
[10Sep2026 03:20:35.689] [Test worker/DEBUG] [net.minecraftforge.common.ForgeConfigSpec/CORE]: The comment on key playerRaids.useClaimCenterAsDefensePoint does not match the spec. This may create a backup.
[10Sep2026 03:20:35.689] [Test worker/WARN] [net.minecraftforge.common.ForgeConfigSpec/CORE]: Incorrect key playerRaids.respectDefenderClaims was corrected from null to its default, true. 
[10Sep2026 03:20:35.689] [Test worker/DEBUG] [net.minecraftforge.common.ForgeConfigSpec/CORE]: The comment on key playerRaids.respectDefenderClaims does not match the spec. This may create a backup.
[10Sep2026 03:20:35.690] [Test worker/WARN] [net.minecraftforge.common.ForgeConfigSpec/CORE]: Incorrect key playerRaids.respectForeignClaims was corrected from null to its default, true. 
[10Sep2026 03:20:35.690] [Test worker/DEBUG] [net.minecraftforge.common.ForgeConfigSpec/CORE]: The comment on key playerRaids.respectForeignClaims does not match the spec. This may create a backup.
[10Sep2026 03:20:35.690] [Test worker/WARN] [net.minecraftforge.common.ForgeConfigSpec/CORE]: Incorrect key playerRaids.raiderHealthMultiplier was corrected from null to its default, 1.0. 
[10Sep2026 03:20:35.692] [Test worker/DEBUG] [net.minecraftforge.common.ForgeConfigSpec/CORE]: The comment on key playerRaids.raiderHealthMultiplier does not match the spec. This may create a backup.
[10Sep2026 03:20:35.692] [Test worker/WARN] [net.minecraftforge.common.ForgeConfigSpec/CORE]: Incorrect key playerRaids.raiderDamageMultiplier was corrected from null to its default, 1.0. 
[10Sep2026 03:20:35.693] [Test worker/DEBUG] [net.minecraftforge.common.ForgeConfigSpec/CORE]: The comment on key playerRaids.raiderDamageMultiplier does not match the spec. This may create a backup.
[10Sep2026 03:20:35.693] [Test worker/WARN] [net.minecraftforge.common.ForgeConfigSpec/CORE]: Incorrect key playerRaids.raiderXpMultiplier was corrected from null to its default, 1.0. 
[10Sep2026 03:20:35.694] [Test worker/DEBUG] [net.minecraftforge.common.ForgeConfigSpec/CORE]: The comment on key playerRaids.raiderXpMultiplier does not match the spec. This may create a backup.
[10Sep2026 03:20:35.694] [Test worker/DEBUG] [net.minecraftforge.common.ForgeConfigSpec/CORE]: List on key civilianMobAllowlist is deemed to need correction, as it is null or not a list.
[10Sep2026 03:20:35.695] [Test worker/WARN] [net.minecraftforge.common.ForgeConfigSpec/CORE]: Incorrect key playerRaids.civilianMobAllowlist was corrected from null to its default, [mca:male_villager, mca:female_villager]. 
[10Sep2026 03:20:35.696] [Test worker/DEBUG] [net.minecraftforge.common.ForgeConfigSpec/CORE]: The comment on key playerRaids.civilianMobAllowlist does not match the spec. This may create a backup.
[10Sep2026 03:20:35.697] [Test worker/WARN] [net.minecraftforge.common.ForgeConfigSpec/CORE]: Incorrect key playerRaids.bridgeSiegesEnabled was corrected from null to its default, true. 
[10Sep2026 03:20:35.697] [Test worker/DEBUG] [net.minecraftforge.common.ForgeConfigSpec/CORE]: The comment on key playerRaids.bridgeSiegesEnabled does not match the spec. This may create a backup.
[10Sep2026 03:20:35.697] [Test worker/WARN] [net.minecraftforge.common.ForgeConfigSpec/CORE]: Incorrect key playerRaids.raiderLabelMode was corrected from null to its default, PROXIMITY. 
[10Sep2026 03:20:35.697] [Test worker/DEBUG] [net.minecraftforge.common.ForgeConfigSpec/CORE]: The comment on key playerRaids.raiderLabelMode does not match the spec. This may create a backup.
[10Sep2026 03:20:35.697] [Test worker/WARN] [net.minecraftforge.common.ForgeConfigSpec/CORE]: Incorrect key playerRaids.raiderLabelRadius was corrected from null to its default, 24. 
[10Sep2026 03:20:35.698] [Test worker/DEBUG] [net.minecraftforge.common.ForgeConfigSpec/CORE]: The comment on key playerRaids.raiderLabelRadius does not match the spec. This may create a backup.
[10Sep2026 03:20:35.698] [Test worker/WARN] [net.minecraftforge.common.ForgeConfigSpec/CORE]: Incorrect key playerRaids.raiderGlow was corrected from null to its default, true. 
[10Sep2026 03:20:35.699] [Test worker/DEBUG] [net.minecraftforge.common.ForgeConfigSpec/CORE]: The comment on key playerRaids.raiderGlow does not match the spec. This may create a backup.
[10Sep2026 03:20:35.699] [Test worker/WARN] [net.minecraftforge.common.ForgeConfigSpec/CORE]: Incorrect key playerRaids.commanderBossbarEnabled was corrected from null to its default, true. 
[10Sep2026 03:20:35.700] [Test worker/DEBUG] [net.minecraftforge.common.ForgeConfigSpec/CORE]: The comment on key playerRaids.commanderBossbarEnabled does not match the spec. This may create a backup.
[10Sep2026 03:20:35.700] [Test worker/WARN] [net.minecraftforge.common.ForgeConfigSpec/CORE]: Incorrect key playerRaids.commanderBossbarRadius was corrected from null to its default, 24. 
[10Sep2026 03:20:35.700] [Test worker/DEBUG] [net.minecraftforge.common.ForgeConfigSpec/CORE]: The comment on key playerRaids.commanderBossbarRadius does not match the spec. This may create a backup.
[10Sep2026 03:20:35.701] [Test worker/WARN] [net.minecraftforge.common.ForgeConfigSpec/CORE]: Incorrect key playerRaids.claimWaypointsEnabled was corrected from null to its default, true. 
[10Sep2026 03:20:35.701] [Test worker/DEBUG] [net.minecraftforge.common.ForgeConfigSpec/CORE]: The comment on key playerRaids.claimWaypointsEnabled does not match the spec. This may create a backup.
[10Sep2026 03:20:35.703] [Test worker/WARN] [net.minecraftforge.common.ForgeConfigSpec/CORE]: Incorrect key playerRaids.claimWaypointsNearRadius was corrected from null to its default, 48. 
[10Sep2026 03:20:35.703] [Test worker/DEBUG] [net.minecraftforge.common.ForgeConfigSpec/CORE]: The comment on key playerRaids.claimWaypointsNearRadius does not match the spec. This may create a backup.
[10Sep2026 03:20:35.703] [Test worker/WARN] [net.minecraftforge.common.ForgeConfigSpec/CORE]: Incorrect key playerRaids.claimWaypointsSamplePitch was corrected from null to its default, 4. 
[10Sep2026 03:20:35.703] [Test worker/DEBUG] [net.minecraftforge.common.ForgeConfigSpec/CORE]: The comment on key playerRaids.claimWaypointsSamplePitch does not match the spec. This may create a backup.
[10Sep2026 03:20:35.704] [Test worker/WARN] [net.minecraftforge.common.ForgeConfigSpec/CORE]: Incorrect key playerRaids.hudEnabled was corrected from null to its default, true. 
[10Sep2026 03:20:35.704] [Test worker/DEBUG] [net.minecraftforge.common.ForgeConfigSpec/CORE]: The comment on key playerRaids.hudEnabled does not match the spec. This may create a backup.
[10Sep2026 03:20:35.704] [Test worker/WARN] [net.minecraftforge.common.ForgeConfigSpec/CORE]: Incorrect key playerRaids.objectiveBeacon was corrected from null to its default, true. 
[10Sep2026 03:20:35.704] [Test worker/DEBUG] [net.minecraftforge.common.ForgeConfigSpec/CORE]: The comment on key playerRaids.objectiveBeacon does not match the spec. This may create a backup.
[10Sep2026 03:20:35.704] [Test worker/WARN] [net.minecraftforge.common.ForgeConfigSpec/CORE]: Incorrect key playerRaids.physicalBreaching was corrected from null to its default, true. 
[10Sep2026 03:20:35.704] [Test worker/DEBUG] [net.minecraftforge.common.ForgeConfigSpec/CORE]: The comment on key playerRaids.physicalBreaching does not match the spec. This may create a backup.
[10Sep2026 03:20:35.705] [Test worker/WARN] [net.minecraftforge.common.ForgeConfigSpec/CORE]: Incorrect key playerRaids.abandonDefeatMinutes was corrected from null to its default, 0. 
[10Sep2026 03:20:35.705] [Test worker/DEBUG] [net.minecraftforge.common.ForgeConfigSpec/CORE]: The comment on key playerRaids.abandonDefeatMinutes does not match the spec. This may create a backup.
[10Sep2026 03:20:35.705] [Test worker/WARN] [net.minecraftforge.common.ForgeConfigSpec/CORE]: Incorrect key playerRaids.missingEntityGraceSeconds was corrected from null to its default, 600. 
[10Sep2026 03:20:35.707] [Test worker/DEBUG] [net.minecraftforge.common.ForgeConfigSpec/CORE]: The comment on key playerRaids.missingEntityGraceSeconds does not match the spec. This may create a backup.
[10Sep2026 03:20:35.707] [Test worker/WARN] [net.minecraftforge.common.ForgeConfigSpec/CORE]: Incorrect key playerRaids.spawnRetrySeconds was corrected from null to its default, 20. 
[10Sep2026 03:20:35.707] [Test worker/DEBUG] [net.minecraftforge.common.ForgeConfigSpec/CORE]: The comment on key playerRaids.spawnRetrySeconds does not match the spec. This may create a backup.
[10Sep2026 03:20:35.707] [Test worker/WARN] [net.minecraftforge.common.ForgeConfigSpec/CORE]: Incorrect key playerRaids.minimumTpsToSpawn was corrected from null to its default, 15.0. 
[10Sep2026 03:20:35.708] [Test worker/DEBUG] [net.minecraftforge.common.ForgeConfigSpec/CORE]: The comment on key playerRaids.minimumTpsToSpawn does not match the spec. This may create a backup.
[10Sep2026 03:20:35.708] [Test worker/WARN] [net.minecraftforge.common.ForgeConfigSpec/CORE]: Incorrect key playerRaids.pauseSpawningBelowTps was corrected from null to its default, false. 
[10Sep2026 03:20:35.708] [Test worker/DEBUG] [net.minecraftforge.common.ForgeConfigSpec/CORE]: The comment on key playerRaids.pauseSpawningBelowTps does not match the spec. This may create a backup.
[10Sep2026 03:20:35.708] [Test worker/WARN] [net.minecraftforge.common.ForgeConfigSpec/CORE]: Incorrect key playerRaids.minimumTpsSustainedTicks was corrected from null to its default, 5. 
[10Sep2026 03:20:35.708] [Test worker/DEBUG] [net.minecraftforge.common.ForgeConfigSpec/CORE]: The comment on key playerRaids.minimumTpsSustainedTicks does not match the spec. This may create a backup.
[10Sep2026 03:20:35.709] [Test worker/WARN] [net.minecraftforge.common.ForgeConfigSpec/CORE]: Incorrect key playerRaids.pauseWhenFactionOffline was corrected from null to its default, true. 
[10Sep2026 03:20:35.710] [Test worker/DEBUG] [net.minecraftforge.common.ForgeConfigSpec/CORE]: The comment on key playerRaids.pauseWhenFactionOffline does not match the spec. This may create a backup.
[10Sep2026 03:20:35.710] [Test worker/WARN] [net.minecraftforge.common.ForgeConfigSpec/CORE]: Incorrect key playerRaids.ownerOnlyManagement was corrected from null to its default, true. 
[10Sep2026 03:20:35.710] [Test worker/DEBUG] [net.minecraftforge.common.ForgeConfigSpec/CORE]: The comment on key playerRaids.ownerOnlyManagement does not match the spec. This may create a backup.
[10Sep2026 03:20:35.710] [Test worker/WARN] [net.minecraftforge.common.ForgeConfigSpec/CORE]: Incorrect key playerRaids.glowFinalEnemies was corrected from null to its default, true. 
[10Sep2026 03:20:35.711] [Test worker/DEBUG] [net.minecraftforge.common.ForgeConfigSpec/CORE]: The comment on key playerRaids.glowFinalEnemies does not match the spec. This may create a backup.
[10Sep2026 03:20:35.711] [Test worker/WARN] [net.minecraftforge.common.ForgeConfigSpec/CORE]: Incorrect key playerRaids.victoryExperiencePerPlayer was corrected from null to its default, 250. 
[10Sep2026 03:20:35.711] [Test worker/DEBUG] [net.minecraftforge.common.ForgeConfigSpec/CORE]: The comment on key playerRaids.victoryExperiencePerPlayer does not match the spec. This may create a backup.
[10Sep2026 03:20:35.711] [Test worker/WARN] [net.minecraftforge.common.ForgeConfigSpec/CORE]: Incorrect key playerRaids.victoryLootEnabled was corrected from null to its default, true. 
[10Sep2026 03:20:35.712] [Test worker/DEBUG] [net.minecraftforge.common.ForgeConfigSpec/CORE]: The comment on key playerRaids.victoryLootEnabled does not match the spec. This may create a backup.
[10Sep2026 03:20:35.712] [Test worker/WARN] [net.minecraftforge.common.ForgeConfigSpec/CORE]: Incorrect key playerRaids.victoryLootTable was corrected from null to its default, siegeoverhaul:gameplay/invasion_victory. 
[10Sep2026 03:20:35.713] [Test worker/DEBUG] [net.minecraftforge.common.ForgeConfigSpec/CORE]: The comment on key playerRaids.victoryLootTable does not match the spec. This may create a backup.
[10Sep2026 03:20:35.713] [Test worker/WARN] [net.minecraftforge.common.ForgeConfigSpec/CORE]: Incorrect key playerRaids.maximumRosterMembers was corrected from null to its default, 16. 
[10Sep2026 03:20:35.714] [Test worker/DEBUG] [net.minecraftforge.common.ForgeConfigSpec/CORE]: The comment on key playerRaids.maximumRosterMembers does not match the spec. This may create a backup.
[10Sep2026 03:20:35.714] [Test worker/WARN] [net.minecraftforge.common.ForgeConfigSpec/CORE]: Incorrect key playerRaids.maximumDefensePoints was corrected from null to its default, 4. 
[10Sep2026 03:20:35.714] [Test worker/DEBUG] [net.minecraftforge.common.ForgeConfigSpec/CORE]: The comment on key playerRaids.maximumDefensePoints does not match the spec. This may create a backup.
[10Sep2026 03:20:35.714] [Test worker/WARN] [net.minecraftforge.common.ForgeConfigSpec/CORE]: Incorrect key playerRaids.enableIllusioners was corrected from null to its default, true. 
[10Sep2026 03:20:35.714] [Test worker/DEBUG] [net.minecraftforge.common.ForgeConfigSpec/CORE]: The comment on key playerRaids.enableIllusioners does not match the spec. This may create a backup.
[10Sep2026 03:20:35.715] [Test worker/WARN] [net.minecraftforge.common.ForgeConfigSpec/CORE]: Incorrect key playerRaids.protectVillagers was corrected from null to its default, true. 
[10Sep2026 03:20:35.715] [Test worker/DEBUG] [net.minecraftforge.common.ForgeConfigSpec/CORE]: The comment on key playerRaids.protectVillagers does not match the spec. This may create a backup.
[10Sep2026 03:20:35.716] [Test worker/WARN] [net.minecraftforge.common.ForgeConfigSpec/CORE]: Incorrect key playerRaids.announceGlobally was corrected from null to its default, false. 
[10Sep2026 03:20:35.716] [Test worker/DEBUG] [net.minecraftforge.common.ForgeConfigSpec/CORE]: The comment on key playerRaids.announceGlobally does not match the spec. This may create a backup.
[10Sep2026 03:20:35.716] [Test worker/WARN] [net.minecraftforge.common.ForgeConfigSpec/CORE]: Incorrect key playerRaids.requirePlayerNearAnchor was corrected from null to its default, true. 
[10Sep2026 03:20:35.718] [Test worker/DEBUG] [net.minecraftforge.common.ForgeConfigSpec/CORE]: The comment on key playerRaids.requirePlayerNearAnchor does not match the spec. This may create a backup.
[10Sep2026 03:20:35.718] [Test worker/WARN] [net.minecraftforge.common.ForgeConfigSpec/CORE]: Incorrect key playerRaids.automaticPlayerHomes was corrected from null to its default, true. 
[10Sep2026 03:20:35.718] [Test worker/DEBUG] [net.minecraftforge.common.ForgeConfigSpec/CORE]: The comment on key playerRaids.automaticPlayerHomes does not match the spec. This may create a backup.
[10Sep2026 03:20:35.718] [Test worker/WARN] [net.minecraftforge.common.ForgeConfigSpec/CORE]: Incorrect key playerRaids.followRespawnPoint was corrected from null to its default, true. 
[10Sep2026 03:20:35.718] [Test worker/DEBUG] [net.minecraftforge.common.ForgeConfigSpec/CORE]: The comment on key playerRaids.followRespawnPoint does not match the spec. This may create a backup.
[10Sep2026 03:20:35.718] [Test worker/WARN] [net.minecraftforge.common.ForgeConfigSpec/CORE]: Incorrect key playerRaids.mobilizeRecruits was corrected from null to its default, true. 
[10Sep2026 03:20:35.719] [Test worker/DEBUG] [net.minecraftforge.common.ForgeConfigSpec/CORE]: The comment on key playerRaids.mobilizeRecruits does not match the spec. This may create a backup.
[10Sep2026 03:20:35.719] [Test worker/WARN] [net.minecraftforge.common.ForgeConfigSpec/CORE]: Incorrect key playerRaids.recruitMobilizationRadius was corrected from null to its default, 128. 
[10Sep2026 03:20:35.719] [Test worker/DEBUG] [net.minecraftforge.common.ForgeConfigSpec/CORE]: The comment on key playerRaids.recruitMobilizationRadius does not match the spec. This may create a backup.
[10Sep2026 03:20:35.719] [Test worker/WARN] [net.minecraftforge.common.ForgeConfigSpec/CORE]: Incorrect key playerRaids.coreCaptureRadius was corrected from null to its default, 10. 
[10Sep2026 03:20:35.720] [Test worker/DEBUG] [net.minecraftforge.common.ForgeConfigSpec/CORE]: The comment on key playerRaids.coreCaptureRadius does not match the spec. This may create a backup.
[10Sep2026 03:20:35.720] [Test worker/WARN] [net.minecraftforge.common.ForgeConfigSpec/CORE]: Incorrect key playerRaids.coreRecaptureSeconds was corrected from null to its default, 120. 
[10Sep2026 03:20:35.721] [Test worker/DEBUG] [net.minecraftforge.common.ForgeConfigSpec/CORE]: The comment on key playerRaids.coreRecaptureSeconds does not match the spec. This may create a backup.
[10Sep2026 03:20:35.721] [Test worker/WARN] [net.minecraftforge.common.ForgeConfigSpec/CORE]: Incorrect key playerRaids.captureRadius was corrected from null to its default, 18. 
[10Sep2026 03:20:35.722] [Test worker/DEBUG] [net.minecraftforge.common.ForgeConfigSpec/CORE]: The comment on key playerRaids.captureRadius does not match the spec. This may create a backup.
[10Sep2026 03:20:35.722] [Test worker/WARN] [net.minecraftforge.common.ForgeConfigSpec/CORE]: Incorrect key playerRaids.captureTimeSeconds was corrected from null to its default, 120. 
[10Sep2026 03:20:35.723] [Test worker/DEBUG] [net.minecraftforge.common.ForgeConfigSpec/CORE]: The comment on key playerRaids.captureTimeSeconds does not match the spec. This may create a backup.
[10Sep2026 03:20:35.723] [Test worker/WARN] [net.minecraftforge.common.ForgeConfigSpec/CORE]: Incorrect key playerRaids.enableStragglerRescue was corrected from null to its default, true. 
[10Sep2026 03:20:35.724] [Test worker/DEBUG] [net.minecraftforge.common.ForgeConfigSpec/CORE]: The comment on key playerRaids.enableStragglerRescue does not match the spec. This may create a backup.
[10Sep2026 03:20:35.724] [Test worker/WARN] [net.minecraftforge.common.ForgeConfigSpec/CORE]: Incorrect key playerRaids.enableEffortBonus was corrected from null to its default, true. 
[10Sep2026 03:20:35.724] [Test worker/DEBUG] [net.minecraftforge.common.ForgeConfigSpec/CORE]: The comment on key playerRaids.enableEffortBonus does not match the spec. This may create a backup.
[10Sep2026 03:20:35.724] [Test worker/WARN] [net.minecraftforge.common.ForgeConfigSpec/CORE]: Incorrect key playerRaids.effortKillBonusSeconds was corrected from null to its default, 5. 
[10Sep2026 03:20:35.724] [Test worker/DEBUG] [net.minecraftforge.common.ForgeConfigSpec/CORE]: The comment on key playerRaids.effortKillBonusSeconds does not match the spec. This may create a backup.
[10Sep2026 03:20:35.724] [Test worker/WARN] [net.minecraftforge.common.ForgeConfigSpec/CORE]: Incorrect key playerRaids.effortBreachBonusSeconds was corrected from null to its default, 2. 
[10Sep2026 03:20:35.724] [Test worker/DEBUG] [net.minecraftforge.common.ForgeConfigSpec/CORE]: The comment on key playerRaids.effortBreachBonusSeconds does not match the spec. This may create a backup.
[10Sep2026 03:20:35.724] [Test worker/WARN] [net.minecraftforge.common.ForgeConfigSpec/CORE]: Incorrect key playerRaids.effortMaxBonusSeconds was corrected from null to its default, 30. 
[10Sep2026 03:20:35.727] [Test worker/DEBUG] [net.minecraftforge.common.ForgeConfigSpec/CORE]: The comment on key playerRaids.effortMaxBonusSeconds does not match the spec. This may create a backup.
[10Sep2026 03:20:35.727] [Test worker/WARN] [net.minecraftforge.common.ForgeConfigSpec/CORE]: Incorrect key playerRaids.captureDecayPerSecond was corrected from null to its default, 2. 
[10Sep2026 03:20:35.727] [Test worker/DEBUG] [net.minecraftforge.common.ForgeConfigSpec/CORE]: The comment on key playerRaids.captureDecayPerSecond does not match the spec. This may create a backup.
[10Sep2026 03:20:35.727] [Test worker/WARN] [net.minecraftforge.common.ForgeConfigSpec/CORE]: Incorrect key playerRaids.enableBreachPhase was corrected from null to its default, true. 
[10Sep2026 03:20:35.728] [Test worker/DEBUG] [net.minecraftforge.common.ForgeConfigSpec/CORE]: The comment on key playerRaids.enableBreachPhase does not match the spec. This may create a backup.
[10Sep2026 03:20:35.728] [Test worker/WARN] [net.minecraftforge.common.ForgeConfigSpec/CORE]: Incorrect key playerRaids.breachRadius was corrected from null to its default, 36. 
[10Sep2026 03:20:35.728] [Test worker/DEBUG] [net.minecraftforge.common.ForgeConfigSpec/CORE]: The comment on key playerRaids.breachRadius does not match the spec. This may create a backup.
[10Sep2026 03:20:35.728] [Test worker/WARN] [net.minecraftforge.common.ForgeConfigSpec/CORE]: Incorrect key playerRaids.breachTimeSeconds was corrected from null to its default, 45. 
[10Sep2026 03:20:35.728] [Test worker/DEBUG] [net.minecraftforge.common.ForgeConfigSpec/CORE]: The comment on key playerRaids.breachTimeSeconds does not match the spec. This may create a backup.
[10Sep2026 03:20:35.729] [Test worker/WARN] [net.minecraftforge.common.ForgeConfigSpec/CORE]: Incorrect key playerRaids.breachDecayPerSecond was corrected from null to its default, 2. 
[10Sep2026 03:20:35.729] [Test worker/DEBUG] [net.minecraftforge.common.ForgeConfigSpec/CORE]: The comment on key playerRaids.breachDecayPerSecond does not match the spec. This may create a backup.
[10Sep2026 03:20:35.729] [Test worker/WARN] [net.minecraftforge.common.ForgeConfigSpec/CORE]: Incorrect key playerRaids.breachObjectiveRadius was corrected from null to its default, 10. 
[10Sep2026 03:20:35.729] [Test worker/DEBUG] [net.minecraftforge.common.ForgeConfigSpec/CORE]: The comment on key playerRaids.breachObjectiveRadius does not match the spec. This may create a backup.
[10Sep2026 03:20:35.729] [Test worker/WARN] [net.minecraftforge.common.ForgeConfigSpec/CORE]: Incorrect key playerRaids.useVillagerRecruitsArmy was corrected from null to its default, true. 
[10Sep2026 03:20:35.731] [Test worker/DEBUG] [net.minecraftforge.common.ForgeConfigSpec/CORE]: The comment on key playerRaids.useVillagerRecruitsArmy does not match the spec. This may create a backup.
[10Sep2026 03:20:35.731] [Test worker/WARN] [net.minecraftforge.common.ForgeConfigSpec/CORE]: Incorrect key playerRaids.levelCampTerrain was corrected from null to its default, true. 
[10Sep2026 03:20:35.732] [Test worker/DEBUG] [net.minecraftforge.common.ForgeConfigSpec/CORE]: The comment on key playerRaids.levelCampTerrain does not match the spec. This may create a backup.
[10Sep2026 03:20:35.732] [Test worker/WARN] [net.minecraftforge.common.ForgeConfigSpec/CORE]: Incorrect key playerRaids.buildTemporaryWarCamps was corrected from null to its default, true. 
[10Sep2026 03:20:35.732] [Test worker/DEBUG] [net.minecraftforge.common.ForgeConfigSpec/CORE]: The comment on key playerRaids.buildTemporaryWarCamps does not match the spec. This may create a backup.
[10Sep2026 03:20:35.732] [Test worker/WARN] [net.minecraftforge.common.ForgeConfigSpec/CORE]: Incorrect key playerRaids.campDestructibleStructures was corrected from null to its default, true. 
[10Sep2026 03:20:35.733] [Test worker/DEBUG] [net.minecraftforge.common.ForgeConfigSpec/CORE]: The comment on key playerRaids.campDestructibleStructures does not match the spec. This may create a backup.
[10Sep2026 03:20:35.733] [Test worker/WARN] [net.minecraftforge.common.ForgeConfigSpec/CORE]: Incorrect key playerRaids.campBonusLootEmeralds was corrected from null to its default, 3. 
[10Sep2026 03:20:35.736] [Test worker/DEBUG] [net.minecraftforge.common.ForgeConfigSpec/CORE]: The comment on key playerRaids.campBonusLootEmeralds does not match the spec. This may create a backup.
[10Sep2026 03:20:35.736] [Test worker/WARN] [net.minecraftforge.common.ForgeConfigSpec/CORE]: Incorrect key playerRaids.cleanupTemporaryWarCamps was corrected from null to its default, true. 
[10Sep2026 03:20:35.736] [Test worker/DEBUG] [net.minecraftforge.common.ForgeConfigSpec/CORE]: The comment on key playerRaids.cleanupTemporaryWarCamps does not match the spec. This may create a backup.
[10Sep2026 03:20:35.736] [Test worker/WARN] [net.minecraftforge.common.ForgeConfigSpec/CORE]: Incorrect key playerRaids.enableAmphibiousRaids was corrected from null to its default, true. 
[10Sep2026 03:20:35.737] [Test worker/DEBUG] [net.minecraftforge.common.ForgeConfigSpec/CORE]: The comment on key playerRaids.enableAmphibiousRaids does not match the spec. This may create a backup.
[10Sep2026 03:20:35.737] [Test worker/WARN] [net.minecraftforge.common.ForgeConfigSpec/CORE]: Incorrect key playerRaids.navalStagingSearchRadius was corrected from null to its default, 64. 
[10Sep2026 03:20:35.737] [Test worker/DEBUG] [net.minecraftforge.common.ForgeConfigSpec/CORE]: The comment on key playerRaids.navalStagingSearchRadius does not match the spec. This may create a backup.
[10Sep2026 03:20:35.737] [Test worker/WARN] [net.minecraftforge.common.ForgeConfigSpec/CORE]: Incorrect key playerRaids.navalMinimumWaterBody was corrected from null to its default, 80. 
[10Sep2026 03:20:35.738] [Test worker/DEBUG] [net.minecraftforge.common.ForgeConfigSpec/CORE]: The comment on key playerRaids.navalMinimumWaterBody does not match the spec. This may create a backup.
[10Sep2026 03:20:35.738] [Test worker/WARN] [net.minecraftforge.common.ForgeConfigSpec/CORE]: Incorrect key playerRaids.navalWaveSharePercent was corrected from null to its default, 40. 
[10Sep2026 03:20:35.738] [Test worker/DEBUG] [net.minecraftforge.common.ForgeConfigSpec/CORE]: The comment on key playerRaids.navalWaveSharePercent does not match the spec. This may create a backup.
[10Sep2026 03:20:35.738] [Test worker/WARN] [net.minecraftforge.common.ForgeConfigSpec/CORE]: Incorrect key playerRaids.navalBoatSpeed was corrected from null to its default, 10. 
[10Sep2026 03:20:35.738] [Test worker/DEBUG] [net.minecraftforge.common.ForgeConfigSpec/CORE]: The comment on key playerRaids.navalBoatSpeed does not match the spec. This may create a backup.
[10Sep2026 03:20:35.738] [Test worker/WARN] [net.minecraftforge.common.ForgeConfigSpec/CORE]: Incorrect key playerRaids.enableBridgeBuilding was corrected from null to its default, true. 
[10Sep2026 03:20:35.739] [Test worker/DEBUG] [net.minecraftforge.common.ForgeConfigSpec/CORE]: The comment on key playerRaids.enableBridgeBuilding does not match the spec. This may create a backup.
[10Sep2026 03:20:35.739] [Test worker/WARN] [net.minecraftforge.common.ForgeConfigSpec/CORE]: Incorrect key playerRaids.maxBridgeSpan was corrected from null to its default, 8. 
[10Sep2026 03:20:35.741] [Test worker/DEBUG] [net.minecraftforge.common.ForgeConfigSpec/CORE]: The comment on key playerRaids.maxBridgeSpan does not match the spec. This may create a backup.
[10Sep2026 03:20:35.742] [Test worker/WARN] [net.minecraftforge.common.ForgeConfigSpec/CORE]: Incorrect key playerRaids.maxBridgesPerRaid was corrected from null to its default, 4. 
[10Sep2026 03:20:35.742] [Test worker/DEBUG] [net.minecraftforge.common.ForgeConfigSpec/CORE]: The comment on key playerRaids.maxBridgesPerRaid does not match the spec. This may create a backup.
[10Sep2026 03:20:35.742] [Test worker/WARN] [net.minecraftforge.common.ForgeConfigSpec/CORE]: Incorrect key playerRaids.enableSiegeEngines was corrected from null to its default, true. 
[10Sep2026 03:20:35.742] [Test worker/DEBUG] [net.minecraftforge.common.ForgeConfigSpec/CORE]: The comment on key playerRaids.enableSiegeEngines does not match the spec. This may create a backup.
[10Sep2026 03:20:35.742] [Test worker/DEBUG] [net.minecraftforge.common.ForgeConfigSpec/CORE]: List on key firstWaveEngines is deemed to need correction, as it is null or not a list.
[10Sep2026 03:20:35.742] [Test worker/WARN] [net.minecraftforge.common.ForgeConfigSpec/CORE]: Incorrect key playerRaids.firstWaveEngines was corrected from null to its default, [BALLISTA]. 
[10Sep2026 03:20:35.743] [Test worker/DEBUG] [net.minecraftforge.common.ForgeConfigSpec/CORE]: The comment on key playerRaids.firstWaveEngines does not match the spec. This may create a backup.
[10Sep2026 03:20:35.743] [Test worker/WARN] [net.minecraftforge.common.ForgeConfigSpec/CORE]: Incorrect key playerRaids.laterWaveEngineChancePercent was corrected from null to its default, 30. 
[10Sep2026 03:20:35.743] [Test worker/DEBUG] [net.minecraftforge.common.ForgeConfigSpec/CORE]: The comment on key playerRaids.laterWaveEngineChancePercent does not match the spec. This may create a backup.
[10Sep2026 03:20:35.743] [Test worker/WARN] [net.minecraftforge.common.ForgeConfigSpec/CORE]: Incorrect key playerRaids.cleanupSurvivingEngines was corrected from null to its default, true. 
[10Sep2026 03:20:35.744] [Test worker/DEBUG] [net.minecraftforge.common.ForgeConfigSpec/CORE]: The comment on key playerRaids.cleanupSurvivingEngines does not match the spec. This may create a backup.
[10Sep2026 03:20:35.744] [Test worker/WARN] [net.minecraftforge.common.ForgeConfigSpec/CORE]: Incorrect key playerRaids.enableSapper was corrected from null to its default, true. 
[10Sep2026 03:20:35.748] [Test worker/DEBUG] [net.minecraftforge.common.ForgeConfigSpec/CORE]: The comment on key playerRaids.enableSapper does not match the spec. This may create a backup.
[10Sep2026 03:20:35.748] [Test worker/WARN] [net.minecraftforge.common.ForgeConfigSpec/CORE]: Incorrect key playerRaids.sapperMaxPerRaid was corrected from null to its default, 3. 
[10Sep2026 03:20:35.748] [Test worker/DEBUG] [net.minecraftforge.common.ForgeConfigSpec/CORE]: The comment on key playerRaids.sapperMaxPerRaid does not match the spec. This may create a backup.
[10Sep2026 03:20:35.748] [Test worker/WARN] [net.minecraftforge.common.ForgeConfigSpec/CORE]: Incorrect key playerRaids.sapperUseVanillaTnt was corrected from null to its default, false. 
[10Sep2026 03:20:35.748] [Test worker/DEBUG] [net.minecraftforge.common.ForgeConfigSpec/CORE]: The comment on key playerRaids.sapperUseVanillaTnt does not match the spec. This may create a backup.
[10Sep2026 03:20:35.749] [Test worker/WARN] [net.minecraftforge.common.ForgeConfigSpec/CORE]: Incorrect key playerRaids.preferSmallShips was corrected from null to its default, true. 
[10Sep2026 03:20:35.749] [Test worker/DEBUG] [net.minecraftforge.common.ForgeConfigSpec/CORE]: The comment on key playerRaids.preferSmallShips does not match the spec. This may create a backup.
[10Sep2026 03:20:35.749] [Test worker/WARN] [net.minecraftforge.common.ForgeConfigSpec/CORE]: Incorrect key playerRaids.smallShipsPreferLarge was corrected from null to its default, true. 
[10Sep2026 03:20:35.749] [Test worker/DEBUG] [net.minecraftforge.common.ForgeConfigSpec/CORE]: The comment on key playerRaids.smallShipsPreferLarge does not match the spec. This may create a backup.
[10Sep2026 03:20:35.749] [Test worker/WARN] [net.minecraftforge.common.ForgeConfigSpec/CORE]: Incorrect key playerRaids.shipCrewMax was corrected from null to its default, 6. 
[10Sep2026 03:20:35.749] [Test worker/DEBUG] [net.minecraftforge.common.ForgeConfigSpec/CORE]: The comment on key playerRaids.shipCrewMax does not match the spec. This may create a backup.
[10Sep2026 03:20:35.750] [Test worker/WARN] [net.minecraftforge.common.ForgeConfigSpec/CORE]: Incorrect key playerRaids.enableWorkersCampConstruction was corrected from null to its default, true. 
[10Sep2026 03:20:35.750] [Test worker/DEBUG] [net.minecraftforge.common.ForgeConfigSpec/CORE]: The comment on key playerRaids.enableWorkersCampConstruction does not match the spec. This may create a backup.
[10Sep2026 03:20:35.750] [Test worker/WARN] [net.minecraftforge.common.ForgeConfigSpec/CORE]: Incorrect key playerRaids.campBuilderMax was corrected from null to its default, 2. 
[10Sep2026 03:20:35.750] [Test worker/DEBUG] [net.minecraftforge.common.ForgeConfigSpec/CORE]: The comment on key playerRaids.campBuilderMax does not match the spec. This may create a backup.
[10Sep2026 03:20:35.750] [Test worker/WARN] [net.minecraftforge.common.ForgeConfigSpec/CORE]: Incorrect key playerRaids.campLumberjackMax was corrected from null to its default, 2. 
[10Sep2026 03:20:35.751] [Test worker/DEBUG] [net.minecraftforge.common.ForgeConfigSpec/CORE]: The comment on key playerRaids.campLumberjackMax does not match the spec. This may create a backup.
[10Sep2026 03:20:35.751] [Test worker/WARN] [net.minecraftforge.common.ForgeConfigSpec/CORE]: Incorrect key playerRaids.campMaxBuildSeconds was corrected from null to its default, 180. 
[10Sep2026 03:20:35.751] [Test worker/DEBUG] [net.minecraftforge.common.ForgeConfigSpec/CORE]: The comment on key playerRaids.campMaxBuildSeconds does not match the spec. This may create a backup.
[10Sep2026 03:20:35.751] [Test worker/WARN] [net.minecraftforge.common.ForgeConfigSpec/CORE]: Incorrect key playerRaids.enableRaiderNarrative was corrected from null to its default, true. 
[10Sep2026 03:20:35.751] [Test worker/DEBUG] [net.minecraftforge.common.ForgeConfigSpec/CORE]: The comment on key playerRaids.enableRaiderNarrative does not match the spec. This may create a backup.
[10Sep2026 03:20:35.752] [Test worker/DEBUG] [net.minecraftforge.common.ForgeConfigSpec/CORE]: List on key allowedRaiderFactions is deemed to need correction, as it is null or not a list.
[10Sep2026 03:20:35.752] [Test worker/WARN] [net.minecraftforge.common.ForgeConfigSpec/CORE]: Incorrect key playerRaids.allowedRaiderFactions was corrected from null to its default, []. 
[10Sep2026 03:20:35.753] [Test worker/DEBUG] [net.minecraftforge.common.ForgeConfigSpec/CORE]: The comment on key playerRaids.allowedRaiderFactions does not match the spec. This may create a backup.
[10Sep2026 03:20:35.753] [Test worker/DEBUG] [net.minecraftforge.common.ForgeConfigSpec/CORE]: List on key allowedCasusBelli is deemed to need correction, as it is null or not a list.
[10Sep2026 03:20:35.753] [Test worker/WARN] [net.minecraftforge.common.ForgeConfigSpec/CORE]: Incorrect key playerRaids.allowedCasusBelli was corrected from null to its default, []. 
[10Sep2026 03:20:35.754] [Test worker/DEBUG] [net.minecraftforge.common.ForgeConfigSpec/CORE]: The comment on key playerRaids.allowedCasusBelli does not match the spec. This may create a backup.
[10Sep2026 03:20:35.754] [Test worker/WARN] [net.minecraftforge.common.ForgeConfigSpec/CORE]: Incorrect key playerRaids.narrativeInBossBar was corrected from null to its default, true. 
[10Sep2026 03:20:35.754] [Test worker/DEBUG] [net.minecraftforge.common.ForgeConfigSpec/CORE]: The comment on key playerRaids.narrativeInBossBar does not match the spec. This may create a backup.
[10Sep2026 03:20:35.754] [Test worker/WARN] [net.minecraftforge.common.ForgeConfigSpec/CORE]: Incorrect key playerRaids.enableProgressiveWaveComposition was corrected from null to its default, true. 
[10Sep2026 03:20:35.755] [Test worker/DEBUG] [net.minecraftforge.common.ForgeConfigSpec/CORE]: The comment on key playerRaids.enableProgressiveWaveComposition does not match the spec. This may create a backup.
[10Sep2026 03:20:35.756] [Test worker/WARN] [net.minecraftforge.common.ForgeConfigSpec/CORE]: Incorrect key playerRaids.enableRaiderFormations was corrected from null to its default, true. 
[10Sep2026 03:20:35.756] [Test worker/DEBUG] [net.minecraftforge.common.ForgeConfigSpec/CORE]: The comment on key playerRaids.enableRaiderFormations does not match the spec. This may create a backup.
[10Sep2026 03:20:35.756] [Test worker/WARN] [net.minecraftforge.common.ForgeConfigSpec/CORE]: Incorrect key playerRaids.announceWaveFormation was corrected from null to its default, true. 
[10Sep2026 03:20:35.757] [Test worker/DEBUG] [net.minecraftforge.common.ForgeConfigSpec/CORE]: The comment on key playerRaids.announceWaveFormation does not match the spec. This may create a backup.
[10Sep2026 03:20:35.757] [Test worker/WARN] [net.minecraftforge.common.ForgeConfigSpec/CORE]: Incorrect key playerRaids.enableLadderBuilding was corrected from null to its default, true. 
[10Sep2026 03:20:35.758] [Test worker/DEBUG] [net.minecraftforge.common.ForgeConfigSpec/CORE]: The comment on key playerRaids.enableLadderBuilding does not match the spec. This may create a backup.
[10Sep2026 03:20:35.758] [Test worker/WARN] [net.minecraftforge.common.ForgeConfigSpec/CORE]: Incorrect key playerRaids.maxLaddersPerRaid was corrected from null to its default, 6. 
[10Sep2026 03:20:35.759] [Test worker/DEBUG] [net.minecraftforge.common.ForgeConfigSpec/CORE]: The comment on key playerRaids.maxLaddersPerRaid does not match the spec. This may create a backup.
[10Sep2026 03:20:35.759] [Test worker/WARN] [net.minecraftforge.common.ForgeConfigSpec/CORE]: Incorrect key playerRaids.spawnGuidebookOnJoin was corrected from null to its default, false. 
[10Sep2026 03:20:35.759] [Test worker/DEBUG] [net.minecraftforge.common.ForgeConfigSpec/CORE]: The comment on key playerRaids.spawnGuidebookOnJoin does not match the spec. This may create a backup.
[10Sep2026 03:20:35.759] [Test worker/WARN] [net.minecraftforge.common.ForgeConfigSpec/CORE]: Incorrect key playerRaids.enableRestorableGateBreaching was corrected from null to its default, true. 
[10Sep2026 03:20:35.759] [Test worker/DEBUG] [net.minecraftforge.common.ForgeConfigSpec/CORE]: The comment on key playerRaids.enableRestorableGateBreaching does not match the spec. This may create a backup.
[10Sep2026 03:20:35.760] [Test worker/WARN] [net.minecraftforge.common.ForgeConfigSpec/CORE]: Incorrect key playerRaids.woodenBreachSeconds was corrected from null to its default, 10. 
[10Sep2026 03:20:35.760] [Test worker/DEBUG] [net.minecraftforge.common.ForgeConfigSpec/CORE]: The comment on key playerRaids.woodenBreachSeconds does not match the spec. This may create a backup.
[10Sep2026 03:20:35.760] [Test worker/WARN] [net.minecraftforge.common.ForgeConfigSpec/CORE]: Incorrect key playerRaids.reinforcedBreachSeconds was corrected from null to its default, 24. 
[10Sep2026 03:20:35.761] [Test worker/DEBUG] [net.minecraftforge.common.ForgeConfigSpec/CORE]: The comment on key playerRaids.reinforcedBreachSeconds does not match the spec. This may create a backup.
[10Sep2026 03:20:35.761] [Test worker/WARN] [net.minecraftforge.common.ForgeConfigSpec/CORE]: Incorrect key playerRaids.maximumRestorableBlocks was corrected from null to its default, 64. 
[10Sep2026 03:20:35.761] [Test worker/DEBUG] [net.minecraftforge.common.ForgeConfigSpec/CORE]: The comment on key playerRaids.maximumRestorableBlocks does not match the spec. This may create a backup.
[10Sep2026 03:20:35.761] [Test worker/WARN] [net.minecraftforge.common.ForgeConfigSpec/CORE]: Incorrect key playerRaids.restoreBreachedBlocks was corrected from null to its default, true. 
[10Sep2026 03:20:35.762] [Test worker/DEBUG] [net.minecraftforge.common.ForgeConfigSpec/CORE]: The comment on key playerRaids.restoreBreachedBlocks does not match the spec. This may create a backup.
[10Sep2026 03:20:35.762] [Test worker/WARN] [net.minecraftforge.common.ForgeConfigSpec/CORE]: Incorrect key playerRaids.raiderAdvanceSpeed was corrected from null to its default, 1.05. 
[10Sep2026 03:20:35.762] [Test worker/DEBUG] [net.minecraftforge.common.ForgeConfigSpec/CORE]: The comment on key playerRaids.raiderAdvanceSpeed does not match the spec. This may create a backup.
[10Sep2026 03:20:35.762] [Test worker/WARN] [net.minecraftforge.common.ForgeConfigSpec/CORE]: Incorrect key playerRaids.allowWorldSpawnFallback was corrected from null to its default, false. 
[10Sep2026 03:20:35.763] [Test worker/DEBUG] [net.minecraftforge.common.ForgeConfigSpec/CORE]: The comment on key playerRaids.allowWorldSpawnFallback does not match the spec. This may create a backup.
[10Sep2026 03:20:35.763] [Test worker/WARN] [net.minecraftforge.common.ForgeConfigSpec/CORE]: Incorrect key playerRaids.stagedSquads was corrected from null to its default, true. 
[10Sep2026 03:20:35.763] [Test worker/DEBUG] [net.minecraftforge.common.ForgeConfigSpec/CORE]: The comment on key playerRaids.stagedSquads does not match the spec. This may create a backup.
[10Sep2026 03:20:35.763] [Test worker/WARN] [net.minecraftforge.common.ForgeConfigSpec/CORE]: Incorrect key playerRaids.squadSize was corrected from null to its default, 4. 
[10Sep2026 03:20:35.764] [Test worker/DEBUG] [net.minecraftforge.common.ForgeConfigSpec/CORE]: The comment on key playerRaids.squadSize does not match the spec. This may create a backup.
[10Sep2026 03:20:35.764] [Test worker/WARN] [net.minecraftforge.common.ForgeConfigSpec/CORE]: Incorrect key playerRaids.squadIntervalSeconds was corrected from null to its default, 6. 
[10Sep2026 03:20:35.765] [Test worker/DEBUG] [net.minecraftforge.common.ForgeConfigSpec/CORE]: The comment on key playerRaids.squadIntervalSeconds does not match the spec. This may create a backup.
[10Sep2026 03:20:35.765] [Test worker/WARN] [net.minecraftforge.common.ForgeConfigSpec/CORE]: Incorrect key playerRaids.recruitsPerExtraEnemy was corrected from null to its default, 3. 
[10Sep2026 03:20:35.766] [Test worker/DEBUG] [net.minecraftforge.common.ForgeConfigSpec/CORE]: The comment on key playerRaids.recruitsPerExtraEnemy does not match the spec. This may create a backup.
[10Sep2026 03:20:35.766] [Test worker/WARN] [net.minecraftforge.common.ForgeConfigSpec/CORE]: Incorrect key playerRaids.maximumRecruitScalingEnemies was corrected from null to its default, 8. 
[10Sep2026 03:20:35.767] [Test worker/DEBUG] [net.minecraftforge.common.ForgeConfigSpec/CORE]: The comment on key playerRaids.maximumRecruitScalingEnemies does not match the spec. This may create a backup.
[10Sep2026 03:20:35.767] [Test worker/WARN] [net.minecraftforge.common.ForgeConfigSpec/CORE]: Incorrect key playerRaids.enableCommander was corrected from null to its default, true. 
[10Sep2026 03:20:35.768] [Test worker/DEBUG] [net.minecraftforge.common.ForgeConfigSpec/CORE]: The comment on key playerRaids.enableCommander does not match the spec. This may create a backup.
[10Sep2026 03:20:35.768] [Test worker/WARN] [net.minecraftforge.common.ForgeConfigSpec/CORE]: Incorrect key playerRaids.commanderHealthMultiplier was corrected from null to its default, 2.0. 
[10Sep2026 03:20:35.769] [Test worker/DEBUG] [net.minecraftforge.common.ForgeConfigSpec/CORE]: The comment on key playerRaids.commanderHealthMultiplier does not match the spec. This may create a backup.
[10Sep2026 03:20:35.769] [Test worker/WARN] [net.minecraftforge.common.ForgeConfigSpec/CORE]: Incorrect key playerRaids.showRaidTitles was corrected from null to its default, true. 
[10Sep2026 03:20:35.769] [Test worker/DEBUG] [net.minecraftforge.common.ForgeConfigSpec/CORE]: The comment on key playerRaids.showRaidTitles does not match the spec. This may create a backup.
[10Sep2026 03:20:35.769] [Test worker/WARN] [net.minecraftforge.common.ForgeConfigSpec/CORE]: Incorrect key playerRaids.showActionBarUpdates was corrected from null to its default, true. 
[10Sep2026 03:20:35.770] [Test worker/DEBUG] [net.minecraftforge.common.ForgeConfigSpec/CORE]: The comment on key playerRaids.showActionBarUpdates does not match the spec. This may create a backup.
[10Sep2026 03:20:35.770] [Test worker/WARN] [net.minecraftforge.common.ForgeConfigSpec/CORE]: Incorrect key playerRaids.spawnArrivalEffects was corrected from null to its default, true. 
[10Sep2026 03:20:35.771] [Test worker/DEBUG] [net.minecraftforge.common.ForgeConfigSpec/CORE]: The comment on key playerRaids.spawnArrivalEffects does not match the spec. This may create a backup.
[10Sep2026 03:20:35.771] [Test worker/WARN] [net.minecraftforge.common.ForgeConfigSpec/CORE]: Incorrect key playerRaids.victoryEmeraldsBase was corrected from null to its default, 16. 
[10Sep2026 03:20:35.772] [Test worker/DEBUG] [net.minecraftforge.common.ForgeConfigSpec/CORE]: The comment on key playerRaids.victoryEmeraldsBase does not match the spec. This may create a backup.
[10Sep2026 03:20:35.772] [Test worker/WARN] [net.minecraftforge.common.ForgeConfigSpec/CORE]: Incorrect key playerRaids.victoryEmeraldsPerWave was corrected from null to its default, 4. 
[10Sep2026 03:20:35.772] [Test worker/DEBUG] [net.minecraftforge.common.ForgeConfigSpec/CORE]: The comment on key playerRaids.victoryEmeraldsPerWave does not match the spec. This may create a backup.
[10Sep2026 03:20:35.772] [Test worker/WARN] [net.minecraftforge.common.ForgeConfigSpec/CORE]: Incorrect key playerRaids.commanderEmeraldBonus was corrected from null to its default, 12. 
[10Sep2026 03:20:35.772] [Test worker/DEBUG] [net.minecraftforge.common.ForgeConfigSpec/CORE]: The comment on key playerRaids.commanderEmeraldBonus does not match the spec. This may create a backup.
[10Sep2026 03:20:35.772] [Test worker/WARN] [net.minecraftforge.common.ForgeConfigSpec/CORE]: Incorrect key playerRaids.manualRaidsGrantRewards was corrected from null to its default, false. 
[10Sep2026 03:20:35.773] [Test worker/DEBUG] [net.minecraftforge.common.ForgeConfigSpec/CORE]: The comment on key playerRaids.manualRaidsGrantRewards does not match the spec. This may create a backup.
[10Sep2026 03:20:35.773] [Test worker/DEBUG] [net.minecraftforge.common.ForgeConfigSpec/CORE]: The comment on key playerRaids does not match the spec. This may create a backup.
[10Sep2026 03:20:35.773] [Test worker/WARN] [net.minecraftforge.common.ForgeConfigSpec/CORE]: Incorrect key compatibility was corrected from null to its default, SimpleCommentedConfig:{}. 
[10Sep2026 03:20:35.773] [Test worker/WARN] [net.minecraftforge.common.ForgeConfigSpec/CORE]: Incorrect key compatibility.enableVillagerWorkers was corrected from null to its default, true. 
[10Sep2026 03:20:35.774] [Test worker/DEBUG] [net.minecraftforge.common.ForgeConfigSpec/CORE]: The comment on key compatibility.enableVillagerWorkers does not match the spec. This may create a backup.
[10Sep2026 03:20:35.774] [Test worker/WARN] [net.minecraftforge.common.ForgeConfigSpec/CORE]: Incorrect key compatibility.protectVillagerWorkers was corrected from null to its default, true. 
[10Sep2026 03:20:35.776] [Test worker/DEBUG] [net.minecraftforge.common.ForgeConfigSpec/CORE]: The comment on key compatibility.protectVillagerWorkers does not match the spec. This may create a backup.
[10Sep2026 03:20:35.776] [Test worker/WARN] [net.minecraftforge.common.ForgeConfigSpec/CORE]: Incorrect key compatibility.enableSmallShips was corrected from null to its default, true. 
[10Sep2026 03:20:35.776] [Test worker/DEBUG] [net.minecraftforge.common.ForgeConfigSpec/CORE]: The comment on key compatibility.enableSmallShips does not match the spec. This may create a backup.
[10Sep2026 03:20:35.776] [Test worker/WARN] [net.minecraftforge.common.ForgeConfigSpec/CORE]: Incorrect key compatibility.enableSiegeWeapons was corrected from null to its default, true. 
[10Sep2026 03:20:35.777] [Test worker/DEBUG] [net.minecraftforge.common.ForgeConfigSpec/CORE]: The comment on key compatibility.enableSiegeWeapons does not match the spec. This may create a backup.
[10Sep2026 03:20:35.777] [Test worker/WARN] [net.minecraftforge.common.ForgeConfigSpec/CORE]: Incorrect key compatibility.assetDetectionRadius was corrected from null to its default, 128. 
[10Sep2026 03:20:35.777] [Test worker/DEBUG] [net.minecraftforge.common.ForgeConfigSpec/CORE]: The comment on key compatibility.assetDetectionRadius does not match the spec. This may create a backup.
[10Sep2026 03:20:35.777] [Test worker/WARN] [net.minecraftforge.common.ForgeConfigSpec/CORE]: Incorrect key compatibility.crewedAssetsPerExtraEnemy was corrected from null to its default, 2. 
[10Sep2026 03:20:35.777] [Test worker/DEBUG] [net.minecraftforge.common.ForgeConfigSpec/CORE]: The comment on key compatibility.crewedAssetsPerExtraEnemy does not match the spec. This may create a backup.
[10Sep2026 03:20:35.777] [Test worker/WARN] [net.minecraftforge.common.ForgeConfigSpec/CORE]: Incorrect key compatibility.maximumAssetScalingEnemies was corrected from null to its default, 4. 
[10Sep2026 03:20:35.777] [Test worker/DEBUG] [net.minecraftforge.common.ForgeConfigSpec/CORE]: The comment on key compatibility.maximumAssetScalingEnemies does not match the spec. This may create a backup.
[10Sep2026 03:20:35.777] [Test worker/DEBUG] [net.minecraftforge.common.ForgeConfigSpec/CORE]: The comment on key compatibility does not match the spec. This may create a backup.
[10Sep2026 03:20:36.709] [Test worker/WARN] [net.minecraftforge.common.ForgeConfigSpec/CORE]: Configuration file SimpleCommentedConfig:{} is not correct. Correcting
[10Sep2026 03:20:36.710] [Test worker/WARN] [net.minecraftforge.common.ForgeConfigSpec/CORE]: Incorrect key playerRaids was corrected from null to its default, SimpleCommentedConfig:{}. 
[10Sep2026 03:20:36.710] [Test worker/WARN] [net.minecraftforge.common.ForgeConfigSpec/CORE]: Incorrect key playerRaids.siegeCorpseSeconds was corrected from null to its default, 120. 
[10Sep2026 03:20:36.710] [Test worker/DEBUG] [net.minecraftforge.common.ForgeConfigSpec/CORE]: The comment on key playerRaids.siegeCorpseSeconds does not match the spec. This may create a backup.
[10Sep2026 03:20:36.710] [Test worker/WARN] [net.minecraftforge.common.ForgeConfigSpec/CORE]: Incorrect key playerRaids.emptyCorpseSeconds was corrected from null to its default, 60. 
[10Sep2026 03:20:36.711] [Test worker/DEBUG] [net.minecraftforge.common.ForgeConfigSpec/CORE]: The comment on key playerRaids.emptyCorpseSeconds does not match the spec. This may create a backup.
[10Sep2026 03:20:36.711] [Test worker/WARN] [net.minecraftforge.common.ForgeConfigSpec/CORE]: Incorrect key playerRaids.bankDailyInterestBasisPoints was corrected from null to its default, 100. 
[10Sep2026 03:20:36.711] [Test worker/DEBUG] [net.minecraftforge.common.ForgeConfigSpec/CORE]: The comment on key playerRaids.bankDailyInterestBasisPoints does not match the spec. This may create a backup.
[10Sep2026 03:20:36.711] [Test worker/WARN] [net.minecraftforge.common.ForgeConfigSpec/CORE]: Incorrect key playerRaids.enabled was corrected from null to its default, true. 
[10Sep2026 03:20:36.711] [Test worker/DEBUG] [net.minecraftforge.common.ForgeConfigSpec/CORE]: The comment on key playerRaids.enabled does not match the spec. This may create a backup.
[10Sep2026 03:20:36.712] [Test worker/WARN] [net.minecraftforge.common.ForgeConfigSpec/CORE]: Incorrect key playerRaids.automaticRaids was corrected from null to its default, true. 
[10Sep2026 03:20:36.712] [Test worker/DEBUG] [net.minecraftforge.common.ForgeConfigSpec/CORE]: The comment on key playerRaids.automaticRaids does not match the spec. This may create a backup.
[10Sep2026 03:20:36.712] [Test worker/WARN] [net.minecraftforge.common.ForgeConfigSpec/CORE]: Incorrect key playerRaids.minimumCooldownMinutes was corrected from null to its default, 60. 
[10Sep2026 03:20:36.712] [Test worker/DEBUG] [net.minecraftforge.common.ForgeConfigSpec/CORE]: The comment on key playerRaids.minimumCooldownMinutes does not match the spec. This may create a backup.
[10Sep2026 03:20:36.712] [Test worker/WARN] [net.minecraftforge.common.ForgeConfigSpec/CORE]: Incorrect key playerRaids.maximumCooldownMinutes was corrected from null to its default, 90. 
[10Sep2026 03:20:36.713] [Test worker/DEBUG] [net.minecraftforge.common.ForgeConfigSpec/CORE]: The comment on key playerRaids.maximumCooldownMinutes does not match the spec. This may create a backup.
[10Sep2026 03:20:36.713] [Test worker/WARN] [net.minecraftforge.common.ForgeConfigSpec/CORE]: Incorrect key playerRaids.siegePreparationMinutes was corrected from null to its default, 12. 
[10Sep2026 03:20:36.713] [Test worker/DEBUG] [net.minecraftforge.common.ForgeConfigSpec/CORE]: The comment on key playerRaids.siegePreparationMinutes does not match the spec. This may create a backup.
[10Sep2026 03:20:36.713] [Test worker/WARN] [net.minecraftforge.common.ForgeConfigSpec/CORE]: Incorrect key playerRaids.warningSeconds was corrected from null to its default, 120. 
[10Sep2026 03:20:36.713] [Test worker/DEBUG] [net.minecraftforge.common.ForgeConfigSpec/CORE]: The comment on key playerRaids.warningSeconds does not match the spec. This may create a backup.
[10Sep2026 03:20:36.714] [Test worker/WARN] [net.minecraftforge.common.ForgeConfigSpec/CORE]: Incorrect key playerRaids.waves was corrected from null to its default, 5. 
[10Sep2026 03:20:36.714] [Test worker/DEBUG] [net.minecraftforge.common.ForgeConfigSpec/CORE]: The comment on key playerRaids.waves does not match the spec. This may create a backup.
[10Sep2026 03:20:36.714] [Test worker/WARN] [net.minecraftforge.common.ForgeConfigSpec/CORE]: Incorrect key playerRaids.baseEnemiesPerWave was corrected from null to its default, 10. 
[10Sep2026 03:20:36.714] [Test worker/DEBUG] [net.minecraftforge.common.ForgeConfigSpec/CORE]: The comment on key playerRaids.baseEnemiesPerWave does not match the spec. This may create a backup.
[10Sep2026 03:20:36.714] [Test worker/WARN] [net.minecraftforge.common.ForgeConfigSpec/CORE]: Incorrect key playerRaids.enemiesPerExtraPlayer was corrected from null to its default, 3. 
[10Sep2026 03:20:36.715] [Test worker/DEBUG] [net.minecraftforge.common.ForgeConfigSpec/CORE]: The comment on key playerRaids.enemiesPerExtraPlayer does not match the spec. This may create a backup.
[10Sep2026 03:20:36.715] [Test worker/WARN] [net.minecraftforge.common.ForgeConfigSpec/CORE]: Incorrect key playerRaids.maximumActiveRaiders was corrected from null to its default, 30. 
[10Sep2026 03:20:36.715] [Test worker/DEBUG] [net.minecraftforge.common.ForgeConfigSpec/CORE]: The comment on key playerRaids.maximumActiveRaiders does not match the spec. This may create a backup.
[10Sep2026 03:20:36.715] [Test worker/WARN] [net.minecraftforge.common.ForgeConfigSpec/CORE]: Incorrect key playerRaids.maximumGlobalRaiders was corrected from null to its default, 35. 
[10Sep2026 03:20:36.715] [Test worker/DEBUG] [net.minecraftforge.common.ForgeConfigSpec/CORE]: The comment on key playerRaids.maximumGlobalRaiders does not match the spec. This may create a backup.
[10Sep2026 03:20:36.715] [Test worker/WARN] [net.minecraftforge.common.ForgeConfigSpec/CORE]: Incorrect key playerRaids.maximumConcurrentRaids was corrected from null to its default, 1. 
[10Sep2026 03:20:36.716] [Test worker/DEBUG] [net.minecraftforge.common.ForgeConfigSpec/CORE]: The comment on key playerRaids.maximumConcurrentRaids does not match the spec. This may create a backup.
[10Sep2026 03:20:36.716] [Test worker/WARN] [net.minecraftforge.common.ForgeConfigSpec/CORE]: Incorrect key playerRaids.timeBetweenWavesSeconds was corrected from null to its default, 45. 
[10Sep2026 03:20:36.716] [Test worker/DEBUG] [net.minecraftforge.common.ForgeConfigSpec/CORE]: The comment on key playerRaids.timeBetweenWavesSeconds does not match the spec. This may create a backup.
[10Sep2026 03:20:36.716] [Test worker/WARN] [net.minecraftforge.common.ForgeConfigSpec/CORE]: Incorrect key playerRaids.minimumSpawnDistance was corrected from null to its default, 48. 
[10Sep2026 03:20:36.716] [Test worker/DEBUG] [net.minecraftforge.common.ForgeConfigSpec/CORE]: The comment on key playerRaids.minimumSpawnDistance does not match the spec. This may create a backup.
[10Sep2026 03:20:36.717] [Test worker/WARN] [net.minecraftforge.common.ForgeConfigSpec/CORE]: Incorrect key playerRaids.maximumSpawnDistance was corrected from null to its default, 72. 
[10Sep2026 03:20:36.717] [Test worker/DEBUG] [net.minecraftforge.common.ForgeConfigSpec/CORE]: The comment on key playerRaids.maximumSpawnDistance does not match the spec. This may create a backup.
[10Sep2026 03:20:36.717] [Test worker/WARN] [net.minecraftforge.common.ForgeConfigSpec/CORE]: Incorrect key playerRaids.defenseRadius was corrected from null to its default, 160. 
[10Sep2026 03:20:36.717] [Test worker/DEBUG] [net.minecraftforge.common.ForgeConfigSpec/CORE]: The comment on key playerRaids.defenseRadius does not match the spec. This may create a backup.
[10Sep2026 03:20:36.717] [Test worker/WARN] [net.minecraftforge.common.ForgeConfigSpec/CORE]: Incorrect key playerRaids.aggroRadius was corrected from null to its default, 40. 
[10Sep2026 03:20:36.717] [Test worker/DEBUG] [net.minecraftforge.common.ForgeConfigSpec/CORE]: The comment on key playerRaids.aggroRadius does not match the spec. This may create a backup.
[10Sep2026 03:20:36.718] [Test worker/WARN] [net.minecraftforge.common.ForgeConfigSpec/CORE]: Incorrect key playerRaids.offAxisDriftLimit was corrected from null to its default, 24. 
[10Sep2026 03:20:36.718] [Test worker/DEBUG] [net.minecraftforge.common.ForgeConfigSpec/CORE]: The comment on key playerRaids.offAxisDriftLimit does not match the spec. This may create a backup.
[10Sep2026 03:20:36.718] [Test worker/WARN] [net.minecraftforge.common.ForgeConfigSpec/CORE]: Incorrect key playerRaids.breachersIgnoreDefenders was corrected from null to its default, true. 
[10Sep2026 03:20:36.718] [Test worker/DEBUG] [net.minecraftforge.common.ForgeConfigSpec/CORE]: The comment on key playerRaids.breachersIgnoreDefenders does not match the spec. This may create a backup.
[10Sep2026 03:20:36.718] [Test worker/WARN] [net.minecraftforge.common.ForgeConfigSpec/CORE]: Incorrect key playerRaids.stuckDetectionEnabled was corrected from null to its default, true. 
[10Sep2026 03:20:36.719] [Test worker/DEBUG] [net.minecraftforge.common.ForgeConfigSpec/CORE]: The comment on key playerRaids.stuckDetectionEnabled does not match the spec. This may create a backup.
[10Sep2026 03:20:36.719] [Test worker/WARN] [net.minecraftforge.common.ForgeConfigSpec/CORE]: Incorrect key playerRaids.stuckEscalationSeconds was corrected from null to its default, 5. 
[10Sep2026 03:20:36.719] [Test worker/DEBUG] [net.minecraftforge.common.ForgeConfigSpec/CORE]: The comment on key playerRaids.stuckEscalationSeconds does not match the spec. This may create a backup.
[10Sep2026 03:20:36.719] [Test worker/WARN] [net.minecraftforge.common.ForgeConfigSpec/CORE]: Incorrect key playerRaids.innerAggroMultiplier was corrected from null to its default, 2.0. 
[10Sep2026 03:20:36.719] [Test worker/DEBUG] [net.minecraftforge.common.ForgeConfigSpec/CORE]: The comment on key playerRaids.innerAggroMultiplier does not match the spec. This may create a backup.
[10Sep2026 03:20:36.719] [Test worker/WARN] [net.minecraftforge.common.ForgeConfigSpec/CORE]: Incorrect key playerRaids.forceRepathWhenIdle was corrected from null to its default, true. 
[10Sep2026 03:20:36.720] [Test worker/DEBUG] [net.minecraftforge.common.ForgeConfigSpec/CORE]: The comment on key playerRaids.forceRepathWhenIdle does not match the spec. This may create a backup.
[10Sep2026 03:20:36.720] [Test worker/WARN] [net.minecraftforge.common.ForgeConfigSpec/CORE]: Incorrect key playerRaids.coneFallbackEnabled was corrected from null to its default, true. 
[10Sep2026 03:20:36.720] [Test worker/DEBUG] [net.minecraftforge.common.ForgeConfigSpec/CORE]: The comment on key playerRaids.coneFallbackEnabled does not match the spec. This may create a backup.
[10Sep2026 03:20:36.720] [Test worker/WARN] [net.minecraftforge.common.ForgeConfigSpec/CORE]: Incorrect key playerRaids.coneFallbackRadius was corrected from null to its default, 16. 
[10Sep2026 03:20:36.720] [Test worker/DEBUG] [net.minecraftforge.common.ForgeConfigSpec/CORE]: The comment on key playerRaids.coneFallbackRadius does not match the spec. This may create a backup.
[10Sep2026 03:20:36.720] [Test worker/WARN] [net.minecraftforge.common.ForgeConfigSpec/CORE]: Incorrect key playerRaids.coneFallbackVertical was corrected from null to its default, 7. 
[10Sep2026 03:20:36.721] [Test worker/DEBUG] [net.minecraftforge.common.ForgeConfigSpec/CORE]: The comment on key playerRaids.coneFallbackVertical does not match the spec. This may create a backup.
[10Sep2026 03:20:36.721] [Test worker/WARN] [net.minecraftforge.common.ForgeConfigSpec/CORE]: Incorrect key playerRaids.parkourEnabled was corrected from null to its default, true. 
[10Sep2026 03:20:36.721] [Test worker/DEBUG] [net.minecraftforge.common.ForgeConfigSpec/CORE]: The comment on key playerRaids.parkourEnabled does not match the spec. This may create a backup.
[10Sep2026 03:20:36.721] [Test worker/WARN] [net.minecraftforge.common.ForgeConfigSpec/CORE]: Incorrect key playerRaids.parkourMaxForward was corrected from null to its default, 3. 
[10Sep2026 03:20:36.722] [Test worker/DEBUG] [net.minecraftforge.common.ForgeConfigSpec/CORE]: The comment on key playerRaids.parkourMaxForward does not match the spec. This may create a backup.
[10Sep2026 03:20:36.722] [Test worker/WARN] [net.minecraftforge.common.ForgeConfigSpec/CORE]: Incorrect key playerRaids.avoidHazards was corrected from null to its default, true. 
[10Sep2026 03:20:36.724] [Test worker/DEBUG] [net.minecraftforge.common.ForgeConfigSpec/CORE]: The comment on key playerRaids.avoidHazards does not match the spec. This may create a backup.
[10Sep2026 03:20:36.724] [Test worker/WARN] [net.minecraftforge.common.ForgeConfigSpec/CORE]: Incorrect key playerRaids.shoutToAllies was corrected from null to its default, true. 
[10Sep2026 03:20:36.725] [Test worker/DEBUG] [net.minecraftforge.common.ForgeConfigSpec/CORE]: The comment on key playerRaids.shoutToAllies does not match the spec. This may create a backup.
[10Sep2026 03:20:36.725] [Test worker/WARN] [net.minecraftforge.common.ForgeConfigSpec/CORE]: Incorrect key playerRaids.shoutRadius was corrected from null to its default, 16. 
[10Sep2026 03:20:36.726] [Test worker/DEBUG] [net.minecraftforge.common.ForgeConfigSpec/CORE]: The comment on key playerRaids.shoutRadius does not match the spec. This may create a backup.
[10Sep2026 03:20:36.726] [Test worker/WARN] [net.minecraftforge.common.ForgeConfigSpec/CORE]: Incorrect key playerRaids.scoutingEnabled was corrected from null to its default, true. 
[10Sep2026 03:20:36.726] [Test worker/DEBUG] [net.minecraftforge.common.ForgeConfigSpec/CORE]: The comment on key playerRaids.scoutingEnabled does not match the spec. This may create a backup.
[10Sep2026 03:20:36.726] [Test worker/WARN] [net.minecraftforge.common.ForgeConfigSpec/CORE]: Incorrect key playerRaids.scoutPartySize was corrected from null to its default, 2. 
[10Sep2026 03:20:36.726] [Test worker/DEBUG] [net.minecraftforge.common.ForgeConfigSpec/CORE]: The comment on key playerRaids.scoutPartySize does not match the spec. This may create a backup.
[10Sep2026 03:20:36.726] [Test worker/WARN] [net.minecraftforge.common.ForgeConfigSpec/CORE]: Incorrect key playerRaids.scoutSpawnDistance was corrected from null to its default, 100. 
[10Sep2026 03:20:36.727] [Test worker/DEBUG] [net.minecraftforge.common.ForgeConfigSpec/CORE]: The comment on key playerRaids.scoutSpawnDistance does not match the spec. This may create a backup.
[10Sep2026 03:20:36.727] [Test worker/WARN] [net.minecraftforge.common.ForgeConfigSpec/CORE]: Incorrect key playerRaids.scoutObserveSeconds was corrected from null to its default, 45. 
[10Sep2026 03:20:36.727] [Test worker/DEBUG] [net.minecraftforge.common.ForgeConfigSpec/CORE]: The comment on key playerRaids.scoutObserveSeconds does not match the spec. This may create a backup.
[10Sep2026 03:20:36.727] [Test worker/WARN] [net.minecraftforge.common.ForgeConfigSpec/CORE]: Incorrect key playerRaids.scoutDropIntelLetter was corrected from null to its default, true. 
[10Sep2026 03:20:36.727] [Test worker/DEBUG] [net.minecraftforge.common.ForgeConfigSpec/CORE]: The comment on key playerRaids.scoutDropIntelLetter does not match the spec. This may create a backup.
[10Sep2026 03:20:36.727] [Test worker/WARN] [net.minecraftforge.common.ForgeConfigSpec/CORE]: Incorrect key playerRaids.claimAwareAnchors was corrected from null to its default, true. 
[10Sep2026 03:20:36.728] [Test worker/DEBUG] [net.minecraftforge.common.ForgeConfigSpec/CORE]: The comment on key playerRaids.claimAwareAnchors does not match the spec. This may create a backup.
[10Sep2026 03:20:36.728] [Test worker/WARN] [net.minecraftforge.common.ForgeConfigSpec/CORE]: Incorrect key playerRaids.useClaimCenterAsDefensePoint was corrected from null to its default, true. 
[10Sep2026 03:20:36.728] [Test worker/DEBUG] [net.minecraftforge.common.ForgeConfigSpec/CORE]: The comment on key playerRaids.useClaimCenterAsDefensePoint does not match the spec. This may create a backup.
[10Sep2026 03:20:36.728] [Test worker/WARN] [net.minecraftforge.common.ForgeConfigSpec/CORE]: Incorrect key playerRaids.respectDefenderClaims was corrected from null to its default, true. 
[10Sep2026 03:20:36.729] [Test worker/DEBUG] [net.minecraftforge.common.ForgeConfigSpec/CORE]: The comment on key playerRaids.respectDefenderClaims does not match the spec. This may create a backup.
[10Sep2026 03:20:36.729] [Test worker/WARN] [net.minecraftforge.common.ForgeConfigSpec/CORE]: Incorrect key playerRaids.respectForeignClaims was corrected from null to its default, true. 
[10Sep2026 03:20:36.729] [Test worker/DEBUG] [net.minecraftforge.common.ForgeConfigSpec/CORE]: The comment on key playerRaids.respectForeignClaims does not match the spec. This may create a backup.
[10Sep2026 03:20:36.729] [Test worker/WARN] [net.minecraftforge.common.ForgeConfigSpec/CORE]: Incorrect key playerRaids.raiderHealthMultiplier was corrected from null to its default, 1.0. 
[10Sep2026 03:20:36.729] [Test worker/DEBUG] [net.minecraftforge.common.ForgeConfigSpec/CORE]: The comment on key playerRaids.raiderHealthMultiplier does not match the spec. This may create a backup.
[10Sep2026 03:20:36.729] [Test worker/WARN] [net.minecraftforge.common.ForgeConfigSpec/CORE]: Incorrect key playerRaids.raiderDamageMultiplier was corrected from null to its default, 1.0. 
[10Sep2026 03:20:36.730] [Test worker/DEBUG] [net.minecraftforge.common.ForgeConfigSpec/CORE]: The comment on key playerRaids.raiderDamageMultiplier does not match the spec. This may create a backup.
[10Sep2026 03:20:36.730] [Test worker/WARN] [net.minecraftforge.common.ForgeConfigSpec/CORE]: Incorrect key playerRaids.raiderXpMultiplier was corrected from null to its default, 1.0. 
[10Sep2026 03:20:36.734] [Test worker/DEBUG] [net.minecraftforge.common.ForgeConfigSpec/CORE]: The comment on key playerRaids.raiderXpMultiplier does not match the spec. This may create a backup.
[10Sep2026 03:20:36.734] [Test worker/DEBUG] [net.minecraftforge.common.ForgeConfigSpec/CORE]: List on key civilianMobAllowlist is deemed to need correction, as it is null or not a list.
[10Sep2026 03:20:36.735] [Test worker/WARN] [net.minecraftforge.common.ForgeConfigSpec/CORE]: Incorrect key playerRaids.civilianMobAllowlist was corrected from null to its default, [mca:male_villager, mca:female_villager]. 
[10Sep2026 03:20:36.735] [Test worker/DEBUG] [net.minecraftforge.common.ForgeConfigSpec/CORE]: The comment on key playerRaids.civilianMobAllowlist does not match the spec. This may create a backup.
[10Sep2026 03:20:36.735] [Test worker/WARN] [net.minecraftforge.common.ForgeConfigSpec/CORE]: Incorrect key playerRaids.bridgeSiegesEnabled was corrected from null to its default, true. 
[10Sep2026 03:20:36.739] [Test worker/DEBUG] [net.minecraftforge.common.ForgeConfigSpec/CORE]: The comment on key playerRaids.bridgeSiegesEnabled does not match the spec. This may create a backup.
[10Sep2026 03:20:36.739] [Test worker/WARN] [net.minecraftforge.common.ForgeConfigSpec/CORE]: Incorrect key playerRaids.raiderLabelMode was corrected from null to its default, PROXIMITY. 
[10Sep2026 03:20:36.740] [Test worker/DEBUG] [net.minecraftforge.common.ForgeConfigSpec/CORE]: The comment on key playerRaids.raiderLabelMode does not match the spec. This may create a backup.
[10Sep2026 03:20:36.740] [Test worker/WARN] [net.minecraftforge.common.ForgeConfigSpec/CORE]: Incorrect key playerRaids.raiderLabelRadius was corrected from null to its default, 24. 
[10Sep2026 03:20:36.744] [Test worker/DEBUG] [net.minecraftforge.common.ForgeConfigSpec/CORE]: The comment on key playerRaids.raiderLabelRadius does not match the spec. This may create a backup.
[10Sep2026 03:20:36.744] [Test worker/WARN] [net.minecraftforge.common.ForgeConfigSpec/CORE]: Incorrect key playerRaids.raiderGlow was corrected from null to its default, true. 
[10Sep2026 03:20:36.745] [Test worker/DEBUG] [net.minecraftforge.common.ForgeConfigSpec/CORE]: The comment on key playerRaids.raiderGlow does not match the spec. This may create a backup.
[10Sep2026 03:20:36.745] [Test worker/WARN] [net.minecraftforge.common.ForgeConfigSpec/CORE]: Incorrect key playerRaids.commanderBossbarEnabled was corrected from null to its default, true. 
[10Sep2026 03:20:36.745] [Test worker/DEBUG] [net.minecraftforge.common.ForgeConfigSpec/CORE]: The comment on key playerRaids.commanderBossbarEnabled does not match the spec. This may create a backup.
[10Sep2026 03:20:36.745] [Test worker/WARN] [net.minecraftforge.common.ForgeConfigSpec/CORE]: Incorrect key playerRaids.commanderBossbarRadius was corrected from null to its default, 24. 
[10Sep2026 03:20:36.745] [Test worker/DEBUG] [net.minecraftforge.common.ForgeConfigSpec/CORE]: The comment on key playerRaids.commanderBossbarRadius does not match the spec. This may create a backup.
[10Sep2026 03:20:36.746] [Test worker/WARN] [net.minecraftforge.common.ForgeConfigSpec/CORE]: Incorrect key playerRaids.claimWaypointsEnabled was corrected from null to its default, true. 
[10Sep2026 03:20:36.746] [Test worker/DEBUG] [net.minecraftforge.common.ForgeConfigSpec/CORE]: The comment on key playerRaids.claimWaypointsEnabled does not match the spec. This may create a backup.
[10Sep2026 03:20:36.746] [Test worker/WARN] [net.minecraftforge.common.ForgeConfigSpec/CORE]: Incorrect key playerRaids.claimWaypointsNearRadius was corrected from null to its default, 48. 
[10Sep2026 03:20:36.746] [Test worker/DEBUG] [net.minecraftforge.common.ForgeConfigSpec/CORE]: The comment on key playerRaids.claimWaypointsNearRadius does not match the spec. This may create a backup.
[10Sep2026 03:20:36.746] [Test worker/WARN] [net.minecraftforge.common.ForgeConfigSpec/CORE]: Incorrect key playerRaids.claimWaypointsSamplePitch was corrected from null to its default, 4. 
[10Sep2026 03:20:36.746] [Test worker/DEBUG] [net.minecraftforge.common.ForgeConfigSpec/CORE]: The comment on key playerRaids.claimWaypointsSamplePitch does not match the spec. This may create a backup.
[10Sep2026 03:20:36.747] [Test worker/WARN] [net.minecraftforge.common.ForgeConfigSpec/CORE]: Incorrect key playerRaids.hudEnabled was corrected from null to its default, true. 
[10Sep2026 03:20:36.747] [Test worker/DEBUG] [net.minecraftforge.common.ForgeConfigSpec/CORE]: The comment on key playerRaids.hudEnabled does not match the spec. This may create a backup.
[10Sep2026 03:20:36.747] [Test worker/WARN] [net.minecraftforge.common.ForgeConfigSpec/CORE]: Incorrect key playerRaids.objectiveBeacon was corrected from null to its default, true. 
[10Sep2026 03:20:36.747] [Test worker/DEBUG] [net.minecraftforge.common.ForgeConfigSpec/CORE]: The comment on key playerRaids.objectiveBeacon does not match the spec. This may create a backup.
[10Sep2026 03:20:36.747] [Test worker/WARN] [net.minecraftforge.common.ForgeConfigSpec/CORE]: Incorrect key playerRaids.physicalBreaching was corrected from null to its default, true. 
[10Sep2026 03:20:36.749] [Test worker/DEBUG] [net.minecraftforge.common.ForgeConfigSpec/CORE]: The comment on key playerRaids.physicalBreaching does not match the spec. This may create a backup.
[10Sep2026 03:20:36.749] [Test worker/WARN] [net.minecraftforge.common.ForgeConfigSpec/CORE]: Incorrect key playerRaids.abandonDefeatMinutes was corrected from null to its default, 0. 
[10Sep2026 03:20:36.750] [Test worker/DEBUG] [net.minecraftforge.common.ForgeConfigSpec/CORE]: The comment on key playerRaids.abandonDefeatMinutes does not match the spec. This may create a backup.
[10Sep2026 03:20:36.750] [Test worker/WARN] [net.minecraftforge.common.ForgeConfigSpec/CORE]: Incorrect key playerRaids.missingEntityGraceSeconds was corrected from null to its default, 600. 
[10Sep2026 03:20:36.750] [Test worker/DEBUG] [net.minecraftforge.common.ForgeConfigSpec/CORE]: The comment on key playerRaids.missingEntityGraceSeconds does not match the spec. This may create a backup.
[10Sep2026 03:20:36.750] [Test worker/WARN] [net.minecraftforge.common.ForgeConfigSpec/CORE]: Incorrect key playerRaids.spawnRetrySeconds was corrected from null to its default, 20. 
[10Sep2026 03:20:36.750] [Test worker/DEBUG] [net.minecraftforge.common.ForgeConfigSpec/CORE]: The comment on key playerRaids.spawnRetrySeconds does not match the spec. This may create a backup.
[10Sep2026 03:20:36.750] [Test worker/WARN] [net.minecraftforge.common.ForgeConfigSpec/CORE]: Incorrect key playerRaids.minimumTpsToSpawn was corrected from null to its default, 15.0. 
[10Sep2026 03:20:36.751] [Test worker/DEBUG] [net.minecraftforge.common.ForgeConfigSpec/CORE]: The comment on key playerRaids.minimumTpsToSpawn does not match the spec. This may create a backup.
[10Sep2026 03:20:36.751] [Test worker/WARN] [net.minecraftforge.common.ForgeConfigSpec/CORE]: Incorrect key playerRaids.pauseSpawningBelowTps was corrected from null to its default, false. 
[10Sep2026 03:20:36.751] [Test worker/DEBUG] [net.minecraftforge.common.ForgeConfigSpec/CORE]: The comment on key playerRaids.pauseSpawningBelowTps does not match the spec. This may create a backup.
[10Sep2026 03:20:36.751] [Test worker/WARN] [net.minecraftforge.common.ForgeConfigSpec/CORE]: Incorrect key playerRaids.minimumTpsSustainedTicks was corrected from null to its default, 5. 
[10Sep2026 03:20:36.751] [Test worker/DEBUG] [net.minecraftforge.common.ForgeConfigSpec/CORE]: The comment on key playerRaids.minimumTpsSustainedTicks does not match the spec. This may create a backup.
[10Sep2026 03:20:36.752] [Test worker/WARN] [net.minecraftforge.common.ForgeConfigSpec/CORE]: Incorrect key playerRaids.pauseWhenFactionOffline was corrected from null to its default, true. 
[10Sep2026 03:20:36.753] [Test worker/DEBUG] [net.minecraftforge.common.ForgeConfigSpec/CORE]: The comment on key playerRaids.pauseWhenFactionOffline does not match the spec. This may create a backup.
[10Sep2026 03:20:36.753] [Test worker/WARN] [net.minecraftforge.common.ForgeConfigSpec/CORE]: Incorrect key playerRaids.ownerOnlyManagement was corrected from null to its default, true. 
[10Sep2026 03:20:36.754] [Test worker/DEBUG] [net.minecraftforge.common.ForgeConfigSpec/CORE]: The comment on key playerRaids.ownerOnlyManagement does not match the spec. This may create a backup.
[10Sep2026 03:20:36.754] [Test worker/WARN] [net.minecraftforge.common.ForgeConfigSpec/CORE]: Incorrect key playerRaids.glowFinalEnemies was corrected from null to its default, true. 
[10Sep2026 03:20:36.754] [Test worker/DEBUG] [net.minecraftforge.common.ForgeConfigSpec/CORE]: The comment on key playerRaids.glowFinalEnemies does not match the spec. This may create a backup.
[10Sep2026 03:20:36.754] [Test worker/WARN] [net.minecraftforge.common.ForgeConfigSpec/CORE]: Incorrect key playerRaids.victoryExperiencePerPlayer was corrected from null to its default, 250. 
[10Sep2026 03:20:36.755] [Test worker/DEBUG] [net.minecraftforge.common.ForgeConfigSpec/CORE]: The comment on key playerRaids.victoryExperiencePerPlayer does not match the spec. This may create a backup.
[10Sep2026 03:20:36.755] [Test worker/WARN] [net.minecraftforge.common.ForgeConfigSpec/CORE]: Incorrect key playerRaids.victoryLootEnabled was corrected from null to its default, true. 
[10Sep2026 03:20:36.755] [Test worker/DEBUG] [net.minecraftforge.common.ForgeConfigSpec/CORE]: The comment on key playerRaids.victoryLootEnabled does not match the spec. This may create a backup.
[10Sep2026 03:20:36.755] [Test worker/WARN] [net.minecraftforge.common.ForgeConfigSpec/CORE]: Incorrect key playerRaids.victoryLootTable was corrected from null to its default, siegeoverhaul:gameplay/invasion_victory. 
[10Sep2026 03:20:36.756] [Test worker/DEBUG] [net.minecraftforge.common.ForgeConfigSpec/CORE]: The comment on key playerRaids.victoryLootTable does not match the spec. This may create a backup.
[10Sep2026 03:20:36.756] [Test worker/WARN] [net.minecraftforge.common.ForgeConfigSpec/CORE]: Incorrect key playerRaids.maximumRosterMembers was corrected from null to its default, 16. 
[10Sep2026 03:20:36.756] [Test worker/DEBUG] [net.minecraftforge.common.ForgeConfigSpec/CORE]: The comment on key playerRaids.maximumRosterMembers does not match the spec. This may create a backup.
[10Sep2026 03:20:36.756] [Test worker/WARN] [net.minecraftforge.common.ForgeConfigSpec/CORE]: Incorrect key playerRaids.maximumDefensePoints was corrected from null to its default, 4. 
[10Sep2026 03:20:36.756] [Test worker/DEBUG] [net.minecraftforge.common.ForgeConfigSpec/CORE]: The comment on key playerRaids.maximumDefensePoints does not match the spec. This may create a backup.
[10Sep2026 03:20:36.756] [Test worker/WARN] [net.minecraftforge.common.ForgeConfigSpec/CORE]: Incorrect key playerRaids.enableIllusioners was corrected from null to its default, true. 
[10Sep2026 03:20:36.757] [Test worker/DEBUG] [net.minecraftforge.common.ForgeConfigSpec/CORE]: The comment on key playerRaids.enableIllusioners does not match the spec. This may create a backup.
[10Sep2026 03:20:36.757] [Test worker/WARN] [net.minecraftforge.common.ForgeConfigSpec/CORE]: Incorrect key playerRaids.protectVillagers was corrected from null to its default, true. 
[10Sep2026 03:20:36.758] [Test worker/DEBUG] [net.minecraftforge.common.ForgeConfigSpec/CORE]: The comment on key playerRaids.protectVillagers does not match the spec. This may create a backup.
[10Sep2026 03:20:36.758] [Test worker/WARN] [net.minecraftforge.common.ForgeConfigSpec/CORE]: Incorrect key playerRaids.announceGlobally was corrected from null to its default, false. 
[10Sep2026 03:20:36.758] [Test worker/DEBUG] [net.minecraftforge.common.ForgeConfigSpec/CORE]: The comment on key playerRaids.announceGlobally does not match the spec. This may create a backup.
[10Sep2026 03:20:36.758] [Test worker/WARN] [net.minecraftforge.common.ForgeConfigSpec/CORE]: Incorrect key playerRaids.requirePlayerNearAnchor was corrected from null to its default, true. 
[10Sep2026 03:20:36.759] [Test worker/DEBUG] [net.minecraftforge.common.ForgeConfigSpec/CORE]: The comment on key playerRaids.requirePlayerNearAnchor does not match the spec. This may create a backup.
[10Sep2026 03:20:36.759] [Test worker/WARN] [net.minecraftforge.common.ForgeConfigSpec/CORE]: Incorrect key playerRaids.automaticPlayerHomes was corrected from null to its default, true. 
[10Sep2026 03:20:36.760] [Test worker/DEBUG] [net.minecraftforge.common.ForgeConfigSpec/CORE]: The comment on key playerRaids.automaticPlayerHomes does not match the spec. This may create a backup.
[10Sep2026 03:20:36.760] [Test worker/WARN] [net.minecraftforge.common.ForgeConfigSpec/CORE]: Incorrect key playerRaids.followRespawnPoint was corrected from null to its default, true. 
[10Sep2026 03:20:36.760] [Test worker/DEBUG] [net.minecraftforge.common.ForgeConfigSpec/CORE]: The comment on key playerRaids.followRespawnPoint does not match the spec. This may create a backup.
[10Sep2026 03:20:36.760] [Test worker/WARN] [net.minecraftforge.common.ForgeConfigSpec/CORE]: Incorrect key playerRaids.mobilizeRecruits was corrected from null to its default, true. 
[10Sep2026 03:20:36.761] [Test worker/DEBUG] [net.minecraftforge.common.ForgeConfigSpec/CORE]: The comment on key playerRaids.mobilizeRecruits does not match the spec. This may create a backup.
[10Sep2026 03:20:36.761] [Test worker/WARN] [net.minecraftforge.common.ForgeConfigSpec/CORE]: Incorrect key playerRaids.recruitMobilizationRadius was corrected from null to its default, 128. 
[10Sep2026 03:20:36.761] [Test worker/DEBUG] [net.minecraftforge.common.ForgeConfigSpec/CORE]: The comment on key playerRaids.recruitMobilizationRadius does not match the spec. This may create a backup.
[10Sep2026 03:20:36.761] [Test worker/WARN] [net.minecraftforge.common.ForgeConfigSpec/CORE]: Incorrect key playerRaids.coreCaptureRadius was corrected from null to its default, 10. 
[10Sep2026 03:20:36.762] [Test worker/DEBUG] [net.minecraftforge.common.ForgeConfigSpec/CORE]: The comment on key playerRaids.coreCaptureRadius does not match the spec. This may create a backup.
[10Sep2026 03:20:36.762] [Test worker/WARN] [net.minecraftforge.common.ForgeConfigSpec/CORE]: Incorrect key playerRaids.coreRecaptureSeconds was corrected from null to its default, 120. 
[10Sep2026 03:20:36.762] [Test worker/DEBUG] [net.minecraftforge.common.ForgeConfigSpec/CORE]: The comment on key playerRaids.coreRecaptureSeconds does not match the spec. This may create a backup.
[10Sep2026 03:20:36.762] [Test worker/WARN] [net.minecraftforge.common.ForgeConfigSpec/CORE]: Incorrect key playerRaids.captureRadius was corrected from null to its default, 18. 
[10Sep2026 03:20:36.763] [Test worker/DEBUG] [net.minecraftforge.common.ForgeConfigSpec/CORE]: The comment on key playerRaids.captureRadius does not match the spec. This may create a backup.
[10Sep2026 03:20:36.763] [Test worker/WARN] [net.minecraftforge.common.ForgeConfigSpec/CORE]: Incorrect key playerRaids.captureTimeSeconds was corrected from null to its default, 120. 
[10Sep2026 03:20:36.764] [Test worker/DEBUG] [net.minecraftforge.common.ForgeConfigSpec/CORE]: The comment on key playerRaids.captureTimeSeconds does not match the spec. This may create a backup.
[10Sep2026 03:20:36.764] [Test worker/WARN] [net.minecraftforge.common.ForgeConfigSpec/CORE]: Incorrect key playerRaids.enableStragglerRescue was corrected from null to its default, true. 
[10Sep2026 03:20:36.764] [Test worker/DEBUG] [net.minecraftforge.common.ForgeConfigSpec/CORE]: The comment on key playerRaids.enableStragglerRescue does not match the spec. This may create a backup.
[10Sep2026 03:20:36.765] [Test worker/WARN] [net.minecraftforge.common.ForgeConfigSpec/CORE]: Incorrect key playerRaids.enableEffortBonus was corrected from null to its default, true. 
[10Sep2026 03:20:36.765] [Test worker/DEBUG] [net.minecraftforge.common.ForgeConfigSpec/CORE]: The comment on key playerRaids.enableEffortBonus does not match the spec. This may create a backup.
[10Sep2026 03:20:36.765] [Test worker/WARN] [net.minecraftforge.common.ForgeConfigSpec/CORE]: Incorrect key playerRaids.effortKillBonusSeconds was corrected from null to its default, 5. 
[10Sep2026 03:20:36.767] [Test worker/DEBUG] [net.minecraftforge.common.ForgeConfigSpec/CORE]: The comment on key playerRaids.effortKillBonusSeconds does not match the spec. This may create a backup.
[10Sep2026 03:20:36.768] [Test worker/WARN] [net.minecraftforge.common.ForgeConfigSpec/CORE]: Incorrect key playerRaids.effortBreachBonusSeconds was corrected from null to its default, 2. 
[10Sep2026 03:20:36.768] [Test worker/DEBUG] [net.minecraftforge.common.ForgeConfigSpec/CORE]: The comment on key playerRaids.effortBreachBonusSeconds does not match the spec. This may create a backup.
[10Sep2026 03:20:36.768] [Test worker/WARN] [net.minecraftforge.common.ForgeConfigSpec/CORE]: Incorrect key playerRaids.effortMaxBonusSeconds was corrected from null to its default, 30. 
[10Sep2026 03:20:36.768] [Test worker/DEBUG] [net.minecraftforge.common.ForgeConfigSpec/CORE]: The comment on key playerRaids.effortMaxBonusSeconds does not match the spec. This may create a backup.
[10Sep2026 03:20:36.768] [Test worker/WARN] [net.minecraftforge.common.ForgeConfigSpec/CORE]: Incorrect key playerRaids.captureDecayPerSecond was corrected from null to its default, 2. 
[10Sep2026 03:20:36.769] [Test worker/DEBUG] [net.minecraftforge.common.ForgeConfigSpec/CORE]: The comment on key playerRaids.captureDecayPerSecond does not match the spec. This may create a backup.
[10Sep2026 03:20:36.769] [Test worker/WARN] [net.minecraftforge.common.ForgeConfigSpec/CORE]: Incorrect key playerRaids.enableBreachPhase was corrected from null to its default, true. 
[10Sep2026 03:20:36.769] [Test worker/DEBUG] [net.minecraftforge.common.ForgeConfigSpec/CORE]: The comment on key playerRaids.enableBreachPhase does not match the spec. This may create a backup.
[10Sep2026 03:20:36.769] [Test worker/WARN] [net.minecraftforge.common.ForgeConfigSpec/CORE]: Incorrect key playerRaids.breachRadius was corrected from null to its default, 36. 
[10Sep2026 03:20:36.769] [Test worker/DEBUG] [net.minecraftforge.common.ForgeConfigSpec/CORE]: The comment on key playerRaids.breachRadius does not match the spec. This may create a backup.
[10Sep2026 03:20:36.769] [Test worker/WARN] [net.minecraftforge.common.ForgeConfigSpec/CORE]: Incorrect key playerRaids.breachTimeSeconds was corrected from null to its default, 45. 
[10Sep2026 03:20:36.770] [Test worker/DEBUG] [net.minecraftforge.common.ForgeConfigSpec/CORE]: The comment on key playerRaids.breachTimeSeconds does not match the spec. This may create a backup.
[10Sep2026 03:20:36.770] [Test worker/WARN] [net.minecraftforge.common.ForgeConfigSpec/CORE]: Incorrect key playerRaids.breachDecayPerSecond was corrected from null to its default, 2. 
[10Sep2026 03:20:36.770] [Test worker/DEBUG] [net.minecraftforge.common.ForgeConfigSpec/CORE]: The comment on key playerRaids.breachDecayPerSecond does not match the spec. This may create a backup.
[10Sep2026 03:20:36.770] [Test worker/WARN] [net.minecraftforge.common.ForgeConfigSpec/CORE]: Incorrect key playerRaids.breachObjectiveRadius was corrected from null to its default, 10. 
[10Sep2026 03:20:36.770] [Test worker/DEBUG] [net.minecraftforge.common.ForgeConfigSpec/CORE]: The comment on key playerRaids.breachObjectiveRadius does not match the spec. This may create a backup.
[10Sep2026 03:20:36.770] [Test worker/WARN] [net.minecraftforge.common.ForgeConfigSpec/CORE]: Incorrect key playerRaids.useVillagerRecruitsArmy was corrected from null to its default, true. 
[10Sep2026 03:20:36.771] [Test worker/DEBUG] [net.minecraftforge.common.ForgeConfigSpec/CORE]: The comment on key playerRaids.useVillagerRecruitsArmy does not match the spec. This may create a backup.
[10Sep2026 03:20:36.771] [Test worker/WARN] [net.minecraftforge.common.ForgeConfigSpec/CORE]: Incorrect key playerRaids.levelCampTerrain was corrected from null to its default, true. 
[10Sep2026 03:20:36.771] [Test worker/DEBUG] [net.minecraftforge.common.ForgeConfigSpec/CORE]: The comment on key playerRaids.levelCampTerrain does not match the spec. This may create a backup.
[10Sep2026 03:20:36.771] [Test worker/WARN] [net.minecraftforge.common.ForgeConfigSpec/CORE]: Incorrect key playerRaids.buildTemporaryWarCamps was corrected from null to its default, true. 
[10Sep2026 03:20:36.774] [Test worker/DEBUG] [net.minecraftforge.common.ForgeConfigSpec/CORE]: The comment on key playerRaids.buildTemporaryWarCamps does not match the spec. This may create a backup.
[10Sep2026 03:20:36.774] [Test worker/WARN] [net.minecraftforge.common.ForgeConfigSpec/CORE]: Incorrect key playerRaids.campDestructibleStructures was corrected from null to its default, true. 
[10Sep2026 03:20:36.775] [Test worker/DEBUG] [net.minecraftforge.common.ForgeConfigSpec/CORE]: The comment on key playerRaids.campDestructibleStructures does not match the spec. This may create a backup.
[10Sep2026 03:20:36.775] [Test worker/WARN] [net.minecraftforge.common.ForgeConfigSpec/CORE]: Incorrect key playerRaids.campBonusLootEmeralds was corrected from null to its default, 3. 
[10Sep2026 03:20:36.775] [Test worker/DEBUG] [net.minecraftforge.common.ForgeConfigSpec/CORE]: The comment on key playerRaids.campBonusLootEmeralds does not match the spec. This may create a backup.
[10Sep2026 03:20:36.775] [Test worker/WARN] [net.minecraftforge.common.ForgeConfigSpec/CORE]: Incorrect key playerRaids.cleanupTemporaryWarCamps was corrected from null to its default, true. 
[10Sep2026 03:20:36.775] [Test worker/DEBUG] [net.minecraftforge.common.ForgeConfigSpec/CORE]: The comment on key playerRaids.cleanupTemporaryWarCamps does not match the spec. This may create a backup.
[10Sep2026 03:20:36.775] [Test worker/WARN] [net.minecraftforge.common.ForgeConfigSpec/CORE]: Incorrect key playerRaids.enableAmphibiousRaids was corrected from null to its default, true. 
[10Sep2026 03:20:36.776] [Test worker/DEBUG] [net.minecraftforge.common.ForgeConfigSpec/CORE]: The comment on key playerRaids.enableAmphibiousRaids does not match the spec. This may create a backup.
[10Sep2026 03:20:36.776] [Test worker/WARN] [net.minecraftforge.common.ForgeConfigSpec/CORE]: Incorrect key playerRaids.navalStagingSearchRadius was corrected from null to its default, 64. 
[10Sep2026 03:20:36.776] [Test worker/DEBUG] [net.minecraftforge.common.ForgeConfigSpec/CORE]: The comment on key playerRaids.navalStagingSearchRadius does not match the spec. This may create a backup.
[10Sep2026 03:20:36.776] [Test worker/WARN] [net.minecraftforge.common.ForgeConfigSpec/CORE]: Incorrect key playerRaids.navalMinimumWaterBody was corrected from null to its default, 80. 
[10Sep2026 03:20:36.776] [Test worker/DEBUG] [net.minecraftforge.common.ForgeConfigSpec/CORE]: The comment on key playerRaids.navalMinimumWaterBody does not match the spec. This may create a backup.
[10Sep2026 03:20:36.776] [Test worker/WARN] [net.minecraftforge.common.ForgeConfigSpec/CORE]: Incorrect key playerRaids.navalWaveSharePercent was corrected from null to its default, 40. 
[10Sep2026 03:20:36.777] [Test worker/DEBUG] [net.minecraftforge.common.ForgeConfigSpec/CORE]: The comment on key playerRaids.navalWaveSharePercent does not match the spec. This may create a backup.
[10Sep2026 03:20:36.777] [Test worker/WARN] [net.minecraftforge.common.ForgeConfigSpec/CORE]: Incorrect key playerRaids.navalBoatSpeed was corrected from null to its default, 10. 
[10Sep2026 03:20:36.777] [Test worker/DEBUG] [net.minecraftforge.common.ForgeConfigSpec/CORE]: The comment on key playerRaids.navalBoatSpeed does not match the spec. This may create a backup.
[10Sep2026 03:20:36.777] [Test worker/WARN] [net.minecraftforge.common.ForgeConfigSpec/CORE]: Incorrect key playerRaids.enableBridgeBuilding was corrected from null to its default, true. 
[10Sep2026 03:20:36.777] [Test worker/DEBUG] [net.minecraftforge.common.ForgeConfigSpec/CORE]: The comment on key playerRaids.enableBridgeBuilding does not match the spec. This may create a backup.
[10Sep2026 03:20:36.777] [Test worker/WARN] [net.minecraftforge.common.ForgeConfigSpec/CORE]: Incorrect key playerRaids.maxBridgeSpan was corrected from null to its default, 8. 
[10Sep2026 03:20:36.777] [Test worker/DEBUG] [net.minecraftforge.common.ForgeConfigSpec/CORE]: The comment on key playerRaids.maxBridgeSpan does not match the spec. This may create a backup.
[10Sep2026 03:20:36.778] [Test worker/WARN] [net.minecraftforge.common.ForgeConfigSpec/CORE]: Incorrect key playerRaids.maxBridgesPerRaid was corrected from null to its default, 4. 
[10Sep2026 03:20:36.778] [Test worker/DEBUG] [net.minecraftforge.common.ForgeConfigSpec/CORE]: The comment on key playerRaids.maxBridgesPerRaid does not match the spec. This may create a backup.
[10Sep2026 03:20:36.778] [Test worker/WARN] [net.minecraftforge.common.ForgeConfigSpec/CORE]: Incorrect key playerRaids.enableSiegeEngines was corrected from null to its default, true. 
[10Sep2026 03:20:36.778] [Test worker/DEBUG] [net.minecraftforge.common.ForgeConfigSpec/CORE]: The comment on key playerRaids.enableSiegeEngines does not match the spec. This may create a backup.
[10Sep2026 03:20:36.778] [Test worker/DEBUG] [net.minecraftforge.common.ForgeConfigSpec/CORE]: List on key firstWaveEngines is deemed to need correction, as it is null or not a list.
[10Sep2026 03:20:36.778] [Test worker/WARN] [net.minecraftforge.common.ForgeConfigSpec/CORE]: Incorrect key playerRaids.firstWaveEngines was corrected from null to its default, [BALLISTA]. 
[10Sep2026 03:20:36.778] [Test worker/DEBUG] [net.minecraftforge.common.ForgeConfigSpec/CORE]: The comment on key playerRaids.firstWaveEngines does not match the spec. This may create a backup.
[10Sep2026 03:20:36.778] [Test worker/WARN] [net.minecraftforge.common.ForgeConfigSpec/CORE]: Incorrect key playerRaids.laterWaveEngineChancePercent was corrected from null to its default, 30. 
[10Sep2026 03:20:36.779] [Test worker/DEBUG] [net.minecraftforge.common.ForgeConfigSpec/CORE]: The comment on key playerRaids.laterWaveEngineChancePercent does not match the spec. This may create a backup.
[10Sep2026 03:20:36.779] [Test worker/WARN] [net.minecraftforge.common.ForgeConfigSpec/CORE]: Incorrect key playerRaids.cleanupSurvivingEngines was corrected from null to its default, true. 
[10Sep2026 03:20:36.779] [Test worker/DEBUG] [net.minecraftforge.common.ForgeConfigSpec/CORE]: The comment on key playerRaids.cleanupSurvivingEngines does not match the spec. This may create a backup.
[10Sep2026 03:20:36.779] [Test worker/WARN] [net.minecraftforge.common.ForgeConfigSpec/CORE]: Incorrect key playerRaids.enableSapper was corrected from null to its default, true. 
[10Sep2026 03:20:36.779] [Test worker/DEBUG] [net.minecraftforge.common.ForgeConfigSpec/CORE]: The comment on key playerRaids.enableSapper does not match the spec. This may create a backup.
[10Sep2026 03:20:36.779] [Test worker/WARN] [net.minecraftforge.common.ForgeConfigSpec/CORE]: Incorrect key playerRaids.sapperMaxPerRaid was corrected from null to its default, 3. 
[10Sep2026 03:20:36.780] [Test worker/DEBUG] [net.minecraftforge.common.ForgeConfigSpec/CORE]: The comment on key playerRaids.sapperMaxPerRaid does not match the spec. This may create a backup.
[10Sep2026 03:20:36.780] [Test worker/WARN] [net.minecraftforge.common.ForgeConfigSpec/CORE]: Incorrect key playerRaids.sapperUseVanillaTnt was corrected from null to its default, false. 
[10Sep2026 03:20:36.780] [Test worker/DEBUG] [net.minecraftforge.common.ForgeConfigSpec/CORE]: The comment on key playerRaids.sapperUseVanillaTnt does not match the spec. This may create a backup.
[10Sep2026 03:20:36.780] [Test worker/WARN] [net.minecraftforge.common.ForgeConfigSpec/CORE]: Incorrect key playerRaids.preferSmallShips was corrected from null to its default, true. 
[10Sep2026 03:20:36.781] [Test worker/DEBUG] [net.minecraftforge.common.ForgeConfigSpec/CORE]: The comment on key playerRaids.preferSmallShips does not match the spec. This may create a backup.
[10Sep2026 03:20:36.781] [Test worker/WARN] [net.minecraftforge.common.ForgeConfigSpec/CORE]: Incorrect key playerRaids.smallShipsPreferLarge was corrected from null to its default, true. 
[10Sep2026 03:20:36.782] [Test worker/DEBUG] [net.minecraftforge.common.ForgeConfigSpec/CORE]: The comment on key playerRaids.smallShipsPreferLarge does not match the spec. This may create a backup.
[10Sep2026 03:20:36.782] [Test worker/WARN] [net.minecraftforge.common.ForgeConfigSpec/CORE]: Incorrect key playerRaids.shipCrewMax was corrected from null to its default, 6. 
[10Sep2026 03:20:36.782] [Test worker/DEBUG] [net.minecraftforge.common.ForgeConfigSpec/CORE]: The comment on key playerRaids.shipCrewMax does not match the spec. This may create a backup.
[10Sep2026 03:20:36.782] [Test worker/WARN] [net.minecraftforge.common.ForgeConfigSpec/CORE]: Incorrect key playerRaids.enableWorkersCampConstruction was corrected from null to its default, true. 
[10Sep2026 03:20:36.782] [Test worker/DEBUG] [net.minecraftforge.common.ForgeConfigSpec/CORE]: The comment on key playerRaids.enableWorkersCampConstruction does not match the spec. This may create a backup.
[10Sep2026 03:20:36.782] [Test worker/WARN] [net.minecraftforge.common.ForgeConfigSpec/CORE]: Incorrect key playerRaids.campBuilderMax was corrected from null to its default, 2. 
[10Sep2026 03:20:36.783] [Test worker/DEBUG] [net.minecraftforge.common.ForgeConfigSpec/CORE]: The comment on key playerRaids.campBuilderMax does not match the spec. This may create a backup.
[10Sep2026 03:20:36.783] [Test worker/WARN] [net.minecraftforge.common.ForgeConfigSpec/CORE]: Incorrect key playerRaids.campLumberjackMax was corrected from null to its default, 2. 
[10Sep2026 03:20:36.783] [Test worker/DEBUG] [net.minecraftforge.common.ForgeConfigSpec/CORE]: The comment on key playerRaids.campLumberjackMax does not match the spec. This may create a backup.
[10Sep2026 03:20:36.783] [Test worker/WARN] [net.minecraftforge.common.ForgeConfigSpec/CORE]: Incorrect key playerRaids.campMaxBuildSeconds was corrected from null to its default, 180. 
[10Sep2026 03:20:36.783] [Test worker/DEBUG] [net.minecraftforge.common.ForgeConfigSpec/CORE]: The comment on key playerRaids.campMaxBuildSeconds does not match the spec. This may create a backup.
[10Sep2026 03:20:36.783] [Test worker/WARN] [net.minecraftforge.common.ForgeConfigSpec/CORE]: Incorrect key playerRaids.enableRaiderNarrative was corrected from null to its default, true. 
[10Sep2026 03:20:36.784] [Test worker/DEBUG] [net.minecraftforge.common.ForgeConfigSpec/CORE]: The comment on key playerRaids.enableRaiderNarrative does not match the spec. This may create a backup.
[10Sep2026 03:20:36.784] [Test worker/DEBUG] [net.minecraftforge.common.ForgeConfigSpec/CORE]: List on key allowedRaiderFactions is deemed to need correction, as it is null or not a list.
[10Sep2026 03:20:36.784] [Test worker/WARN] [net.minecraftforge.common.ForgeConfigSpec/CORE]: Incorrect key playerRaids.allowedRaiderFactions was corrected from null to its default, []. 
[10Sep2026 03:20:36.784] [Test worker/DEBUG] [net.minecraftforge.common.ForgeConfigSpec/CORE]: The comment on key playerRaids.allowedRaiderFactions does not match the spec. This may create a backup.
[10Sep2026 03:20:36.784] [Test worker/DEBUG] [net.minecraftforge.common.ForgeConfigSpec/CORE]: List on key allowedCasusBelli is deemed to need correction, as it is null or not a list.
[10Sep2026 03:20:36.784] [Test worker/WARN] [net.minecraftforge.common.ForgeConfigSpec/CORE]: Incorrect key playerRaids.allowedCasusBelli was corrected from null to its default, []. 
[10Sep2026 03:20:36.785] [Test worker/DEBUG] [net.minecraftforge.common.ForgeConfigSpec/CORE]: The comment on key playerRaids.allowedCasusBelli does not match the spec. This may create a backup.
[10Sep2026 03:20:36.785] [Test worker/WARN] [net.minecraftforge.common.ForgeConfigSpec/CORE]: Incorrect key playerRaids.narrativeInBossBar was corrected from null to its default, true. 
[10Sep2026 03:20:36.785] [Test worker/DEBUG] [net.minecraftforge.common.ForgeConfigSpec/CORE]: The comment on key playerRaids.narrativeInBossBar does not match the spec. This may create a backup.
[10Sep2026 03:20:36.785] [Test worker/WARN] [net.minecraftforge.common.ForgeConfigSpec/CORE]: Incorrect key playerRaids.enableProgressiveWaveComposition was corrected from null to its default, true. 
[10Sep2026 03:20:36.787] [Test worker/DEBUG] [net.minecraftforge.common.ForgeConfigSpec/CORE]: The comment on key playerRaids.enableProgressiveWaveComposition does not match the spec. This may create a backup.
[10Sep2026 03:20:36.787] [Test worker/WARN] [net.minecraftforge.common.ForgeConfigSpec/CORE]: Incorrect key playerRaids.enableRaiderFormations was corrected from null to its default, true. 
[10Sep2026 03:20:36.787] [Test worker/DEBUG] [net.minecraftforge.common.ForgeConfigSpec/CORE]: The comment on key playerRaids.enableRaiderFormations does not match the spec. This may create a backup.
[10Sep2026 03:20:36.787] [Test worker/WARN] [net.minecraftforge.common.ForgeConfigSpec/CORE]: Incorrect key playerRaids.announceWaveFormation was corrected from null to its default, true. 
[10Sep2026 03:20:36.790] [Test worker/DEBUG] [net.minecraftforge.common.ForgeConfigSpec/CORE]: The comment on key playerRaids.announceWaveFormation does not match the spec. This may create a backup.
[10Sep2026 03:20:36.790] [Test worker/WARN] [net.minecraftforge.common.ForgeConfigSpec/CORE]: Incorrect key playerRaids.enableLadderBuilding was corrected from null to its default, true. 
[10Sep2026 03:20:36.790] [Test worker/DEBUG] [net.minecraftforge.common.ForgeConfigSpec/CORE]: The comment on key playerRaids.enableLadderBuilding does not match the spec. This may create a backup.
[10Sep2026 03:20:36.791] [Test worker/WARN] [net.minecraftforge.common.ForgeConfigSpec/CORE]: Incorrect key playerRaids.maxLaddersPerRaid was corrected from null to its default, 6. 
[10Sep2026 03:20:36.791] [Test worker/DEBUG] [net.minecraftforge.common.ForgeConfigSpec/CORE]: The comment on key playerRaids.maxLaddersPerRaid does not match the spec. This may create a backup.
[10Sep2026 03:20:36.791] [Test worker/WARN] [net.minecraftforge.common.ForgeConfigSpec/CORE]: Incorrect key playerRaids.spawnGuidebookOnJoin was corrected from null to its default, false. 
[10Sep2026 03:20:36.791] [Test worker/DEBUG] [net.minecraftforge.common.ForgeConfigSpec/CORE]: The comment on key playerRaids.spawnGuidebookOnJoin does not match the spec. This may create a backup.
[10Sep2026 03:20:36.791] [Test worker/WARN] [net.minecraftforge.common.ForgeConfigSpec/CORE]: Incorrect key playerRaids.enableRestorableGateBreaching was corrected from null to its default, true. 
[10Sep2026 03:20:36.791] [Test worker/DEBUG] [net.minecraftforge.common.ForgeConfigSpec/CORE]: The comment on key playerRaids.enableRestorableGateBreaching does not match the spec. This may create a backup.
[10Sep2026 03:20:36.791] [Test worker/WARN] [net.minecraftforge.common.ForgeConfigSpec/CORE]: Incorrect key playerRaids.woodenBreachSeconds was corrected from null to its default, 10. 
[10Sep2026 03:20:36.792] [Test worker/DEBUG] [net.minecraftforge.common.ForgeConfigSpec/CORE]: The comment on key playerRaids.woodenBreachSeconds does not match the spec. This may create a backup.
[10Sep2026 03:20:36.792] [Test worker/WARN] [net.minecraftforge.common.ForgeConfigSpec/CORE]: Incorrect key playerRaids.reinforcedBreachSeconds was corrected from null to its default, 24. 
[10Sep2026 03:20:36.792] [Test worker/DEBUG] [net.minecraftforge.common.ForgeConfigSpec/CORE]: The comment on key playerRaids.reinforcedBreachSeconds does not match the spec. This may create a backup.
[10Sep2026 03:20:36.792] [Test worker/WARN] [net.minecraftforge.common.ForgeConfigSpec/CORE]: Incorrect key playerRaids.maximumRestorableBlocks was corrected from null to its default, 64. 
[10Sep2026 03:20:36.792] [Test worker/DEBUG] [net.minecraftforge.common.ForgeConfigSpec/CORE]: The comment on key playerRaids.maximumRestorableBlocks does not match the spec. This may create a backup.
[10Sep2026 03:20:36.792] [Test worker/WARN] [net.minecraftforge.common.ForgeConfigSpec/CORE]: Incorrect key playerRaids.restoreBreachedBlocks was corrected from null to its default, true. 
[10Sep2026 03:20:36.793] [Test worker/DEBUG] [net.minecraftforge.common.ForgeConfigSpec/CORE]: The comment on key playerRaids.restoreBreachedBlocks does not match the spec. This may create a backup.
[10Sep2026 03:20:36.793] [Test worker/WARN] [net.minecraftforge.common.ForgeConfigSpec/CORE]: Incorrect key playerRaids.raiderAdvanceSpeed was corrected from null to its default, 1.05. 
[10Sep2026 03:20:36.793] [Test worker/DEBUG] [net.minecraftforge.common.ForgeConfigSpec/CORE]: The comment on key playerRaids.raiderAdvanceSpeed does not match the spec. This may create a backup.
[10Sep2026 03:20:36.793] [Test worker/WARN] [net.minecraftforge.common.ForgeConfigSpec/CORE]: Incorrect key playerRaids.allowWorldSpawnFallback was corrected from null to its default, false. 
[10Sep2026 03:20:36.793] [Test worker/DEBUG] [net.minecraftforge.common.ForgeConfigSpec/CORE]: The comment on key playerRaids.allowWorldSpawnFallback does not match the spec. This may create a backup.
[10Sep2026 03:20:36.793] [Test worker/WARN] [net.minecraftforge.common.ForgeConfigSpec/CORE]: Incorrect key playerRaids.stagedSquads was corrected from null to its default, true. 
[10Sep2026 03:20:36.794] [Test worker/DEBUG] [net.minecraftforge.common.ForgeConfigSpec/CORE]: The comment on key playerRaids.stagedSquads does not match the spec. This may create a backup.
[10Sep2026 03:20:36.794] [Test worker/WARN] [net.minecraftforge.common.ForgeConfigSpec/CORE]: Incorrect key playerRaids.squadSize was corrected from null to its default, 4. 
[10Sep2026 03:20:36.794] [Test worker/DEBUG] [net.minecraftforge.common.ForgeConfigSpec/CORE]: The comment on key playerRaids.squadSize does not match the spec. This may create a backup.
[10Sep2026 03:20:36.794] [Test worker/WARN] [net.minecraftforge.common.ForgeConfigSpec/CORE]: Incorrect key playerRaids.squadIntervalSeconds was corrected from null to its default, 6. 
[10Sep2026 03:20:36.794] [Test worker/DEBUG] [net.minecraftforge.common.ForgeConfigSpec/CORE]: The comment on key playerRaids.squadIntervalSeconds does not match the spec. This may create a backup.
[10Sep2026 03:20:36.794] [Test worker/WARN] [net.minecraftforge.common.ForgeConfigSpec/CORE]: Incorrect key playerRaids.recruitsPerExtraEnemy was corrected from null to its default, 3. 
[10Sep2026 03:20:36.794] [Test worker/DEBUG] [net.minecraftforge.common.ForgeConfigSpec/CORE]: The comment on key playerRaids.recruitsPerExtraEnemy does not match the spec. This may create a backup.
[10Sep2026 03:20:36.794] [Test worker/WARN] [net.minecraftforge.common.ForgeConfigSpec/CORE]: Incorrect key playerRaids.maximumRecruitScalingEnemies was corrected from null to its default, 8. 
[10Sep2026 03:20:36.795] [Test worker/DEBUG] [net.minecraftforge.common.ForgeConfigSpec/CORE]: The comment on key playerRaids.maximumRecruitScalingEnemies does not match the spec. This may create a backup.
[10Sep2026 03:20:36.795] [Test worker/WARN] [net.minecraftforge.common.ForgeConfigSpec/CORE]: Incorrect key playerRaids.enableCommander was corrected from null to its default, true. 
[10Sep2026 03:20:36.796] [Test worker/DEBUG] [net.minecraftforge.common.ForgeConfigSpec/CORE]: The comment on key playerRaids.enableCommander does not match the spec. This may create a backup.
[10Sep2026 03:20:36.796] [Test worker/WARN] [net.minecraftforge.common.ForgeConfigSpec/CORE]: Incorrect key playerRaids.commanderHealthMultiplier was corrected from null to its default, 2.0. 
[10Sep2026 03:20:36.797] [Test worker/DEBUG] [net.minecraftforge.common.ForgeConfigSpec/CORE]: The comment on key playerRaids.commanderHealthMultiplier does not match the spec. This may create a backup.
[10Sep2026 03:20:36.797] [Test worker/WARN] [net.minecraftforge.common.ForgeConfigSpec/CORE]: Incorrect key playerRaids.showRaidTitles was corrected from null to its default, true. 
[10Sep2026 03:20:36.798] [Test worker/DEBUG] [net.minecraftforge.common.ForgeConfigSpec/CORE]: The comment on key playerRaids.showRaidTitles does not match the spec. This may create a backup.
[10Sep2026 03:20:36.798] [Test worker/WARN] [net.minecraftforge.common.ForgeConfigSpec/CORE]: Incorrect key playerRaids.showActionBarUpdates was corrected from null to its default, true. 
[10Sep2026 03:20:36.799] [Test worker/DEBUG] [net.minecraftforge.common.ForgeConfigSpec/CORE]: The comment on key playerRaids.showActionBarUpdates does not match the spec. This may create a backup.
[10Sep2026 03:20:36.799] [Test worker/WARN] [net.minecraftforge.common.ForgeConfigSpec/CORE]: Incorrect key playerRaids.spawnArrivalEffects was corrected from null to its default, true. 
[10Sep2026 03:20:36.799] [Test worker/DEBUG] [net.minecraftforge.common.ForgeConfigSpec/CORE]: The comment on key playerRaids.spawnArrivalEffects does not match the spec. This may create a backup.
[10Sep2026 03:20:36.799] [Test worker/WARN] [net.minecraftforge.common.ForgeConfigSpec/CORE]: Incorrect key playerRaids.victoryEmeraldsBase was corrected from null to its default, 16. 
[10Sep2026 03:20:36.799] [Test worker/DEBUG] [net.minecraftforge.common.ForgeConfigSpec/CORE]: The comment on key playerRaids.victoryEmeraldsBase does not match the spec. This may create a backup.
[10Sep2026 03:20:36.799] [Test worker/WARN] [net.minecraftforge.common.ForgeConfigSpec/CORE]: Incorrect key playerRaids.victoryEmeraldsPerWave was corrected from null to its default, 4. 
[10Sep2026 03:20:36.799] [Test worker/DEBUG] [net.minecraftforge.common.ForgeConfigSpec/CORE]: The comment on key playerRaids.victoryEmeraldsPerWave does not match the spec. This may create a backup.
[10Sep2026 03:20:36.799] [Test worker/WARN] [net.minecraftforge.common.ForgeConfigSpec/CORE]: Incorrect key playerRaids.commanderEmeraldBonus was corrected from null to its default, 12. 
[10Sep2026 03:20:36.800] [Test worker/DEBUG] [net.minecraftforge.common.ForgeConfigSpec/CORE]: The comment on key playerRaids.commanderEmeraldBonus does not match the spec. This may create a backup.
[10Sep2026 03:20:36.800] [Test worker/WARN] [net.minecraftforge.common.ForgeConfigSpec/CORE]: Incorrect key playerRaids.manualRaidsGrantRewards was corrected from null to its default, false. 
[10Sep2026 03:20:36.800] [Test worker/DEBUG] [net.minecraftforge.common.ForgeConfigSpec/CORE]: The comment on key playerRaids.manualRaidsGrantRewards does not match the spec. This may create a backup.
[10Sep2026 03:20:36.803] [Test worker/DEBUG] [net.minecraftforge.common.ForgeConfigSpec/CORE]: The comment on key playerRaids does not match the spec. This may create a backup.
[10Sep2026 03:20:36.803] [Test worker/WARN] [net.minecraftforge.common.ForgeConfigSpec/CORE]: Incorrect key compatibility was corrected from null to its default, SimpleCommentedConfig:{}. 
[10Sep2026 03:20:36.803] [Test worker/WARN] [net.minecraftforge.common.ForgeConfigSpec/CORE]: Incorrect key compatibility.enableVillagerWorkers was corrected from null to its default, true. 
[10Sep2026 03:20:36.803] [Test worker/DEBUG] [net.minecraftforge.common.ForgeConfigSpec/CORE]: The comment on key compatibility.enableVillagerWorkers does not match the spec. This may create a backup.
[10Sep2026 03:20:36.803] [Test worker/WARN] [net.minecraftforge.common.ForgeConfigSpec/CORE]: Incorrect key compatibility.protectVillagerWorkers was corrected from null to its default, true. 
[10Sep2026 03:20:36.803] [Test worker/DEBUG] [net.minecraftforge.common.ForgeConfigSpec/CORE]: The comment on key compatibility.protectVillagerWorkers does not match the spec. This may create a backup.
[10Sep2026 03:20:36.803] [Test worker/WARN] [net.minecraftforge.common.ForgeConfigSpec/CORE]: Incorrect key compatibility.enableSmallShips was corrected from null to its default, true. 
[10Sep2026 03:20:36.804] [Test worker/DEBUG] [net.minecraftforge.common.ForgeConfigSpec/CORE]: The comment on key compatibility.enableSmallShips does not match the spec. This may create a backup.
[10Sep2026 03:20:36.804] [Test worker/WARN] [net.minecraftforge.common.ForgeConfigSpec/CORE]: Incorrect key compatibility.enableSiegeWeapons was corrected from null to its default, true. 
[10Sep2026 03:20:36.804] [Test worker/DEBUG] [net.minecraftforge.common.ForgeConfigSpec/CORE]: The comment on key compatibility.enableSiegeWeapons does not match the spec. This may create a backup.
[10Sep2026 03:20:36.804] [Test worker/WARN] [net.minecraftforge.common.ForgeConfigSpec/CORE]: Incorrect key compatibility.assetDetectionRadius was corrected from null to its default, 128. 
[10Sep2026 03:20:36.804] [Test worker/DEBUG] [net.minecraftforge.common.ForgeConfigSpec/CORE]: The comment on key compatibility.assetDetectionRadius does not match the spec. This may create a backup.
[10Sep2026 03:20:36.804] [Test worker/WARN] [net.minecraftforge.common.ForgeConfigSpec/CORE]: Incorrect key compatibility.crewedAssetsPerExtraEnemy was corrected from null to its default, 2. 
[10Sep2026 03:20:36.805] [Test worker/DEBUG] [net.minecraftforge.common.ForgeConfigSpec/CORE]: The comment on key compatibility.crewedAssetsPerExtraEnemy does not match the spec. This may create a backup.
[10Sep2026 03:20:36.805] [Test worker/WARN] [net.minecraftforge.common.ForgeConfigSpec/CORE]: Incorrect key compatibility.maximumAssetScalingEnemies was corrected from null to its default, 4. 
[10Sep2026 03:20:36.806] [Test worker/DEBUG] [net.minecraftforge.common.ForgeConfigSpec/CORE]: The comment on key compatibility.maximumAssetScalingEnemies does not match the spec. This may create a backup.
[10Sep2026 03:20:36.806] [Test worker/DEBUG] [net.minecraftforge.common.ForgeConfigSpec/CORE]: The comment on key compatibility does not match the spec. This may create a backup.
[10Sep2026 03:20:36.945] [Test worker/WARN] [net.minecraftforge.common.ForgeConfigSpec/CORE]: Configuration file SimpleCommentedConfig:{} is not correct. Correcting
[10Sep2026 03:20:36.945] [Test worker/WARN] [net.minecraftforge.common.ForgeConfigSpec/CORE]: Incorrect key playerRaids was corrected from null to its default, SimpleCommentedConfig:{}. 
[10Sep2026 03:20:36.945] [Test worker/WARN] [net.minecraftforge.common.ForgeConfigSpec/CORE]: Incorrect key playerRaids.siegeCorpseSeconds was corrected from null to its default, 120. 
[10Sep2026 03:20:36.945] [Test worker/DEBUG] [net.minecraftforge.common.ForgeConfigSpec/CORE]: The comment on key playerRaids.siegeCorpseSeconds does not match the spec. This may create a backup.
[10Sep2026 03:20:36.945] [Test worker/WARN] [net.minecraftforge.common.ForgeConfigSpec/CORE]: Incorrect key playerRaids.emptyCorpseSeconds was corrected from null to its default, 60. 
[10Sep2026 03:20:36.945] [Test worker/DEBUG] [net.minecraftforge.common.ForgeConfigSpec/CORE]: The comment on key playerRaids.emptyCorpseSeconds does not match the spec. This may create a backup.
[10Sep2026 03:20:36.945] [Test worker/WARN] [net.minecraftforge.common.ForgeConfigSpec/CORE]: Incorrect key playerRaids.bankDailyInterestBasisPoints was corrected from null to its default, 100. 
[10Sep2026 03:20:36.945] [Test worker/DEBUG] [net.minecraftforge.common.ForgeConfigSpec/CORE]: The comment on key playerRaids.bankDailyInterestBasisPoints does not match the spec. This may create a backup.
[10Sep2026 03:20:36.945] [Test worker/WARN] [net.minecraftforge.common.ForgeConfigSpec/CORE]: Incorrect key playerRaids.enabled was corrected from null to its default, true. 
[10Sep2026 03:20:36.947] [Test worker/DEBUG] [net.minecraftforge.common.ForgeConfigSpec/CORE]: The comment on key playerRaids.enabled does not match the spec. This may create a backup.
[10Sep2026 03:20:36.947] [Test worker/WARN] [net.minecraftforge.common.ForgeConfigSpec/CORE]: Incorrect key playerRaids.automaticRaids was corrected from null to its default, true. 
[10Sep2026 03:20:36.947] [Test worker/DEBUG] [net.minecraftforge.common.ForgeConfigSpec/CORE]: The comment on key playerRaids.automaticRaids does not match the spec. This may create a backup.
[10Sep2026 03:20:36.947] [Test worker/WARN] [net.minecraftforge.common.ForgeConfigSpec/CORE]: Incorrect key playerRaids.minimumCooldownMinutes was corrected from null to its default, 60. 
[10Sep2026 03:20:36.947] [Test worker/DEBUG] [net.minecraftforge.common.ForgeConfigSpec/CORE]: The comment on key playerRaids.minimumCooldownMinutes does not match the spec. This may create a backup.
[10Sep2026 03:20:36.947] [Test worker/WARN] [net.minecraftforge.common.ForgeConfigSpec/CORE]: Incorrect key playerRaids.maximumCooldownMinutes was corrected from null to its default, 90. 
[10Sep2026 03:20:36.947] [Test worker/DEBUG] [net.minecraftforge.common.ForgeConfigSpec/CORE]: The comment on key playerRaids.maximumCooldownMinutes does not match the spec. This may create a backup.
[10Sep2026 03:20:36.947] [Test worker/WARN] [net.minecraftforge.common.ForgeConfigSpec/CORE]: Incorrect key playerRaids.siegePreparationMinutes was corrected from null to its default, 12. 
[10Sep2026 03:20:36.947] [Test worker/DEBUG] [net.minecraftforge.common.ForgeConfigSpec/CORE]: The comment on key playerRaids.siegePreparationMinutes does not match the spec. This may create a backup.
[10Sep2026 03:20:36.947] [Test worker/WARN] [net.minecraftforge.common.ForgeConfigSpec/CORE]: Incorrect key playerRaids.warningSeconds was corrected from null to its default, 120. 
[10Sep2026 03:20:36.947] [Test worker/DEBUG] [net.minecraftforge.common.ForgeConfigSpec/CORE]: The comment on key playerRaids.warningSeconds does not match the spec. This may create a backup.
[10Sep2026 03:20:36.947] [Test worker/WARN] [net.minecraftforge.common.ForgeConfigSpec/CORE]: Incorrect key playerRaids.waves was corrected from null to its default, 5. 
[10Sep2026 03:20:36.947] [Test worker/DEBUG] [net.minecraftforge.common.ForgeConfigSpec/CORE]: The comment on key playerRaids.waves does not match the spec. This may create a backup.
[10Sep2026 03:20:36.947] [Test worker/WARN] [net.minecraftforge.common.ForgeConfigSpec/CORE]: Incorrect key playerRaids.baseEnemiesPerWave was corrected from null to its default, 10. 
[10Sep2026 03:20:36.947] [Test worker/DEBUG] [net.minecraftforge.common.ForgeConfigSpec/CORE]: The comment on key playerRaids.baseEnemiesPerWave does not match the spec. This may create a backup.
[10Sep2026 03:20:36.947] [Test worker/WARN] [net.minecraftforge.common.ForgeConfigSpec/CORE]: Incorrect key playerRaids.enemiesPerExtraPlayer was corrected from null to its default, 3. 
[10Sep2026 03:20:36.947] [Test worker/DEBUG] [net.minecraftforge.common.ForgeConfigSpec/CORE]: The comment on key playerRaids.enemiesPerExtraPlayer does not match the spec. This may create a backup.
[10Sep2026 03:20:36.947] [Test worker/WARN] [net.minecraftforge.common.ForgeConfigSpec/CORE]: Incorrect key playerRaids.maximumActiveRaiders was corrected from null to its default, 30. 
[10Sep2026 03:20:36.947] [Test worker/DEBUG] [net.minecraftforge.common.ForgeConfigSpec/CORE]: The comment on key playerRaids.maximumActiveRaiders does not match the spec. This may create a backup.
[10Sep2026 03:20:36.947] [Test worker/WARN] [net.minecraftforge.common.ForgeConfigSpec/CORE]: Incorrect key playerRaids.maximumGlobalRaiders was corrected from null to its default, 35. 
[10Sep2026 03:20:36.947] [Test worker/DEBUG] [net.minecraftforge.common.ForgeConfigSpec/CORE]: The comment on key playerRaids.maximumGlobalRaiders does not match the spec. This may create a backup.
[10Sep2026 03:20:36.948] [Test worker/WARN] [net.minecraftforge.common.ForgeConfigSpec/CORE]: Incorrect key playerRaids.maximumConcurrentRaids was corrected from null to its default, 1. 
[10Sep2026 03:20:36.948] [Test worker/DEBUG] [net.minecraftforge.common.ForgeConfigSpec/CORE]: The comment on key playerRaids.maximumConcurrentRaids does not match the spec. This may create a backup.
[10Sep2026 03:20:36.948] [Test worker/WARN] [net.minecraftforge.common.ForgeConfigSpec/CORE]: Incorrect key playerRaids.timeBetweenWavesSeconds was corrected from null to its default, 45. 
[10Sep2026 03:20:36.948] [Test worker/DEBUG] [net.minecraftforge.common.ForgeConfigSpec/CORE]: The comment on key playerRaids.timeBetweenWavesSeconds does not match the spec. This may create a backup.
[10Sep2026 03:20:36.948] [Test worker/WARN] [net.minecraftforge.common.ForgeConfigSpec/CORE]: Incorrect key playerRaids.minimumSpawnDistance was corrected from null to its default, 48. 
[10Sep2026 03:20:36.948] [Test worker/DEBUG] [net.minecraftforge.common.ForgeConfigSpec/CORE]: The comment on key playerRaids.minimumSpawnDistance does not match the spec. This may create a backup.
[10Sep2026 03:20:36.948] [Test worker/WARN] [net.minecraftforge.common.ForgeConfigSpec/CORE]: Incorrect key playerRaids.maximumSpawnDistance was corrected from null to its default, 72. 
[10Sep2026 03:20:36.948] [Test worker/DEBUG] [net.minecraftforge.common.ForgeConfigSpec/CORE]: The comment on key playerRaids.maximumSpawnDistance does not match the spec. This may create a backup.
[10Sep2026 03:20:36.948] [Test worker/WARN] [net.minecraftforge.common.ForgeConfigSpec/CORE]: Incorrect key playerRaids.defenseRadius was corrected from null to its default, 160. 
[10Sep2026 03:20:36.948] [Test worker/DEBUG] [net.minecraftforge.common.ForgeConfigSpec/CORE]: The comment on key playerRaids.defenseRadius does not match the spec. This may create a backup.
[10Sep2026 03:20:36.948] [Test worker/WARN] [net.minecraftforge.common.ForgeConfigSpec/CORE]: Incorrect key playerRaids.aggroRadius was corrected from null to its default, 40. 
[10Sep2026 03:20:36.948] [Test worker/DEBUG] [net.minecraftforge.common.ForgeConfigSpec/CORE]: The comment on key playerRaids.aggroRadius does not match the spec. This may create a backup.
[10Sep2026 03:20:36.948] [Test worker/WARN] [net.minecraftforge.common.ForgeConfigSpec/CORE]: Incorrect key playerRaids.offAxisDriftLimit was corrected from null to its default, 24. 
[10Sep2026 03:20:36.948] [Test worker/DEBUG] [net.minecraftforge.common.ForgeConfigSpec/CORE]: The comment on key playerRaids.offAxisDriftLimit does not match the spec. This may create a backup.
[10Sep2026 03:20:36.948] [Test worker/WARN] [net.minecraftforge.common.ForgeConfigSpec/CORE]: Incorrect key playerRaids.breachersIgnoreDefenders was corrected from null to its default, true. 
[10Sep2026 03:20:36.948] [Test worker/DEBUG] [net.minecraftforge.common.ForgeConfigSpec/CORE]: The comment on key playerRaids.breachersIgnoreDefenders does not match the spec. This may create a backup.
[10Sep2026 03:20:36.948] [Test worker/WARN] [net.minecraftforge.common.ForgeConfigSpec/CORE]: Incorrect key playerRaids.stuckDetectionEnabled was corrected from null to its default, true. 
[10Sep2026 03:20:36.948] [Test worker/DEBUG] [net.minecraftforge.common.ForgeConfigSpec/CORE]: The comment on key playerRaids.stuckDetectionEnabled does not match the spec. This may create a backup.
[10Sep2026 03:20:36.948] [Test worker/WARN] [net.minecraftforge.common.ForgeConfigSpec/CORE]: Incorrect key playerRaids.stuckEscalationSeconds was corrected from null to its default, 5. 
[10Sep2026 03:20:36.948] [Test worker/DEBUG] [net.minecraftforge.common.ForgeConfigSpec/CORE]: The comment on key playerRaids.stuckEscalationSeconds does not match the spec. This may create a backup.
[10Sep2026 03:20:36.948] [Test worker/WARN] [net.minecraftforge.common.ForgeConfigSpec/CORE]: Incorrect key playerRaids.innerAggroMultiplier was corrected from null to its default, 2.0. 
[10Sep2026 03:20:36.948] [Test worker/DEBUG] [net.minecraftforge.common.ForgeConfigSpec/CORE]: The comment on key playerRaids.innerAggroMultiplier does not match the spec. This may create a backup.
[10Sep2026 03:20:36.948] [Test worker/WARN] [net.minecraftforge.common.ForgeConfigSpec/CORE]: Incorrect key playerRaids.forceRepathWhenIdle was corrected from null to its default, true. 
[10Sep2026 03:20:36.948] [Test worker/DEBUG] [net.minecraftforge.common.ForgeConfigSpec/CORE]: The comment on key playerRaids.forceRepathWhenIdle does not match the spec. This may create a backup.
[10Sep2026 03:20:36.948] [Test worker/WARN] [net.minecraftforge.common.ForgeConfigSpec/CORE]: Incorrect key playerRaids.coneFallbackEnabled was corrected from null to its default, true. 
[10Sep2026 03:20:36.949] [Test worker/DEBUG] [net.minecraftforge.common.ForgeConfigSpec/CORE]: The comment on key playerRaids.coneFallbackEnabled does not match the spec. This may create a backup.
[10Sep2026 03:20:36.949] [Test worker/WARN] [net.minecraftforge.common.ForgeConfigSpec/CORE]: Incorrect key playerRaids.coneFallbackRadius was corrected from null to its default, 16. 
[10Sep2026 03:20:36.949] [Test worker/DEBUG] [net.minecraftforge.common.ForgeConfigSpec/CORE]: The comment on key playerRaids.coneFallbackRadius does not match the spec. This may create a backup.
[10Sep2026 03:20:36.949] [Test worker/WARN] [net.minecraftforge.common.ForgeConfigSpec/CORE]: Incorrect key playerRaids.coneFallbackVertical was corrected from null to its default, 7. 
[10Sep2026 03:20:36.949] [Test worker/DEBUG] [net.minecraftforge.common.ForgeConfigSpec/CORE]: The comment on key playerRaids.coneFallbackVertical does not match the spec. This may create a backup.
[10Sep2026 03:20:36.949] [Test worker/WARN] [net.minecraftforge.common.ForgeConfigSpec/CORE]: Incorrect key playerRaids.parkourEnabled was corrected from null to its default, true. 
[10Sep2026 03:20:36.949] [Test worker/DEBUG] [net.minecraftforge.common.ForgeConfigSpec/CORE]: The comment on key playerRaids.parkourEnabled does not match the spec. This may create a backup.
[10Sep2026 03:20:36.949] [Test worker/WARN] [net.minecraftforge.common.ForgeConfigSpec/CORE]: Incorrect key playerRaids.parkourMaxForward was corrected from null to its default, 3. 
[10Sep2026 03:20:36.949] [Test worker/DEBUG] [net.minecraftforge.common.ForgeConfigSpec/CORE]: The comment on key playerRaids.parkourMaxForward does not match the spec. This may create a backup.
[10Sep2026 03:20:36.949] [Test worker/WARN] [net.minecraftforge.common.ForgeConfigSpec/CORE]: Incorrect key playerRaids.avoidHazards was corrected from null to its default, true. 
[10Sep2026 03:20:36.949] [Test worker/DEBUG] [net.minecraftforge.common.ForgeConfigSpec/CORE]: The comment on key playerRaids.avoidHazards does not match the spec. This may create a backup.
[10Sep2026 03:20:36.949] [Test worker/WARN] [net.minecraftforge.common.ForgeConfigSpec/CORE]: Incorrect key playerRaids.shoutToAllies was corrected from null to its default, true. 
[10Sep2026 03:20:36.949] [Test worker/DEBUG] [net.minecraftforge.common.ForgeConfigSpec/CORE]: The comment on key playerRaids.shoutToAllies does not match the spec. This may create a backup.
[10Sep2026 03:20:36.949] [Test worker/WARN] [net.minecraftforge.common.ForgeConfigSpec/CORE]: Incorrect key playerRaids.shoutRadius was corrected from null to its default, 16. 
[10Sep2026 03:20:36.949] [Test worker/DEBUG] [net.minecraftforge.common.ForgeConfigSpec/CORE]: The comment on key playerRaids.shoutRadius does not match the spec. This may create a backup.
[10Sep2026 03:20:36.949] [Test worker/WARN] [net.minecraftforge.common.ForgeConfigSpec/CORE]: Incorrect key playerRaids.scoutingEnabled was corrected from null to its default, true. 
[10Sep2026 03:20:36.952] [Test worker/DEBUG] [net.minecraftforge.common.ForgeConfigSpec/CORE]: The comment on key playerRaids.scoutingEnabled does not match the spec. This may create a backup.
[10Sep2026 03:20:36.952] [Test worker/WARN] [net.minecraftforge.common.ForgeConfigSpec/CORE]: Incorrect key playerRaids.scoutPartySize was corrected from null to its default, 2. 
[10Sep2026 03:20:36.953] [Test worker/DEBUG] [net.minecraftforge.common.ForgeConfigSpec/CORE]: The comment on key playerRaids.scoutPartySize does not match the spec. This may create a backup.
[10Sep2026 03:20:36.953] [Test worker/WARN] [net.minecraftforge.common.ForgeConfigSpec/CORE]: Incorrect key playerRaids.scoutSpawnDistance was corrected from null to its default, 100. 
[10Sep2026 03:20:36.953] [Test worker/DEBUG] [net.minecraftforge.common.ForgeConfigSpec/CORE]: The comment on key playerRaids.scoutSpawnDistance does not match the spec. This may create a backup.
[10Sep2026 03:20:36.953] [Test worker/WARN] [net.minecraftforge.common.ForgeConfigSpec/CORE]: Incorrect key playerRaids.scoutObserveSeconds was corrected from null to its default, 45. 
[10Sep2026 03:20:36.953] [Test worker/DEBUG] [net.minecraftforge.common.ForgeConfigSpec/CORE]: The comment on key playerRaids.scoutObserveSeconds does not match the spec. This may create a backup.
[10Sep2026 03:20:36.953] [Test worker/WARN] [net.minecraftforge.common.ForgeConfigSpec/CORE]: Incorrect key playerRaids.scoutDropIntelLetter was corrected from null to its default, true. 
[10Sep2026 03:20:36.954] [Test worker/DEBUG] [net.minecraftforge.common.ForgeConfigSpec/CORE]: The comment on key playerRaids.scoutDropIntelLetter does not match the spec. This may create a backup.
[10Sep2026 03:20:36.954] [Test worker/WARN] [net.minecraftforge.common.ForgeConfigSpec/CORE]: Incorrect key playerRaids.claimAwareAnchors was corrected from null to its default, true. 
[10Sep2026 03:20:36.954] [Test worker/DEBUG] [net.minecraftforge.common.ForgeConfigSpec/CORE]: The comment on key playerRaids.claimAwareAnchors does not match the spec. This may create a backup.
[10Sep2026 03:20:36.954] [Test worker/WARN] [net.minecraftforge.common.ForgeConfigSpec/CORE]: Incorrect key playerRaids.useClaimCenterAsDefensePoint was corrected from null to its default, true. 
[10Sep2026 03:20:36.954] [Test worker/DEBUG] [net.minecraftforge.common.ForgeConfigSpec/CORE]: The comment on key playerRaids.useClaimCenterAsDefensePoint does not match the spec. This may create a backup.
[10Sep2026 03:20:36.954] [Test worker/WARN] [net.minecraftforge.common.ForgeConfigSpec/CORE]: Incorrect key playerRaids.respectDefenderClaims was corrected from null to its default, true. 
[10Sep2026 03:20:36.956] [Test worker/DEBUG] [net.minecraftforge.common.ForgeConfigSpec/CORE]: The comment on key playerRaids.respectDefenderClaims does not match the spec. This may create a backup.
[10Sep2026 03:20:36.956] [Test worker/WARN] [net.minecraftforge.common.ForgeConfigSpec/CORE]: Incorrect key playerRaids.respectForeignClaims was corrected from null to its default, true. 
[10Sep2026 03:20:36.957] [Test worker/DEBUG] [net.minecraftforge.common.ForgeConfigSpec/CORE]: The comment on key playerRaids.respectForeignClaims does not match the spec. This may create a backup.
[10Sep2026 03:20:36.957] [Test worker/WARN] [net.minecraftforge.common.ForgeConfigSpec/CORE]: Incorrect key playerRaids.raiderHealthMultiplier was corrected from null to its default, 1.0. 
[10Sep2026 03:20:36.957] [Test worker/DEBUG] [net.minecraftforge.common.ForgeConfigSpec/CORE]: The comment on key playerRaids.raiderHealthMultiplier does not match the spec. This may create a backup.
[10Sep2026 03:20:36.957] [Test worker/WARN] [net.minecraftforge.common.ForgeConfigSpec/CORE]: Incorrect key playerRaids.raiderDamageMultiplier was corrected from null to its default, 1.0. 
[10Sep2026 03:20:36.957] [Test worker/DEBUG] [net.minecraftforge.common.ForgeConfigSpec/CORE]: The comment on key playerRaids.raiderDamageMultiplier does not match the spec. This may create a backup.
[10Sep2026 03:20:36.957] [Test worker/WARN] [net.minecraftforge.common.ForgeConfigSpec/CORE]: Incorrect key playerRaids.raiderXpMultiplier was corrected from null to its default, 1.0. 
[10Sep2026 03:20:36.957] [Test worker/DEBUG] [net.minecraftforge.common.ForgeConfigSpec/CORE]: The comment on key playerRaids.raiderXpMultiplier does not match the spec. This may create a backup.
[10Sep2026 03:20:36.957] [Test worker/DEBUG] [net.minecraftforge.common.ForgeConfigSpec/CORE]: List on key civilianMobAllowlist is deemed to need correction, as it is null or not a list.
[10Sep2026 03:20:36.958] [Test worker/WARN] [net.minecraftforge.common.ForgeConfigSpec/CORE]: Incorrect key playerRaids.civilianMobAllowlist was corrected from null to its default, [mca:male_villager, mca:female_villager]. 
[10Sep2026 03:20:36.958] [Test worker/DEBUG] [net.minecraftforge.common.ForgeConfigSpec/CORE]: The comment on key playerRaids.civilianMobAllowlist does not match the spec. This may create a backup.
[10Sep2026 03:20:36.958] [Test worker/WARN] [net.minecraftforge.common.ForgeConfigSpec/CORE]: Incorrect key playerRaids.bridgeSiegesEnabled was corrected from null to its default, true. 
[10Sep2026 03:20:36.958] [Test worker/DEBUG] [net.minecraftforge.common.ForgeConfigSpec/CORE]: The comment on key playerRaids.bridgeSiegesEnabled does not match the spec. This may create a backup.
[10Sep2026 03:20:36.958] [Test worker/WARN] [net.minecraftforge.common.ForgeConfigSpec/CORE]: Incorrect key playerRaids.raiderLabelMode was corrected from null to its default, PROXIMITY. 
[10Sep2026 03:20:36.959] [Test worker/DEBUG] [net.minecraftforge.common.ForgeConfigSpec/CORE]: The comment on key playerRaids.raiderLabelMode does not match the spec. This may create a backup.
[10Sep2026 03:20:36.959] [Test worker/WARN] [net.minecraftforge.common.ForgeConfigSpec/CORE]: Incorrect key playerRaids.raiderLabelRadius was corrected from null to its default, 24. 
[10Sep2026 03:20:36.959] [Test worker/DEBUG] [net.minecraftforge.common.ForgeConfigSpec/CORE]: The comment on key playerRaids.raiderLabelRadius does not match the spec. This may create a backup.
[10Sep2026 03:20:36.959] [Test worker/WARN] [net.minecraftforge.common.ForgeConfigSpec/CORE]: Incorrect key playerRaids.raiderGlow was corrected from null to its default, true. 
[10Sep2026 03:20:36.959] [Test worker/DEBUG] [net.minecraftforge.common.ForgeConfigSpec/CORE]: The comment on key playerRaids.raiderGlow does not match the spec. This may create a backup.
[10Sep2026 03:20:36.964] [Test worker/WARN] [net.minecraftforge.common.ForgeConfigSpec/CORE]: Incorrect key playerRaids.commanderBossbarEnabled was corrected from null to its default, true. 
[10Sep2026 03:20:36.965] [Test worker/DEBUG] [net.minecraftforge.common.ForgeConfigSpec/CORE]: The comment on key playerRaids.commanderBossbarEnabled does not match the spec. This may create a backup.
[10Sep2026 03:20:36.965] [Test worker/WARN] [net.minecraftforge.common.ForgeConfigSpec/CORE]: Incorrect key playerRaids.commanderBossbarRadius was corrected from null to its default, 24. 
[10Sep2026 03:20:36.965] [Test worker/DEBUG] [net.minecraftforge.common.ForgeConfigSpec/CORE]: The comment on key playerRaids.commanderBossbarRadius does not match the spec. This may create a backup.
[10Sep2026 03:20:36.965] [Test worker/WARN] [net.minecraftforge.common.ForgeConfigSpec/CORE]: Incorrect key playerRaids.claimWaypointsEnabled was corrected from null to its default, true. 
[10Sep2026 03:20:36.965] [Test worker/DEBUG] [net.minecraftforge.common.ForgeConfigSpec/CORE]: The comment on key playerRaids.claimWaypointsEnabled does not match the spec. This may create a backup.
[10Sep2026 03:20:36.965] [Test worker/WARN] [net.minecraftforge.common.ForgeConfigSpec/CORE]: Incorrect key playerRaids.claimWaypointsNearRadius was corrected from null to its default, 48. 
[10Sep2026 03:20:36.966] [Test worker/DEBUG] [net.minecraftforge.common.ForgeConfigSpec/CORE]: The comment on key playerRaids.claimWaypointsNearRadius does not match the spec. This may create a backup.
[10Sep2026 03:20:36.966] [Test worker/WARN] [net.minecraftforge.common.ForgeConfigSpec/CORE]: Incorrect key playerRaids.claimWaypointsSamplePitch was corrected from null to its default, 4. 
[10Sep2026 03:20:36.966] [Test worker/DEBUG] [net.minecraftforge.common.ForgeConfigSpec/CORE]: The comment on key playerRaids.claimWaypointsSamplePitch does not match the spec. This may create a backup.
[10Sep2026 03:20:36.966] [Test worker/WARN] [net.minecraftforge.common.ForgeConfigSpec/CORE]: Incorrect key playerRaids.hudEnabled was corrected from null to its default, true. 
[10Sep2026 03:20:36.966] [Test worker/DEBUG] [net.minecraftforge.common.ForgeConfigSpec/CORE]: The comment on key playerRaids.hudEnabled does not match the spec. This may create a backup.
[10Sep2026 03:20:36.966] [Test worker/WARN] [net.minecraftforge.common.ForgeConfigSpec/CORE]: Incorrect key playerRaids.objectiveBeacon was corrected from null to its default, true. 
[10Sep2026 03:20:36.966] [Test worker/DEBUG] [net.minecraftforge.common.ForgeConfigSpec/CORE]: The comment on key playerRaids.objectiveBeacon does not match the spec. This may create a backup.
[10Sep2026 03:20:36.966] [Test worker/WARN] [net.minecraftforge.common.ForgeConfigSpec/CORE]: Incorrect key playerRaids.physicalBreaching was corrected from null to its default, true. 
[10Sep2026 03:20:36.966] [Test worker/DEBUG] [net.minecraftforge.common.ForgeConfigSpec/CORE]: The comment on key playerRaids.physicalBreaching does not match the spec. This may create a backup.
[10Sep2026 03:20:36.966] [Test worker/WARN] [net.minecraftforge.common.ForgeConfigSpec/CORE]: Incorrect key playerRaids.abandonDefeatMinutes was corrected from null to its default, 0. 
[10Sep2026 03:20:36.966] [Test worker/DEBUG] [net.minecraftforge.common.ForgeConfigSpec/CORE]: The comment on key playerRaids.abandonDefeatMinutes does not match the spec. This may create a backup.
[10Sep2026 03:20:36.966] [Test worker/WARN] [net.minecraftforge.common.ForgeConfigSpec/CORE]: Incorrect key playerRaids.missingEntityGraceSeconds was corrected from null to its default, 600. 
[10Sep2026 03:20:36.966] [Test worker/DEBUG] [net.minecraftforge.common.ForgeConfigSpec/CORE]: The comment on key playerRaids.missingEntityGraceSeconds does not match the spec. This may create a backup.
[10Sep2026 03:20:36.967] [Test worker/WARN] [net.minecraftforge.common.ForgeConfigSpec/CORE]: Incorrect key playerRaids.spawnRetrySeconds was corrected from null to its default, 20. 
[10Sep2026 03:20:36.967] [Test worker/DEBUG] [net.minecraftforge.common.ForgeConfigSpec/CORE]: The comment on key playerRaids.spawnRetrySeconds does not match the spec. This may create a backup.
[10Sep2026 03:20:36.967] [Test worker/WARN] [net.minecraftforge.common.ForgeConfigSpec/CORE]: Incorrect key playerRaids.minimumTpsToSpawn was corrected from null to its default, 15.0. 
[10Sep2026 03:20:36.967] [Test worker/DEBUG] [net.minecraftforge.common.ForgeConfigSpec/CORE]: The comment on key playerRaids.minimumTpsToSpawn does not match the spec. This may create a backup.
[10Sep2026 03:20:36.967] [Test worker/WARN] [net.minecraftforge.common.ForgeConfigSpec/CORE]: Incorrect key playerRaids.pauseSpawningBelowTps was corrected from null to its default, false. 
[10Sep2026 03:20:36.967] [Test worker/DEBUG] [net.minecraftforge.common.ForgeConfigSpec/CORE]: The comment on key playerRaids.pauseSpawningBelowTps does not match the spec. This may create a backup.
[10Sep2026 03:20:36.967] [Test worker/WARN] [net.minecraftforge.common.ForgeConfigSpec/CORE]: Incorrect key playerRaids.minimumTpsSustainedTicks was corrected from null to its default, 5. 
[10Sep2026 03:20:36.967] [Test worker/DEBUG] [net.minecraftforge.common.ForgeConfigSpec/CORE]: The comment on key playerRaids.minimumTpsSustainedTicks does not match the spec. This may create a backup.
[10Sep2026 03:20:36.967] [Test worker/WARN] [net.minecraftforge.common.ForgeConfigSpec/CORE]: Incorrect key playerRaids.pauseWhenFactionOffline was corrected from null to its default, true. 
[10Sep2026 03:20:36.967] [Test worker/DEBUG] [net.minecraftforge.common.ForgeConfigSpec/CORE]: The comment on key playerRaids.pauseWhenFactionOffline does not match the spec. This may create a backup.
[10Sep2026 03:20:36.967] [Test worker/WARN] [net.minecraftforge.common.ForgeConfigSpec/CORE]: Incorrect key playerRaids.ownerOnlyManagement was corrected from null to its default, true. 
[10Sep2026 03:20:36.967] [Test worker/DEBUG] [net.minecraftforge.common.ForgeConfigSpec/CORE]: The comment on key playerRaids.ownerOnlyManagement does not match the spec. This may create a backup.
[10Sep2026 03:20:36.967] [Test worker/WARN] [net.minecraftforge.common.ForgeConfigSpec/CORE]: Incorrect key playerRaids.glowFinalEnemies was corrected from null to its default, true. 
[10Sep2026 03:20:36.967] [Test worker/DEBUG] [net.minecraftforge.common.ForgeConfigSpec/CORE]: The comment on key playerRaids.glowFinalEnemies does not match the spec. This may create a backup.
[10Sep2026 03:20:36.967] [Test worker/WARN] [net.minecraftforge.common.ForgeConfigSpec/CORE]: Incorrect key playerRaids.victoryExperiencePerPlayer was corrected from null to its default, 250. 
[10Sep2026 03:20:36.967] [Test worker/DEBUG] [net.minecraftforge.common.ForgeConfigSpec/CORE]: The comment on key playerRaids.victoryExperiencePerPlayer does not match the spec. This may create a backup.
[10Sep2026 03:20:36.967] [Test worker/WARN] [net.minecraftforge.common.ForgeConfigSpec/CORE]: Incorrect key playerRaids.victoryLootEnabled was corrected from null to its default, true. 
[10Sep2026 03:20:36.967] [Test worker/DEBUG] [net.minecraftforge.common.ForgeConfigSpec/CORE]: The comment on key playerRaids.victoryLootEnabled does not match the spec. This may create a backup.
[10Sep2026 03:20:36.967] [Test worker/WARN] [net.minecraftforge.common.ForgeConfigSpec/CORE]: Incorrect key playerRaids.victoryLootTable was corrected from null to its default, siegeoverhaul:gameplay/invasion_victory. 
[10Sep2026 03:20:36.967] [Test worker/DEBUG] [net.minecraftforge.common.ForgeConfigSpec/CORE]: The comment on key playerRaids.victoryLootTable does not match the spec. This may create a backup.
[10Sep2026 03:20:36.967] [Test worker/WARN] [net.minecraftforge.common.ForgeConfigSpec/CORE]: Incorrect key playerRaids.maximumRosterMembers was corrected from null to its default, 16. 
[10Sep2026 03:20:36.967] [Test worker/DEBUG] [net.minecraftforge.common.ForgeConfigSpec/CORE]: The comment on key playerRaids.maximumRosterMembers does not match the spec. This may create a backup.
[10Sep2026 03:20:36.967] [Test worker/WARN] [net.minecraftforge.common.ForgeConfigSpec/CORE]: Incorrect key playerRaids.maximumDefensePoints was corrected from null to its default, 4. 
[10Sep2026 03:20:36.967] [Test worker/DEBUG] [net.minecraftforge.common.ForgeConfigSpec/CORE]: The comment on key playerRaids.maximumDefensePoints does not match the spec. This may create a backup.
[10Sep2026 03:20:36.967] [Test worker/WARN] [net.minecraftforge.common.ForgeConfigSpec/CORE]: Incorrect key playerRaids.enableIllusioners was corrected from null to its default, true. 
[10Sep2026 03:20:36.968] [Test worker/DEBUG] [net.minecraftforge.common.ForgeConfigSpec/CORE]: The comment on key playerRaids.enableIllusioners does not match the spec. This may create a backup.
[10Sep2026 03:20:36.968] [Test worker/WARN] [net.minecraftforge.common.ForgeConfigSpec/CORE]: Incorrect key playerRaids.protectVillagers was corrected from null to its default, true. 
[10Sep2026 03:20:36.968] [Test worker/DEBUG] [net.minecraftforge.common.ForgeConfigSpec/CORE]: The comment on key playerRaids.protectVillagers does not match the spec. This may create a backup.
[10Sep2026 03:20:36.968] [Test worker/WARN] [net.minecraftforge.common.ForgeConfigSpec/CORE]: Incorrect key playerRaids.announceGlobally was corrected from null to its default, false. 
[10Sep2026 03:20:36.968] [Test worker/DEBUG] [net.minecraftforge.common.ForgeConfigSpec/CORE]: The comment on key playerRaids.announceGlobally does not match the spec. This may create a backup.
[10Sep2026 03:20:36.968] [Test worker/WARN] [net.minecraftforge.common.ForgeConfigSpec/CORE]: Incorrect key playerRaids.requirePlayerNearAnchor was corrected from null to its default, true. 
[10Sep2026 03:20:36.968] [Test worker/DEBUG] [net.minecraftforge.common.ForgeConfigSpec/CORE]: The comment on key playerRaids.requirePlayerNearAnchor does not match the spec. This may create a backup.
[10Sep2026 03:20:36.968] [Test worker/WARN] [net.minecraftforge.common.ForgeConfigSpec/CORE]: Incorrect key playerRaids.automaticPlayerHomes was corrected from null to its default, true. 
[10Sep2026 03:20:36.968] [Test worker/DEBUG] [net.minecraftforge.common.ForgeConfigSpec/CORE]: The comment on key playerRaids.automaticPlayerHomes does not match the spec. This may create a backup.
[10Sep2026 03:20:36.968] [Test worker/WARN] [net.minecraftforge.common.ForgeConfigSpec/CORE]: Incorrect key playerRaids.followRespawnPoint was corrected from null to its default, true. 
[10Sep2026 03:20:36.968] [Test worker/DEBUG] [net.minecraftforge.common.ForgeConfigSpec/CORE]: The comment on key playerRaids.followRespawnPoint does not match the spec. This may create a backup.
[10Sep2026 03:20:36.968] [Test worker/WARN] [net.minecraftforge.common.ForgeConfigSpec/CORE]: Incorrect key playerRaids.mobilizeRecruits was corrected from null to its default, true. 
[10Sep2026 03:20:36.968] [Test worker/DEBUG] [net.minecraftforge.common.ForgeConfigSpec/CORE]: The comment on key playerRaids.mobilizeRecruits does not match the spec. This may create a backup.
[10Sep2026 03:20:36.968] [Test worker/WARN] [net.minecraftforge.common.ForgeConfigSpec/CORE]: Incorrect key playerRaids.recruitMobilizationRadius was corrected from null to its default, 128. 
[10Sep2026 03:20:36.968] [Test worker/DEBUG] [net.minecraftforge.common.ForgeConfigSpec/CORE]: The comment on key playerRaids.recruitMobilizationRadius does not match the spec. This may create a backup.
[10Sep2026 03:20:36.968] [Test worker/WARN] [net.minecraftforge.common.ForgeConfigSpec/CORE]: Incorrect key playerRaids.coreCaptureRadius was corrected from null to its default, 10. 
[10Sep2026 03:20:36.968] [Test worker/DEBUG] [net.minecraftforge.common.ForgeConfigSpec/CORE]: The comment on key playerRaids.coreCaptureRadius does not match the spec. This may create a backup.
[10Sep2026 03:20:36.968] [Test worker/WARN] [net.minecraftforge.common.ForgeConfigSpec/CORE]: Incorrect key playerRaids.coreRecaptureSeconds was corrected from null to its default, 120. 
[10Sep2026 03:20:36.968] [Test worker/DEBUG] [net.minecraftforge.common.ForgeConfigSpec/CORE]: The comment on key playerRaids.coreRecaptureSeconds does not match the spec. This may create a backup.
[10Sep2026 03:20:36.968] [Test worker/WARN] [net.minecraftforge.common.ForgeConfigSpec/CORE]: Incorrect key playerRaids.captureRadius was corrected from null to its default, 18. 
[10Sep2026 03:20:36.968] [Test worker/DEBUG] [net.minecraftforge.common.ForgeConfigSpec/CORE]: The comment on key playerRaids.captureRadius does not match the spec. This may create a backup.
[10Sep2026 03:20:36.968] [Test worker/WARN] [net.minecraftforge.common.ForgeConfigSpec/CORE]: Incorrect key playerRaids.captureTimeSeconds was corrected from null to its default, 120. 
[10Sep2026 03:20:36.968] [Test worker/DEBUG] [net.minecraftforge.common.ForgeConfigSpec/CORE]: The comment on key playerRaids.captureTimeSeconds does not match the spec. This may create a backup.
[10Sep2026 03:20:36.968] [Test worker/WARN] [net.minecraftforge.common.ForgeConfigSpec/CORE]: Incorrect key playerRaids.enableStragglerRescue was corrected from null to its default, true. 
[10Sep2026 03:20:36.968] [Test worker/DEBUG] [net.minecraftforge.common.ForgeConfigSpec/CORE]: The comment on key playerRaids.enableStragglerRescue does not match the spec. This may create a backup.
[10Sep2026 03:20:36.968] [Test worker/WARN] [net.minecraftforge.common.ForgeConfigSpec/CORE]: Incorrect key playerRaids.enableEffortBonus was corrected from null to its default, true. 
[10Sep2026 03:20:36.968] [Test worker/DEBUG] [net.minecraftforge.common.ForgeConfigSpec/CORE]: The comment on key playerRaids.enableEffortBonus does not match the spec. This may create a backup.
[10Sep2026 03:20:36.969] [Test worker/WARN] [net.minecraftforge.common.ForgeConfigSpec/CORE]: Incorrect key playerRaids.effortKillBonusSeconds was corrected from null to its default, 5. 
[10Sep2026 03:20:36.969] [Test worker/DEBUG] [net.minecraftforge.common.ForgeConfigSpec/CORE]: The comment on key playerRaids.effortKillBonusSeconds does not match the spec. This may create a backup.
[10Sep2026 03:20:36.969] [Test worker/WARN] [net.minecraftforge.common.ForgeConfigSpec/CORE]: Incorrect key playerRaids.effortBreachBonusSeconds was corrected from null to its default, 2. 
[10Sep2026 03:20:36.969] [Test worker/DEBUG] [net.minecraftforge.common.ForgeConfigSpec/CORE]: The comment on key playerRaids.effortBreachBonusSeconds does not match the spec. This may create a backup.
[10Sep2026 03:20:36.969] [Test worker/WARN] [net.minecraftforge.common.ForgeConfigSpec/CORE]: Incorrect key playerRaids.effortMaxBonusSeconds was corrected from null to its default, 30. 
[10Sep2026 03:20:36.969] [Test worker/DEBUG] [net.minecraftforge.common.ForgeConfigSpec/CORE]: The comment on key playerRaids.effortMaxBonusSeconds does not match the spec. This may create a backup.
[10Sep2026 03:20:36.969] [Test worker/WARN] [net.minecraftforge.common.ForgeConfigSpec/CORE]: Incorrect key playerRaids.captureDecayPerSecond was corrected from null to its default, 2. 
[10Sep2026 03:20:36.969] [Test worker/DEBUG] [net.minecraftforge.common.ForgeConfigSpec/CORE]: The comment on key playerRaids.captureDecayPerSecond does not match the spec. This may create a backup.
[10Sep2026 03:20:36.969] [Test worker/WARN] [net.minecraftforge.common.ForgeConfigSpec/CORE]: Incorrect key playerRaids.enableBreachPhase was corrected from null to its default, true. 
[10Sep2026 03:20:36.969] [Test worker/DEBUG] [net.minecraftforge.common.ForgeConfigSpec/CORE]: The comment on key playerRaids.enableBreachPhase does not match the spec. This may create a backup.
[10Sep2026 03:20:36.969] [Test worker/WARN] [net.minecraftforge.common.ForgeConfigSpec/CORE]: Incorrect key playerRaids.breachRadius was corrected from null to its default, 36. 
[10Sep2026 03:20:36.969] [Test worker/DEBUG] [net.minecraftforge.common.ForgeConfigSpec/CORE]: The comment on key playerRaids.breachRadius does not match the spec. This may create a backup.
[10Sep2026 03:20:36.969] [Test worker/WARN] [net.minecraftforge.common.ForgeConfigSpec/CORE]: Incorrect key playerRaids.breachTimeSeconds was corrected from null to its default, 45. 
[10Sep2026 03:20:36.969] [Test worker/DEBUG] [net.minecraftforge.common.ForgeConfigSpec/CORE]: The comment on key playerRaids.breachTimeSeconds does not match the spec. This may create a backup.
[10Sep2026 03:20:36.969] [Test worker/WARN] [net.minecraftforge.common.ForgeConfigSpec/CORE]: Incorrect key playerRaids.breachDecayPerSecond was corrected from null to its default, 2. 
[10Sep2026 03:20:36.969] [Test worker/DEBUG] [net.minecraftforge.common.ForgeConfigSpec/CORE]: The comment on key playerRaids.breachDecayPerSecond does not match the spec. This may create a backup.
[10Sep2026 03:20:36.969] [Test worker/WARN] [net.minecraftforge.common.ForgeConfigSpec/CORE]: Incorrect key playerRaids.breachObjectiveRadius was corrected from null to its default, 10. 
[10Sep2026 03:20:36.969] [Test worker/DEBUG] [net.minecraftforge.common.ForgeConfigSpec/CORE]: The comment on key playerRaids.breachObjectiveRadius does not match the spec. This may create a backup.
[10Sep2026 03:20:36.969] [Test worker/WARN] [net.minecraftforge.common.ForgeConfigSpec/CORE]: Incorrect key playerRaids.useVillagerRecruitsArmy was corrected from null to its default, true. 
[10Sep2026 03:20:36.969] [Test worker/DEBUG] [net.minecraftforge.common.ForgeConfigSpec/CORE]: The comment on key playerRaids.useVillagerRecruitsArmy does not match the spec. This may create a backup.
[10Sep2026 03:20:36.969] [Test worker/WARN] [net.minecraftforge.common.ForgeConfigSpec/CORE]: Incorrect key playerRaids.levelCampTerrain was corrected from null to its default, true. 
[10Sep2026 03:20:36.969] [Test worker/DEBUG] [net.minecraftforge.common.ForgeConfigSpec/CORE]: The comment on key playerRaids.levelCampTerrain does not match the spec. This may create a backup.
[10Sep2026 03:20:36.969] [Test worker/WARN] [net.minecraftforge.common.ForgeConfigSpec/CORE]: Incorrect key playerRaids.buildTemporaryWarCamps was corrected from null to its default, true. 
[10Sep2026 03:20:36.969] [Test worker/DEBUG] [net.minecraftforge.common.ForgeConfigSpec/CORE]: The comment on key playerRaids.buildTemporaryWarCamps does not match the spec. This may create a backup.
[10Sep2026 03:20:36.969] [Test worker/WARN] [net.minecraftforge.common.ForgeConfigSpec/CORE]: Incorrect key playerRaids.campDestructibleStructures was corrected from null to its default, true. 
[10Sep2026 03:20:36.969] [Test worker/DEBUG] [net.minecraftforge.common.ForgeConfigSpec/CORE]: The comment on key playerRaids.campDestructibleStructures does not match the spec. This may create a backup.
[10Sep2026 03:20:36.969] [Test worker/WARN] [net.minecraftforge.common.ForgeConfigSpec/CORE]: Incorrect key playerRaids.campBonusLootEmeralds was corrected from null to its default, 3. 
[10Sep2026 03:20:36.969] [Test worker/DEBUG] [net.minecraftforge.common.ForgeConfigSpec/CORE]: The comment on key playerRaids.campBonusLootEmeralds does not match the spec. This may create a backup.
[10Sep2026 03:20:36.969] [Test worker/WARN] [net.minecraftforge.common.ForgeConfigSpec/CORE]: Incorrect key playerRaids.cleanupTemporaryWarCamps was corrected from null to its default, true. 
[10Sep2026 03:20:36.970] [Test worker/DEBUG] [net.minecraftforge.common.ForgeConfigSpec/CORE]: The comment on key playerRaids.cleanupTemporaryWarCamps does not match the spec. This may create a backup.
[10Sep2026 03:20:36.970] [Test worker/WARN] [net.minecraftforge.common.ForgeConfigSpec/CORE]: Incorrect key playerRaids.enableAmphibiousRaids was corrected from null to its default, true. 
[10Sep2026 03:20:36.970] [Test worker/DEBUG] [net.minecraftforge.common.ForgeConfigSpec/CORE]: The comment on key playerRaids.enableAmphibiousRaids does not match the spec. This may create a backup.
[10Sep2026 03:20:36.970] [Test worker/WARN] [net.minecraftforge.common.ForgeConfigSpec/CORE]: Incorrect key playerRaids.navalStagingSearchRadius was corrected from null to its default, 64. 
[10Sep2026 03:20:36.970] [Test worker/DEBUG] [net.minecraftforge.common.ForgeConfigSpec/CORE]: The comment on key playerRaids.navalStagingSearchRadius does not match the spec. This may create a backup.
[10Sep2026 03:20:36.970] [Test worker/WARN] [net.minecraftforge.common.ForgeConfigSpec/CORE]: Incorrect key playerRaids.navalMinimumWaterBody was corrected from null to its default, 80. 
[10Sep2026 03:20:36.970] [Test worker/DEBUG] [net.minecraftforge.common.ForgeConfigSpec/CORE]: The comment on key playerRaids.navalMinimumWaterBody does not match the spec. This may create a backup.
[10Sep2026 03:20:36.970] [Test worker/WARN] [net.minecraftforge.common.ForgeConfigSpec/CORE]: Incorrect key playerRaids.navalWaveSharePercent was corrected from null to its default, 40. 
[10Sep2026 03:20:36.970] [Test worker/DEBUG] [net.minecraftforge.common.ForgeConfigSpec/CORE]: The comment on key playerRaids.navalWaveSharePercent does not match the spec. This may create a backup.
[10Sep2026 03:20:36.970] [Test worker/WARN] [net.minecraftforge.common.ForgeConfigSpec/CORE]: Incorrect key playerRaids.navalBoatSpeed was corrected from null to its default, 10. 
[10Sep2026 03:20:36.970] [Test worker/DEBUG] [net.minecraftforge.common.ForgeConfigSpec/CORE]: The comment on key playerRaids.navalBoatSpeed does not match the spec. This may create a backup.
[10Sep2026 03:20:36.970] [Test worker/WARN] [net.minecraftforge.common.ForgeConfigSpec/CORE]: Incorrect key playerRaids.enableBridgeBuilding was corrected from null to its default, true. 
[10Sep2026 03:20:36.970] [Test worker/DEBUG] [net.minecraftforge.common.ForgeConfigSpec/CORE]: The comment on key playerRaids.enableBridgeBuilding does not match the spec. This may create a backup.
[10Sep2026 03:20:36.970] [Test worker/WARN] [net.minecraftforge.common.ForgeConfigSpec/CORE]: Incorrect key playerRaids.maxBridgeSpan was corrected from null to its default, 8. 
[10Sep2026 03:20:36.970] [Test worker/DEBUG] [net.minecraftforge.common.ForgeConfigSpec/CORE]: The comment on key playerRaids.maxBridgeSpan does not match the spec. This may create a backup.
[10Sep2026 03:20:36.970] [Test worker/WARN] [net.minecraftforge.common.ForgeConfigSpec/CORE]: Incorrect key playerRaids.maxBridgesPerRaid was corrected from null to its default, 4. 
[10Sep2026 03:20:36.970] [Test worker/DEBUG] [net.minecraftforge.common.ForgeConfigSpec/CORE]: The comment on key playerRaids.maxBridgesPerRaid does not match the spec. This may create a backup.
[10Sep2026 03:20:36.970] [Test worker/WARN] [net.minecraftforge.common.ForgeConfigSpec/CORE]: Incorrect key playerRaids.enableSiegeEngines was corrected from null to its default, true. 
[10Sep2026 03:20:36.970] [Test worker/DEBUG] [net.minecraftforge.common.ForgeConfigSpec/CORE]: The comment on key playerRaids.enableSiegeEngines does not match the spec. This may create a backup.
[10Sep2026 03:20:36.970] [Test worker/DEBUG] [net.minecraftforge.common.ForgeConfigSpec/CORE]: List on key firstWaveEngines is deemed to need correction, as it is null or not a list.
[10Sep2026 03:20:36.970] [Test worker/WARN] [net.minecraftforge.common.ForgeConfigSpec/CORE]: Incorrect key playerRaids.firstWaveEngines was corrected from null to its default, [BALLISTA]. 
[10Sep2026 03:20:36.970] [Test worker/DEBUG] [net.minecraftforge.common.ForgeConfigSpec/CORE]: The comment on key playerRaids.firstWaveEngines does not match the spec. This may create a backup.
[10Sep2026 03:20:36.970] [Test worker/WARN] [net.minecraftforge.common.ForgeConfigSpec/CORE]: Incorrect key playerRaids.laterWaveEngineChancePercent was corrected from null to its default, 30. 
[10Sep2026 03:20:36.970] [Test worker/DEBUG] [net.minecraftforge.common.ForgeConfigSpec/CORE]: The comment on key playerRaids.laterWaveEngineChancePercent does not match the spec. This may create a backup.
[10Sep2026 03:20:36.970] [Test worker/WARN] [net.minecraftforge.common.ForgeConfigSpec/CORE]: Incorrect key playerRaids.cleanupSurvivingEngines was corrected from null to its default, true. 
[10Sep2026 03:20:36.970] [Test worker/DEBUG] [net.minecraftforge.common.ForgeConfigSpec/CORE]: The comment on key playerRaids.cleanupSurvivingEngines does not match the spec. This may create a backup.
[10Sep2026 03:20:36.971] [Test worker/WARN] [net.minecraftforge.common.ForgeConfigSpec/CORE]: Incorrect key playerRaids.enableSapper was corrected from null to its default, true. 
[10Sep2026 03:20:36.971] [Test worker/DEBUG] [net.minecraftforge.common.ForgeConfigSpec/CORE]: The comment on key playerRaids.enableSapper does not match the spec. This may create a backup.
[10Sep2026 03:20:36.971] [Test worker/WARN] [net.minecraftforge.common.ForgeConfigSpec/CORE]: Incorrect key playerRaids.sapperMaxPerRaid was corrected from null to its default, 3. 
[10Sep2026 03:20:36.971] [Test worker/DEBUG] [net.minecraftforge.common.ForgeConfigSpec/CORE]: The comment on key playerRaids.sapperMaxPerRaid does not match the spec. This may create a backup.
[10Sep2026 03:20:36.971] [Test worker/WARN] [net.minecraftforge.common.ForgeConfigSpec/CORE]: Incorrect key playerRaids.sapperUseVanillaTnt was corrected from null to its default, false. 
[10Sep2026 03:20:36.971] [Test worker/DEBUG] [net.minecraftforge.common.ForgeConfigSpec/CORE]: The comment on key playerRaids.sapperUseVanillaTnt does not match the spec. This may create a backup.
[10Sep2026 03:20:36.971] [Test worker/WARN] [net.minecraftforge.common.ForgeConfigSpec/CORE]: Incorrect key playerRaids.preferSmallShips was corrected from null to its default, true. 
[10Sep2026 03:20:36.971] [Test worker/DEBUG] [net.minecraftforge.common.ForgeConfigSpec/CORE]: The comment on key playerRaids.preferSmallShips does not match the spec. This may create a backup.
[10Sep2026 03:20:36.971] [Test worker/WARN] [net.minecraftforge.common.ForgeConfigSpec/CORE]: Incorrect key playerRaids.smallShipsPreferLarge was corrected from null to its default, true. 
[10Sep2026 03:20:36.971] [Test worker/DEBUG] [net.minecraftforge.common.ForgeConfigSpec/CORE]: The comment on key playerRaids.smallShipsPreferLarge does not match the spec. This may create a backup.
[10Sep2026 03:20:36.971] [Test worker/WARN] [net.minecraftforge.common.ForgeConfigSpec/CORE]: Incorrect key playerRaids.shipCrewMax was corrected from null to its default, 6. 
[10Sep2026 03:20:36.971] [Test worker/DEBUG] [net.minecraftforge.common.ForgeConfigSpec/CORE]: The comment on key playerRaids.shipCrewMax does not match the spec. This may create a backup.
[10Sep2026 03:20:36.971] [Test worker/WARN] [net.minecraftforge.common.ForgeConfigSpec/CORE]: Incorrect key playerRaids.enableWorkersCampConstruction was corrected from null to its default, true. 
[10Sep2026 03:20:36.971] [Test worker/DEBUG] [net.minecraftforge.common.ForgeConfigSpec/CORE]: The comment on key playerRaids.enableWorkersCampConstruction does not match the spec. This may create a backup.
[10Sep2026 03:20:36.971] [Test worker/WARN] [net.minecraftforge.common.ForgeConfigSpec/CORE]: Incorrect key playerRaids.campBuilderMax was corrected from null to its default, 2. 
[10Sep2026 03:20:36.971] [Test worker/DEBUG] [net.minecraftforge.common.ForgeConfigSpec/CORE]: The comment on key playerRaids.campBuilderMax does not match the spec. This may create a backup.
[10Sep2026 03:20:36.971] [Test worker/WARN] [net.minecraftforge.common.ForgeConfigSpec/CORE]: Incorrect key playerRaids.campLumberjackMax was corrected from null to its default, 2. 
[10Sep2026 03:20:36.971] [Test worker/DEBUG] [net.minecraftforge.common.ForgeConfigSpec/CORE]: The comment on key playerRaids.campLumberjackMax does not match the spec. This may create a backup.
[10Sep2026 03:20:36.971] [Test worker/WARN] [net.minecraftforge.common.ForgeConfigSpec/CORE]: Incorrect key playerRaids.campMaxBuildSeconds was corrected from null to its default, 180. 
[10Sep2026 03:20:36.971] [Test worker/DEBUG] [net.minecraftforge.common.ForgeConfigSpec/CORE]: The comment on key playerRaids.campMaxBuildSeconds does not match the spec. This may create a backup.
[10Sep2026 03:20:36.971] [Test worker/WARN] [net.minecraftforge.common.ForgeConfigSpec/CORE]: Incorrect key playerRaids.enableRaiderNarrative was corrected from null to its default, true. 
[10Sep2026 03:20:36.971] [Test worker/DEBUG] [net.minecraftforge.common.ForgeConfigSpec/CORE]: The comment on key playerRaids.enableRaiderNarrative does not match the spec. This may create a backup.
[10Sep2026 03:20:36.971] [Test worker/DEBUG] [net.minecraftforge.common.ForgeConfigSpec/CORE]: List on key allowedRaiderFactions is deemed to need correction, as it is null or not a list.
[10Sep2026 03:20:36.971] [Test worker/WARN] [net.minecraftforge.common.ForgeConfigSpec/CORE]: Incorrect key playerRaids.allowedRaiderFactions was corrected from null to its default, []. 
[10Sep2026 03:20:36.971] [Test worker/DEBUG] [net.minecraftforge.common.ForgeConfigSpec/CORE]: The comment on key playerRaids.allowedRaiderFactions does not match the spec. This may create a backup.
[10Sep2026 03:20:36.971] [Test worker/DEBUG] [net.minecraftforge.common.ForgeConfigSpec/CORE]: List on key allowedCasusBelli is deemed to need correction, as it is null or not a list.
[10Sep2026 03:20:36.971] [Test worker/WARN] [net.minecraftforge.common.ForgeConfigSpec/CORE]: Incorrect key playerRaids.allowedCasusBelli was corrected from null to its default, []. 
[10Sep2026 03:20:36.971] [Test worker/DEBUG] [net.minecraftforge.common.ForgeConfigSpec/CORE]: The comment on key playerRaids.allowedCasusBelli does not match the spec. This may create a backup.
[10Sep2026 03:20:36.971] [Test worker/WARN] [net.minecraftforge.common.ForgeConfigSpec/CORE]: Incorrect key playerRaids.narrativeInBossBar was corrected from null to its default, true. 
[10Sep2026 03:20:36.972] [Test worker/DEBUG] [net.minecraftforge.common.ForgeConfigSpec/CORE]: The comment on key playerRaids.narrativeInBossBar does not match the spec. This may create a backup.
[10Sep2026 03:20:36.972] [Test worker/WARN] [net.minecraftforge.common.ForgeConfigSpec/CORE]: Incorrect key playerRaids.enableProgressiveWaveComposition was corrected from null to its default, true. 
[10Sep2026 03:20:36.972] [Test worker/DEBUG] [net.minecraftforge.common.ForgeConfigSpec/CORE]: The comment on key playerRaids.enableProgressiveWaveComposition does not match the spec. This may create a backup.
[10Sep2026 03:20:36.972] [Test worker/WARN] [net.minecraftforge.common.ForgeConfigSpec/CORE]: Incorrect key playerRaids.enableRaiderFormations was corrected from null to its default, true. 
[10Sep2026 03:20:36.972] [Test worker/DEBUG] [net.minecraftforge.common.ForgeConfigSpec/CORE]: The comment on key playerRaids.enableRaiderFormations does not match the spec. This may create a backup.
[10Sep2026 03:20:36.972] [Test worker/WARN] [net.minecraftforge.common.ForgeConfigSpec/CORE]: Incorrect key playerRaids.announceWaveFormation was corrected from null to its default, true. 
[10Sep2026 03:20:36.972] [Test worker/DEBUG] [net.minecraftforge.common.ForgeConfigSpec/CORE]: The comment on key playerRaids.announceWaveFormation does not match the spec. This may create a backup.
[10Sep2026 03:20:36.972] [Test worker/WARN] [net.minecraftforge.common.ForgeConfigSpec/CORE]: Incorrect key playerRaids.enableLadderBuilding was corrected from null to its default, true. 
[10Sep2026 03:20:36.972] [Test worker/DEBUG] [net.minecraftforge.common.ForgeConfigSpec/CORE]: The comment on key playerRaids.enableLadderBuilding does not match the spec. This may create a backup.
[10Sep2026 03:20:36.972] [Test worker/WARN] [net.minecraftforge.common.ForgeConfigSpec/CORE]: Incorrect key playerRaids.maxLaddersPerRaid was corrected from null to its default, 6. 
[10Sep2026 03:20:36.972] [Test worker/DEBUG] [net.minecraftforge.common.ForgeConfigSpec/CORE]: The comment on key playerRaids.maxLaddersPerRaid does not match the spec. This may create a backup.
[10Sep2026 03:20:36.972] [Test worker/WARN] [net.minecraftforge.common.ForgeConfigSpec/CORE]: Incorrect key playerRaids.spawnGuidebookOnJoin was corrected from null to its default, false. 
[10Sep2026 03:20:36.972] [Test worker/DEBUG] [net.minecraftforge.common.ForgeConfigSpec/CORE]: The comment on key playerRaids.spawnGuidebookOnJoin does not match the spec. This may create a backup.
[10Sep2026 03:20:36.972] [Test worker/WARN] [net.minecraftforge.common.ForgeConfigSpec/CORE]: Incorrect key playerRaids.enableRestorableGateBreaching was corrected from null to its default, true. 
[10Sep2026 03:20:36.972] [Test worker/DEBUG] [net.minecraftforge.common.ForgeConfigSpec/CORE]: The comment on key playerRaids.enableRestorableGateBreaching does not match the spec. This may create a backup.
[10Sep2026 03:20:36.972] [Test worker/WARN] [net.minecraftforge.common.ForgeConfigSpec/CORE]: Incorrect key playerRaids.woodenBreachSeconds was corrected from null to its default, 10. 
[10Sep2026 03:20:36.972] [Test worker/DEBUG] [net.minecraftforge.common.ForgeConfigSpec/CORE]: The comment on key playerRaids.woodenBreachSeconds does not match the spec. This may create a backup.
[10Sep2026 03:20:36.972] [Test worker/WARN] [net.minecraftforge.common.ForgeConfigSpec/CORE]: Incorrect key playerRaids.reinforcedBreachSeconds was corrected from null to its default, 24. 
[10Sep2026 03:20:36.972] [Test worker/DEBUG] [net.minecraftforge.common.ForgeConfigSpec/CORE]: The comment on key playerRaids.reinforcedBreachSeconds does not match the spec. This may create a backup.
[10Sep2026 03:20:36.972] [Test worker/WARN] [net.minecraftforge.common.ForgeConfigSpec/CORE]: Incorrect key playerRaids.maximumRestorableBlocks was corrected from null to its default, 64. 
[10Sep2026 03:20:36.972] [Test worker/DEBUG] [net.minecraftforge.common.ForgeConfigSpec/CORE]: The comment on key playerRaids.maximumRestorableBlocks does not match the spec. This may create a backup.
[10Sep2026 03:20:36.972] [Test worker/WARN] [net.minecraftforge.common.ForgeConfigSpec/CORE]: Incorrect key playerRaids.restoreBreachedBlocks was corrected from null to its default, true. 
[10Sep2026 03:20:36.972] [Test worker/DEBUG] [net.minecraftforge.common.ForgeConfigSpec/CORE]: The comment on key playerRaids.restoreBreachedBlocks does not match the spec. This may create a backup.
[10Sep2026 03:20:36.972] [Test worker/WARN] [net.minecraftforge.common.ForgeConfigSpec/CORE]: Incorrect key playerRaids.raiderAdvanceSpeed was corrected from null to its default, 1.05. 
[10Sep2026 03:20:36.972] [Test worker/DEBUG] [net.minecraftforge.common.ForgeConfigSpec/CORE]: The comment on key playerRaids.raiderAdvanceSpeed does not match the spec. This may create a backup.
[10Sep2026 03:20:36.972] [Test worker/WARN] [net.minecraftforge.common.ForgeConfigSpec/CORE]: Incorrect key playerRaids.allowWorldSpawnFallback was corrected from null to its default, false. 
[10Sep2026 03:20:36.973] [Test worker/DEBUG] [net.minecraftforge.common.ForgeConfigSpec/CORE]: The comment on key playerRaids.allowWorldSpawnFallback does not match the spec. This may create a backup.
[10Sep2026 03:20:36.973] [Test worker/WARN] [net.minecraftforge.common.ForgeConfigSpec/CORE]: Incorrect key playerRaids.stagedSquads was corrected from null to its default, true. 
[10Sep2026 03:20:36.973] [Test worker/DEBUG] [net.minecraftforge.common.ForgeConfigSpec/CORE]: The comment on key playerRaids.stagedSquads does not match the spec. This may create a backup.
[10Sep2026 03:20:36.973] [Test worker/WARN] [net.minecraftforge.common.ForgeConfigSpec/CORE]: Incorrect key playerRaids.squadSize was corrected from null to its default, 4. 
[10Sep2026 03:20:36.973] [Test worker/DEBUG] [net.minecraftforge.common.ForgeConfigSpec/CORE]: The comment on key playerRaids.squadSize does not match the spec. This may create a backup.
[10Sep2026 03:20:36.973] [Test worker/WARN] [net.minecraftforge.common.ForgeConfigSpec/CORE]: Incorrect key playerRaids.squadIntervalSeconds was corrected from null to its default, 6. 
[10Sep2026 03:20:36.973] [Test worker/DEBUG] [net.minecraftforge.common.ForgeConfigSpec/CORE]: The comment on key playerRaids.squadIntervalSeconds does not match the spec. This may create a backup.
[10Sep2026 03:20:36.973] [Test worker/WARN] [net.minecraftforge.common.ForgeConfigSpec/CORE]: Incorrect key playerRaids.recruitsPerExtraEnemy was corrected from null to its default, 3. 
[10Sep2026 03:20:36.977] [Test worker/DEBUG] [net.minecraftforge.common.ForgeConfigSpec/CORE]: The comment on key playerRaids.recruitsPerExtraEnemy does not match the spec. This may create a backup.
[10Sep2026 03:20:36.977] [Test worker/WARN] [net.minecraftforge.common.ForgeConfigSpec/CORE]: Incorrect key playerRaids.maximumRecruitScalingEnemies was corrected from null to its default, 8. 
[10Sep2026 03:20:36.977] [Test worker/DEBUG] [net.minecraftforge.common.ForgeConfigSpec/CORE]: The comment on key playerRaids.maximumRecruitScalingEnemies does not match the spec. This may create a backup.
[10Sep2026 03:20:36.977] [Test worker/WARN] [net.minecraftforge.common.ForgeConfigSpec/CORE]: Incorrect key playerRaids.enableCommander was corrected from null to its default, true. 
[10Sep2026 03:20:36.977] [Test worker/DEBUG] [net.minecraftforge.common.ForgeConfigSpec/CORE]: The comment on key playerRaids.enableCommander does not match the spec. This may create a backup.
[10Sep2026 03:20:36.977] [Test worker/WARN] [net.minecraftforge.common.ForgeConfigSpec/CORE]: Incorrect key playerRaids.commanderHealthMultiplier was corrected from null to its default, 2.0. 
[10Sep2026 03:20:36.977] [Test worker/DEBUG] [net.minecraftforge.common.ForgeConfigSpec/CORE]: The comment on key playerRaids.commanderHealthMultiplier does not match the spec. This may create a backup.
[10Sep2026 03:20:36.977] [Test worker/WARN] [net.minecraftforge.common.ForgeConfigSpec/CORE]: Incorrect key playerRaids.showRaidTitles was corrected from null to its default, true. 
[10Sep2026 03:20:36.977] [Test worker/DEBUG] [net.minecraftforge.common.ForgeConfigSpec/CORE]: The comment on key playerRaids.showRaidTitles does not match the spec. This may create a backup.
[10Sep2026 03:20:36.977] [Test worker/WARN] [net.minecraftforge.common.ForgeConfigSpec/CORE]: Incorrect key playerRaids.showActionBarUpdates was corrected from null to its default, true. 
[10Sep2026 03:20:36.977] [Test worker/DEBUG] [net.minecraftforge.common.ForgeConfigSpec/CORE]: The comment on key playerRaids.showActionBarUpdates does not match the spec. This may create a backup.
[10Sep2026 03:20:36.977] [Test worker/WARN] [net.minecraftforge.common.ForgeConfigSpec/CORE]: Incorrect key playerRaids.spawnArrivalEffects was corrected from null to its default, true. 
[10Sep2026 03:20:36.977] [Test worker/DEBUG] [net.minecraftforge.common.ForgeConfigSpec/CORE]: The comment on key playerRaids.spawnArrivalEffects does not match the spec. This may create a backup.
[10Sep2026 03:20:36.977] [Test worker/WARN] [net.minecraftforge.common.ForgeConfigSpec/CORE]: Incorrect key playerRaids.victoryEmeraldsBase was corrected from null to its default, 16. 
[10Sep2026 03:20:36.977] [Test worker/DEBUG] [net.minecraftforge.common.ForgeConfigSpec/CORE]: The comment on key playerRaids.victoryEmeraldsBase does not match the spec. This may create a backup.
[10Sep2026 03:20:36.977] [Test worker/WARN] [net.minecraftforge.common.ForgeConfigSpec/CORE]: Incorrect key playerRaids.victoryEmeraldsPerWave was corrected from null to its default, 4. 
[10Sep2026 03:20:36.978] [Test worker/DEBUG] [net.minecraftforge.common.ForgeConfigSpec/CORE]: The comment on key playerRaids.victoryEmeraldsPerWave does not match the spec. This may create a backup.
[10Sep2026 03:20:36.978] [Test worker/WARN] [net.minecraftforge.common.ForgeConfigSpec/CORE]: Incorrect key playerRaids.commanderEmeraldBonus was corrected from null to its default, 12. 
[10Sep2026 03:20:36.978] [Test worker/DEBUG] [net.minecraftforge.common.ForgeConfigSpec/CORE]: The comment on key playerRaids.commanderEmeraldBonus does not match the spec. This may create a backup.
[10Sep2026 03:20:36.978] [Test worker/WARN] [net.minecraftforge.common.ForgeConfigSpec/CORE]: Incorrect key playerRaids.manualRaidsGrantRewards was corrected from null to its default, false. 
[10Sep2026 03:20:36.978] [Test worker/DEBUG] [net.minecraftforge.common.ForgeConfigSpec/CORE]: The comment on key playerRaids.manualRaidsGrantRewards does not match the spec. This may create a backup.
[10Sep2026 03:20:36.978] [Test worker/DEBUG] [net.minecraftforge.common.ForgeConfigSpec/CORE]: The comment on key playerRaids does not match the spec. This may create a backup.
[10Sep2026 03:20:36.978] [Test worker/WARN] [net.minecraftforge.common.ForgeConfigSpec/CORE]: Incorrect key compatibility was corrected from null to its default, SimpleCommentedConfig:{}. 
[10Sep2026 03:20:36.978] [Test worker/WARN] [net.minecraftforge.common.ForgeConfigSpec/CORE]: Incorrect key compatibility.enableVillagerWorkers was corrected from null to its default, true. 
[10Sep2026 03:20:36.978] [Test worker/DEBUG] [net.minecraftforge.common.ForgeConfigSpec/CORE]: The comment on key compatibility.enableVillagerWorkers does not match the spec. This may create a backup.
[10Sep2026 03:20:36.978] [Test worker/WARN] [net.minecraftforge.common.ForgeConfigSpec/CORE]: Incorrect key compatibility.protectVillagerWorkers was corrected from null to its default, true. 
[10Sep2026 03:20:36.978] [Test worker/DEBUG] [net.minecraftforge.common.ForgeConfigSpec/CORE]: The comment on key compatibility.protectVillagerWorkers does not match the spec. This may create a backup.
[10Sep2026 03:20:36.978] [Test worker/WARN] [net.minecraftforge.common.ForgeConfigSpec/CORE]: Incorrect key compatibility.enableSmallShips was corrected from null to its default, true. 
[10Sep2026 03:20:36.978] [Test worker/DEBUG] [net.minecraftforge.common.ForgeConfigSpec/CORE]: The comment on key compatibility.enableSmallShips does not match the spec. This may create a backup.
[10Sep2026 03:20:36.978] [Test worker/WARN] [net.minecraftforge.common.ForgeConfigSpec/CORE]: Incorrect key compatibility.enableSiegeWeapons was corrected from null to its default, true. 
[10Sep2026 03:20:36.978] [Test worker/DEBUG] [net.minecraftforge.common.ForgeConfigSpec/CORE]: The comment on key compatibility.enableSiegeWeapons does not match the spec. This may create a backup.
[10Sep2026 03:20:36.978] [Test worker/WARN] [net.minecraftforge.common.ForgeConfigSpec/CORE]: Incorrect key compatibility.assetDetectionRadius was corrected from null to its default, 128. 
[10Sep2026 03:20:36.978] [Test worker/DEBUG] [net.minecraftforge.common.ForgeConfigSpec/CORE]: The comment on key compatibility.assetDetectionRadius does not match the spec. This may create a backup.
[10Sep2026 03:20:36.978] [Test worker/WARN] [net.minecraftforge.common.ForgeConfigSpec/CORE]: Incorrect key compatibility.crewedAssetsPerExtraEnemy was corrected from null to its default, 2. 
[10Sep2026 03:20:36.978] [Test worker/DEBUG] [net.minecraftforge.common.ForgeConfigSpec/CORE]: The comment on key compatibility.crewedAssetsPerExtraEnemy does not match the spec. This may create a backup.
[10Sep2026 03:20:36.978] [Test worker/WARN] [net.minecraftforge.common.ForgeConfigSpec/CORE]: Incorrect key compatibility.maximumAssetScalingEnemies was corrected from null to its default, 4. 
[10Sep2026 03:20:36.978] [Test worker/DEBUG] [net.minecraftforge.common.ForgeConfigSpec/CORE]: The comment on key compatibility.maximumAssetScalingEnemies does not match the spec. This may create a backup.
[10Sep2026 03:20:36.978] [Test worker/DEBUG] [net.minecraftforge.common.ForgeConfigSpec/CORE]: The comment on key compatibility does not match the spec. This may create a backup.
[10Sep2026 03:20:37.338] [Test worker/WARN] [net.minecraftforge.common.ForgeConfigSpec/CORE]: Configuration file SimpleCommentedConfig:{} is not correct. Correcting
[10Sep2026 03:20:37.339] [Test worker/WARN] [net.minecraftforge.common.ForgeConfigSpec/CORE]: Incorrect key playerRaids was corrected from null to its default, SimpleCommentedConfig:{}. 
[10Sep2026 03:20:37.340] [Test worker/WARN] [net.minecraftforge.common.ForgeConfigSpec/CORE]: Incorrect key playerRaids.siegeCorpseSeconds was corrected from null to its default, 120. 
[10Sep2026 03:20:37.341] [Test worker/DEBUG] [net.minecraftforge.common.ForgeConfigSpec/CORE]: The comment on key playerRaids.siegeCorpseSeconds does not match the spec. This may create a backup.
[10Sep2026 03:20:37.341] [Test worker/WARN] [net.minecraftforge.common.ForgeConfigSpec/CORE]: Incorrect key playerRaids.emptyCorpseSeconds was corrected from null to its default, 60. 
[10Sep2026 03:20:37.341] [Test worker/DEBUG] [net.minecraftforge.common.ForgeConfigSpec/CORE]: The comment on key playerRaids.emptyCorpseSeconds does not match the spec. This may create a backup.
[10Sep2026 03:20:37.341] [Test worker/WARN] [net.minecraftforge.common.ForgeConfigSpec/CORE]: Incorrect key playerRaids.bankDailyInterestBasisPoints was corrected from null to its default, 100. 
[10Sep2026 03:20:37.343] [Test worker/DEBUG] [net.minecraftforge.common.ForgeConfigSpec/CORE]: The comment on key playerRaids.bankDailyInterestBasisPoints does not match the spec. This may create a backup.
[10Sep2026 03:20:37.343] [Test worker/WARN] [net.minecraftforge.common.ForgeConfigSpec/CORE]: Incorrect key playerRaids.enabled was corrected from null to its default, true. 
[10Sep2026 03:20:37.343] [Test worker/DEBUG] [net.minecraftforge.common.ForgeConfigSpec/CORE]: The comment on key playerRaids.enabled does not match the spec. This may create a backup.
[10Sep2026 03:20:37.343] [Test worker/WARN] [net.minecraftforge.common.ForgeConfigSpec/CORE]: Incorrect key playerRaids.automaticRaids was corrected from null to its default, true. 
[10Sep2026 03:20:37.344] [Test worker/DEBUG] [net.minecraftforge.common.ForgeConfigSpec/CORE]: The comment on key playerRaids.automaticRaids does not match the spec. This may create a backup.
[10Sep2026 03:20:37.344] [Test worker/WARN] [net.minecraftforge.common.ForgeConfigSpec/CORE]: Incorrect key playerRaids.minimumCooldownMinutes was corrected from null to its default, 60. 
[10Sep2026 03:20:37.344] [Test worker/DEBUG] [net.minecraftforge.common.ForgeConfigSpec/CORE]: The comment on key playerRaids.minimumCooldownMinutes does not match the spec. This may create a backup.
[10Sep2026 03:20:37.344] [Test worker/WARN] [net.minecraftforge.common.ForgeConfigSpec/CORE]: Incorrect key playerRaids.maximumCooldownMinutes was corrected from null to its default, 90. 
[10Sep2026 03:20:37.344] [Test worker/DEBUG] [net.minecraftforge.common.ForgeConfigSpec/CORE]: The comment on key playerRaids.maximumCooldownMinutes does not match the spec. This may create a backup.
[10Sep2026 03:20:37.344] [Test worker/WARN] [net.minecraftforge.common.ForgeConfigSpec/CORE]: Incorrect key playerRaids.siegePreparationMinutes was corrected from null to its default, 12. 
[10Sep2026 03:20:37.344] [Test worker/DEBUG] [net.minecraftforge.common.ForgeConfigSpec/CORE]: The comment on key playerRaids.siegePreparationMinutes does not match the spec. This may create a backup.
[10Sep2026 03:20:37.344] [Test worker/WARN] [net.minecraftforge.common.ForgeConfigSpec/CORE]: Incorrect key playerRaids.warningSeconds was corrected from null to its default, 120. 
[10Sep2026 03:20:37.345] [Test worker/DEBUG] [net.minecraftforge.common.ForgeConfigSpec/CORE]: The comment on key playerRaids.warningSeconds does not match the spec. This may create a backup.
[10Sep2026 03:20:37.345] [Test worker/WARN] [net.minecraftforge.common.ForgeConfigSpec/CORE]: Incorrect key playerRaids.waves was corrected from null to its default, 5. 
[10Sep2026 03:20:37.345] [Test worker/DEBUG] [net.minecraftforge.common.ForgeConfigSpec/CORE]: The comment on key playerRaids.waves does not match the spec. This may create a backup.
[10Sep2026 03:20:37.345] [Test worker/WARN] [net.minecraftforge.common.ForgeConfigSpec/CORE]: Incorrect key playerRaids.baseEnemiesPerWave was corrected from null to its default, 10. 
[10Sep2026 03:20:37.345] [Test worker/DEBUG] [net.minecraftforge.common.ForgeConfigSpec/CORE]: The comment on key playerRaids.baseEnemiesPerWave does not match the spec. This may create a backup.
[10Sep2026 03:20:37.345] [Test worker/WARN] [net.minecraftforge.common.ForgeConfigSpec/CORE]: Incorrect key playerRaids.enemiesPerExtraPlayer was corrected from null to its default, 3. 
[10Sep2026 03:20:37.345] [Test worker/DEBUG] [net.minecraftforge.common.ForgeConfigSpec/CORE]: The comment on key playerRaids.enemiesPerExtraPlayer does not match the spec. This may create a backup.
[10Sep2026 03:20:37.345] [Test worker/WARN] [net.minecraftforge.common.ForgeConfigSpec/CORE]: Incorrect key playerRaids.maximumActiveRaiders was corrected from null to its default, 30. 
[10Sep2026 03:20:37.345] [Test worker/DEBUG] [net.minecraftforge.common.ForgeConfigSpec/CORE]: The comment on key playerRaids.maximumActiveRaiders does not match the spec. This may create a backup.
[10Sep2026 03:20:37.345] [Test worker/WARN] [net.minecraftforge.common.ForgeConfigSpec/CORE]: Incorrect key playerRaids.maximumGlobalRaiders was corrected from null to its default, 35. 
[10Sep2026 03:20:37.345] [Test worker/DEBUG] [net.minecraftforge.common.ForgeConfigSpec/CORE]: The comment on key playerRaids.maximumGlobalRaiders does not match the spec. This may create a backup.
[10Sep2026 03:20:37.345] [Test worker/WARN] [net.minecraftforge.common.ForgeConfigSpec/CORE]: Incorrect key playerRaids.maximumConcurrentRaids was corrected from null to its default, 1. 
[10Sep2026 03:20:37.345] [Test worker/DEBUG] [net.minecraftforge.common.ForgeConfigSpec/CORE]: The comment on key playerRaids.maximumConcurrentRaids does not match the spec. This may create a backup.
[10Sep2026 03:20:37.345] [Test worker/WARN] [net.minecraftforge.common.ForgeConfigSpec/CORE]: Incorrect key playerRaids.timeBetweenWavesSeconds was corrected from null to its default, 45. 
[10Sep2026 03:20:37.345] [Test worker/DEBUG] [net.minecraftforge.common.ForgeConfigSpec/CORE]: The comment on key playerRaids.timeBetweenWavesSeconds does not match the spec. This may create a backup.
[10Sep2026 03:20:37.348] [Test worker/WARN] [net.minecraftforge.common.ForgeConfigSpec/CORE]: Incorrect key playerRaids.minimumSpawnDistance was corrected from null to its default, 48. 
[10Sep2026 03:20:37.348] [Test worker/DEBUG] [net.minecraftforge.common.ForgeConfigSpec/CORE]: The comment on key playerRaids.minimumSpawnDistance does not match the spec. This may create a backup.
[10Sep2026 03:20:37.348] [Test worker/WARN] [net.minecraftforge.common.ForgeConfigSpec/CORE]: Incorrect key playerRaids.maximumSpawnDistance was corrected from null to its default, 72. 
[10Sep2026 03:20:37.350] [Test worker/DEBUG] [net.minecraftforge.common.ForgeConfigSpec/CORE]: The comment on key playerRaids.maximumSpawnDistance does not match the spec. This may create a backup.
[10Sep2026 03:20:37.350] [Test worker/WARN] [net.minecraftforge.common.ForgeConfigSpec/CORE]: Incorrect key playerRaids.defenseRadius was corrected from null to its default, 160. 
[10Sep2026 03:20:37.350] [Test worker/DEBUG] [net.minecraftforge.common.ForgeConfigSpec/CORE]: The comment on key playerRaids.defenseRadius does not match the spec. This may create a backup.
[10Sep2026 03:20:37.351] [Test worker/WARN] [net.minecraftforge.common.ForgeConfigSpec/CORE]: Incorrect key playerRaids.aggroRadius was corrected from null to its default, 40. 
[10Sep2026 03:20:37.352] [Test worker/DEBUG] [net.minecraftforge.common.ForgeConfigSpec/CORE]: The comment on key playerRaids.aggroRadius does not match the spec. This may create a backup.
[10Sep2026 03:20:37.352] [Test worker/WARN] [net.minecraftforge.common.ForgeConfigSpec/CORE]: Incorrect key playerRaids.offAxisDriftLimit was corrected from null to its default, 24. 
[10Sep2026 03:20:37.354] [Test worker/DEBUG] [net.minecraftforge.common.ForgeConfigSpec/CORE]: The comment on key playerRaids.offAxisDriftLimit does not match the spec. This may create a backup.
[10Sep2026 03:20:37.354] [Test worker/WARN] [net.minecraftforge.common.ForgeConfigSpec/CORE]: Incorrect key playerRaids.breachersIgnoreDefenders was corrected from null to its default, true. 
[10Sep2026 03:20:37.354] [Test worker/DEBUG] [net.minecraftforge.common.ForgeConfigSpec/CORE]: The comment on key playerRaids.breachersIgnoreDefenders does not match the spec. This may create a backup.
[10Sep2026 03:20:37.354] [Test worker/WARN] [net.minecraftforge.common.ForgeConfigSpec/CORE]: Incorrect key playerRaids.stuckDetectionEnabled was corrected from null to its default, true. 
[10Sep2026 03:20:37.354] [Test worker/DEBUG] [net.minecraftforge.common.ForgeConfigSpec/CORE]: The comment on key playerRaids.stuckDetectionEnabled does not match the spec. This may create a backup.
[10Sep2026 03:20:37.354] [Test worker/WARN] [net.minecraftforge.common.ForgeConfigSpec/CORE]: Incorrect key playerRaids.stuckEscalationSeconds was corrected from null to its default, 5. 
[10Sep2026 03:20:37.356] [Test worker/DEBUG] [net.minecraftforge.common.ForgeConfigSpec/CORE]: The comment on key playerRaids.stuckEscalationSeconds does not match the spec. This may create a backup.
[10Sep2026 03:20:37.356] [Test worker/WARN] [net.minecraftforge.common.ForgeConfigSpec/CORE]: Incorrect key playerRaids.innerAggroMultiplier was corrected from null to its default, 2.0. 
[10Sep2026 03:20:37.357] [Test worker/DEBUG] [net.minecraftforge.common.ForgeConfigSpec/CORE]: The comment on key playerRaids.innerAggroMultiplier does not match the spec. This may create a backup.
[10Sep2026 03:20:37.357] [Test worker/WARN] [net.minecraftforge.common.ForgeConfigSpec/CORE]: Incorrect key playerRaids.forceRepathWhenIdle was corrected from null to its default, true. 
[10Sep2026 03:20:37.357] [Test worker/DEBUG] [net.minecraftforge.common.ForgeConfigSpec/CORE]: The comment on key playerRaids.forceRepathWhenIdle does not match the spec. This may create a backup.
[10Sep2026 03:20:37.357] [Test worker/WARN] [net.minecraftforge.common.ForgeConfigSpec/CORE]: Incorrect key playerRaids.coneFallbackEnabled was corrected from null to its default, true. 
[10Sep2026 03:20:37.357] [Test worker/DEBUG] [net.minecraftforge.common.ForgeConfigSpec/CORE]: The comment on key playerRaids.coneFallbackEnabled does not match the spec. This may create a backup.
[10Sep2026 03:20:37.357] [Test worker/WARN] [net.minecraftforge.common.ForgeConfigSpec/CORE]: Incorrect key playerRaids.coneFallbackRadius was corrected from null to its default, 16. 
[10Sep2026 03:20:37.357] [Test worker/DEBUG] [net.minecraftforge.common.ForgeConfigSpec/CORE]: The comment on key playerRaids.coneFallbackRadius does not match the spec. This may create a backup.
[10Sep2026 03:20:37.357] [Test worker/WARN] [net.minecraftforge.common.ForgeConfigSpec/CORE]: Incorrect key playerRaids.coneFallbackVertical was corrected from null to its default, 7. 
[10Sep2026 03:20:37.357] [Test worker/DEBUG] [net.minecraftforge.common.ForgeConfigSpec/CORE]: The comment on key playerRaids.coneFallbackVertical does not match the spec. This may create a backup.
[10Sep2026 03:20:37.357] [Test worker/WARN] [net.minecraftforge.common.ForgeConfigSpec/CORE]: Incorrect key playerRaids.parkourEnabled was corrected from null to its default, true. 
[10Sep2026 03:20:37.358] [Test worker/DEBUG] [net.minecraftforge.common.ForgeConfigSpec/CORE]: The comment on key playerRaids.parkourEnabled does not match the spec. This may create a backup.
[10Sep2026 03:20:37.358] [Test worker/WARN] [net.minecraftforge.common.ForgeConfigSpec/CORE]: Incorrect key playerRaids.parkourMaxForward was corrected from null to its default, 3. 
[10Sep2026 03:20:37.358] [Test worker/DEBUG] [net.minecraftforge.common.ForgeConfigSpec/CORE]: The comment on key playerRaids.parkourMaxForward does not match the spec. This may create a backup.
[10Sep2026 03:20:37.358] [Test worker/WARN] [net.minecraftforge.common.ForgeConfigSpec/CORE]: Incorrect key playerRaids.avoidHazards was corrected from null to its default, true. 
[10Sep2026 03:20:37.359] [Test worker/DEBUG] [net.minecraftforge.common.ForgeConfigSpec/CORE]: The comment on key playerRaids.avoidHazards does not match the spec. This may create a backup.
[10Sep2026 03:20:37.359] [Test worker/WARN] [net.minecraftforge.common.ForgeConfigSpec/CORE]: Incorrect key playerRaids.shoutToAllies was corrected from null to its default, true. 
[10Sep2026 03:20:37.359] [Test worker/DEBUG] [net.minecraftforge.common.ForgeConfigSpec/CORE]: The comment on key playerRaids.shoutToAllies does not match the spec. This may create a backup.
[10Sep2026 03:20:37.360] [Test worker/WARN] [net.minecraftforge.common.ForgeConfigSpec/CORE]: Incorrect key playerRaids.shoutRadius was corrected from null to its default, 16. 
[10Sep2026 03:20:37.360] [Test worker/DEBUG] [net.minecraftforge.common.ForgeConfigSpec/CORE]: The comment on key playerRaids.shoutRadius does not match the spec. This may create a backup.
[10Sep2026 03:20:37.360] [Test worker/WARN] [net.minecraftforge.common.ForgeConfigSpec/CORE]: Incorrect key playerRaids.scoutingEnabled was corrected from null to its default, true. 
[10Sep2026 03:20:37.360] [Test worker/DEBUG] [net.minecraftforge.common.ForgeConfigSpec/CORE]: The comment on key playerRaids.scoutingEnabled does not match the spec. This may create a backup.
[10Sep2026 03:20:37.360] [Test worker/WARN] [net.minecraftforge.common.ForgeConfigSpec/CORE]: Incorrect key playerRaids.scoutPartySize was corrected from null to its default, 2. 
[10Sep2026 03:20:37.360] [Test worker/DEBUG] [net.minecraftforge.common.ForgeConfigSpec/CORE]: The comment on key playerRaids.scoutPartySize does not match the spec. This may create a backup.
[10Sep2026 03:20:37.360] [Test worker/WARN] [net.minecraftforge.common.ForgeConfigSpec/CORE]: Incorrect key playerRaids.scoutSpawnDistance was corrected from null to its default, 100. 
[10Sep2026 03:20:37.360] [Test worker/DEBUG] [net.minecraftforge.common.ForgeConfigSpec/CORE]: The comment on key playerRaids.scoutSpawnDistance does not match the spec. This may create a backup.
[10Sep2026 03:20:37.360] [Test worker/WARN] [net.minecraftforge.common.ForgeConfigSpec/CORE]: Incorrect key playerRaids.scoutObserveSeconds was corrected from null to its default, 45. 
[10Sep2026 03:20:37.361] [Test worker/DEBUG] [net.minecraftforge.common.ForgeConfigSpec/CORE]: The comment on key playerRaids.scoutObserveSeconds does not match the spec. This may create a backup.
[10Sep2026 03:20:37.361] [Test worker/WARN] [net.minecraftforge.common.ForgeConfigSpec/CORE]: Incorrect key playerRaids.scoutDropIntelLetter was corrected from null to its default, true. 
[10Sep2026 03:20:37.361] [Test worker/DEBUG] [net.minecraftforge.common.ForgeConfigSpec/CORE]: The comment on key playerRaids.scoutDropIntelLetter does not match the spec. This may create a backup.
[10Sep2026 03:20:37.361] [Test worker/WARN] [net.minecraftforge.common.ForgeConfigSpec/CORE]: Incorrect key playerRaids.claimAwareAnchors was corrected from null to its default, true. 
[10Sep2026 03:20:37.362] [Test worker/DEBUG] [net.minecraftforge.common.ForgeConfigSpec/CORE]: The comment on key playerRaids.claimAwareAnchors does not match the spec. This may create a backup.
[10Sep2026 03:20:37.362] [Test worker/WARN] [net.minecraftforge.common.ForgeConfigSpec/CORE]: Incorrect key playerRaids.useClaimCenterAsDefensePoint was corrected from null to its default, true. 
[10Sep2026 03:20:37.371] [Test worker/DEBUG] [net.minecraftforge.common.ForgeConfigSpec/CORE]: The comment on key playerRaids.useClaimCenterAsDefensePoint does not match the spec. This may create a backup.
[10Sep2026 03:20:37.371] [Test worker/WARN] [net.minecraftforge.common.ForgeConfigSpec/CORE]: Incorrect key playerRaids.respectDefenderClaims was corrected from null to its default, true. 
[10Sep2026 03:20:37.372] [Test worker/DEBUG] [net.minecraftforge.common.ForgeConfigSpec/CORE]: The comment on key playerRaids.respectDefenderClaims does not match the spec. This may create a backup.
[10Sep2026 03:20:37.372] [Test worker/WARN] [net.minecraftforge.common.ForgeConfigSpec/CORE]: Incorrect key playerRaids.respectForeignClaims was corrected from null to its default, true. 
[10Sep2026 03:20:37.372] [Test worker/DEBUG] [net.minecraftforge.common.ForgeConfigSpec/CORE]: The comment on key playerRaids.respectForeignClaims does not match the spec. This may create a backup.
[10Sep2026 03:20:37.372] [Test worker/WARN] [net.minecraftforge.common.ForgeConfigSpec/CORE]: Incorrect key playerRaids.raiderHealthMultiplier was corrected from null to its default, 1.0. 
[10Sep2026 03:20:37.373] [Test worker/DEBUG] [net.minecraftforge.common.ForgeConfigSpec/CORE]: The comment on key playerRaids.raiderHealthMultiplier does not match the spec. This may create a backup.
[10Sep2026 03:20:37.373] [Test worker/WARN] [net.minecraftforge.common.ForgeConfigSpec/CORE]: Incorrect key playerRaids.raiderDamageMultiplier was corrected from null to its default, 1.0. 
[10Sep2026 03:20:37.373] [Test worker/DEBUG] [net.minecraftforge.common.ForgeConfigSpec/CORE]: The comment on key playerRaids.raiderDamageMultiplier does not match the spec. This may create a backup.
[10Sep2026 03:20:37.373] [Test worker/WARN] [net.minecraftforge.common.ForgeConfigSpec/CORE]: Incorrect key playerRaids.raiderXpMultiplier was corrected from null to its default, 1.0. 
[10Sep2026 03:20:37.373] [Test worker/DEBUG] [net.minecraftforge.common.ForgeConfigSpec/CORE]: The comment on key playerRaids.raiderXpMultiplier does not match the spec. This may create a backup.
[10Sep2026 03:20:37.373] [Test worker/DEBUG] [net.minecraftforge.common.ForgeConfigSpec/CORE]: List on key civilianMobAllowlist is deemed to need correction, as it is null or not a list.
[10Sep2026 03:20:37.373] [Test worker/WARN] [net.minecraftforge.common.ForgeConfigSpec/CORE]: Incorrect key playerRaids.civilianMobAllowlist was corrected from null to its default, [mca:male_villager, mca:female_villager]. 
[10Sep2026 03:20:37.374] [Test worker/DEBUG] [net.minecraftforge.common.ForgeConfigSpec/CORE]: The comment on key playerRaids.civilianMobAllowlist does not match the spec. This may create a backup.
[10Sep2026 03:20:37.374] [Test worker/WARN] [net.minecraftforge.common.ForgeConfigSpec/CORE]: Incorrect key playerRaids.bridgeSiegesEnabled was corrected from null to its default, true. 
[10Sep2026 03:20:37.374] [Test worker/DEBUG] [net.minecraftforge.common.ForgeConfigSpec/CORE]: The comment on key playerRaids.bridgeSiegesEnabled does not match the spec. This may create a backup.
[10Sep2026 03:20:37.374] [Test worker/WARN] [net.minecraftforge.common.ForgeConfigSpec/CORE]: Incorrect key playerRaids.raiderLabelMode was corrected from null to its default, PROXIMITY. 
[10Sep2026 03:20:37.374] [Test worker/DEBUG] [net.minecraftforge.common.ForgeConfigSpec/CORE]: The comment on key playerRaids.raiderLabelMode does not match the spec. This may create a backup.
[10Sep2026 03:20:37.374] [Test worker/WARN] [net.minecraftforge.common.ForgeConfigSpec/CORE]: Incorrect key playerRaids.raiderLabelRadius was corrected from null to its default, 24. 
[10Sep2026 03:20:37.374] [Test worker/DEBUG] [net.minecraftforge.common.ForgeConfigSpec/CORE]: The comment on key playerRaids.raiderLabelRadius does not match the spec. This may create a backup.
[10Sep2026 03:20:37.374] [Test worker/WARN] [net.minecraftforge.common.ForgeConfigSpec/CORE]: Incorrect key playerRaids.raiderGlow was corrected from null to its default, true. 
[10Sep2026 03:20:37.375] [Test worker/DEBUG] [net.minecraftforge.common.ForgeConfigSpec/CORE]: The comment on key playerRaids.raiderGlow does not match the spec. This may create a backup.
[10Sep2026 03:20:37.375] [Test worker/WARN] [net.minecraftforge.common.ForgeConfigSpec/CORE]: Incorrect key playerRaids.commanderBossbarEnabled was corrected from null to its default, true. 
[10Sep2026 03:20:37.375] [Test worker/DEBUG] [net.minecraftforge.common.ForgeConfigSpec/CORE]: The comment on key playerRaids.commanderBossbarEnabled does not match the spec. This may create a backup.
[10Sep2026 03:20:37.375] [Test worker/WARN] [net.minecraftforge.common.ForgeConfigSpec/CORE]: Incorrect key playerRaids.commanderBossbarRadius was corrected from null to its default, 24. 
[10Sep2026 03:20:37.375] [Test worker/DEBUG] [net.minecraftforge.common.ForgeConfigSpec/CORE]: The comment on key playerRaids.commanderBossbarRadius does not match the spec. This may create a backup.
[10Sep2026 03:20:37.375] [Test worker/WARN] [net.minecraftforge.common.ForgeConfigSpec/CORE]: Incorrect key playerRaids.claimWaypointsEnabled was corrected from null to its default, true. 
[10Sep2026 03:20:37.375] [Test worker/DEBUG] [net.minecraftforge.common.ForgeConfigSpec/CORE]: The comment on key playerRaids.claimWaypointsEnabled does not match the spec. This may create a backup.
[10Sep2026 03:20:37.375] [Test worker/WARN] [net.minecraftforge.common.ForgeConfigSpec/CORE]: Incorrect key playerRaids.claimWaypointsNearRadius was corrected from null to its default, 48. 
[10Sep2026 03:20:37.376] [Test worker/DEBUG] [net.minecraftforge.common.ForgeConfigSpec/CORE]: The comment on key playerRaids.claimWaypointsNearRadius does not match the spec. This may create a backup.
[10Sep2026 03:20:37.376] [Test worker/WARN] [net.minecraftforge.common.ForgeConfigSpec/CORE]: Incorrect key playerRaids.claimWaypointsSamplePitch was corrected from null to its default, 4. 
[10Sep2026 03:20:37.376] [Test worker/DEBUG] [net.minecraftforge.common.ForgeConfigSpec/CORE]: The comment on key playerRaids.claimWaypointsSamplePitch does not match the spec. This may create a backup.
[10Sep2026 03:20:37.376] [Test worker/WARN] [net.minecraftforge.common.ForgeConfigSpec/CORE]: Incorrect key playerRaids.hudEnabled was corrected from null to its default, true. 
[10Sep2026 03:20:37.376] [Test worker/DEBUG] [net.minecraftforge.common.ForgeConfigSpec/CORE]: The comment on key playerRaids.hudEnabled does not match the spec. This may create a backup.
[10Sep2026 03:20:37.376] [Test worker/WARN] [net.minecraftforge.common.ForgeConfigSpec/CORE]: Incorrect key playerRaids.objectiveBeacon was corrected from null to its default, true. 
[10Sep2026 03:20:37.376] [Test worker/DEBUG] [net.minecraftforge.common.ForgeConfigSpec/CORE]: The comment on key playerRaids.objectiveBeacon does not match the spec. This may create a backup.
[10Sep2026 03:20:37.376] [Test worker/WARN] [net.minecraftforge.common.ForgeConfigSpec/CORE]: Incorrect key playerRaids.physicalBreaching was corrected from null to its default, true. 
[10Sep2026 03:20:37.376] [Test worker/DEBUG] [net.minecraftforge.common.ForgeConfigSpec/CORE]: The comment on key playerRaids.physicalBreaching does not match the spec. This may create a backup.
[10Sep2026 03:20:37.376] [Test worker/WARN] [net.minecraftforge.common.ForgeConfigSpec/CORE]: Incorrect key playerRaids.abandonDefeatMinutes was corrected from null to its default, 0. 
[10Sep2026 03:20:37.377] [Test worker/DEBUG] [net.minecraftforge.common.ForgeConfigSpec/CORE]: The comment on key playerRaids.abandonDefeatMinutes does not match the spec. This may create a backup.
[10Sep2026 03:20:37.377] [Test worker/WARN] [net.minecraftforge.common.ForgeConfigSpec/CORE]: Incorrect key playerRaids.missingEntityGraceSeconds was corrected from null to its default, 600. 
[10Sep2026 03:20:37.377] [Test worker/DEBUG] [net.minecraftforge.common.ForgeConfigSpec/CORE]: The comment on key playerRaids.missingEntityGraceSeconds does not match the spec. This may create a backup.
[10Sep2026 03:20:37.377] [Test worker/WARN] [net.minecraftforge.common.ForgeConfigSpec/CORE]: Incorrect key playerRaids.spawnRetrySeconds was corrected from null to its default, 20. 
[10Sep2026 03:20:37.377] [Test worker/DEBUG] [net.minecraftforge.common.ForgeConfigSpec/CORE]: The comment on key playerRaids.spawnRetrySeconds does not match the spec. This may create a backup.
[10Sep2026 03:20:37.377] [Test worker/WARN] [net.minecraftforge.common.ForgeConfigSpec/CORE]: Incorrect key playerRaids.minimumTpsToSpawn was corrected from null to its default, 15.0. 
[10Sep2026 03:20:37.378] [Test worker/DEBUG] [net.minecraftforge.common.ForgeConfigSpec/CORE]: The comment on key playerRaids.minimumTpsToSpawn does not match the spec. This may create a backup.
[10Sep2026 03:20:37.378] [Test worker/WARN] [net.minecraftforge.common.ForgeConfigSpec/CORE]: Incorrect key playerRaids.pauseSpawningBelowTps was corrected from null to its default, false. 
[10Sep2026 03:20:37.379] [Test worker/DEBUG] [net.minecraftforge.common.ForgeConfigSpec/CORE]: The comment on key playerRaids.pauseSpawningBelowTps does not match the spec. This may create a backup.
[10Sep2026 03:20:37.379] [Test worker/WARN] [net.minecraftforge.common.ForgeConfigSpec/CORE]: Incorrect key playerRaids.minimumTpsSustainedTicks was corrected from null to its default, 5. 
[10Sep2026 03:20:37.379] [Test worker/DEBUG] [net.minecraftforge.common.ForgeConfigSpec/CORE]: The comment on key playerRaids.minimumTpsSustainedTicks does not match the spec. This may create a backup.
[10Sep2026 03:20:37.379] [Test worker/WARN] [net.minecraftforge.common.ForgeConfigSpec/CORE]: Incorrect key playerRaids.pauseWhenFactionOffline was corrected from null to its default, true. 
[10Sep2026 03:20:37.379] [Test worker/DEBUG] [net.minecraftforge.common.ForgeConfigSpec/CORE]: The comment on key playerRaids.pauseWhenFactionOffline does not match the spec. This may create a backup.
[10Sep2026 03:20:37.379] [Test worker/WARN] [net.minecraftforge.common.ForgeConfigSpec/CORE]: Incorrect key playerRaids.ownerOnlyManagement was corrected from null to its default, true. 
[10Sep2026 03:20:37.382] [Test worker/DEBUG] [net.minecraftforge.common.ForgeConfigSpec/CORE]: The comment on key playerRaids.ownerOnlyManagement does not match the spec. This may create a backup.
[10Sep2026 03:20:37.382] [Test worker/WARN] [net.minecraftforge.common.ForgeConfigSpec/CORE]: Incorrect key playerRaids.glowFinalEnemies was corrected from null to its default, true. 
[10Sep2026 03:20:37.382] [Test worker/DEBUG] [net.minecraftforge.common.ForgeConfigSpec/CORE]: The comment on key playerRaids.glowFinalEnemies does not match the spec. This may create a backup.
[10Sep2026 03:20:37.382] [Test worker/WARN] [net.minecraftforge.common.ForgeConfigSpec/CORE]: Incorrect key playerRaids.victoryExperiencePerPlayer was corrected from null to its default, 250. 
[10Sep2026 03:20:37.382] [Test worker/DEBUG] [net.minecraftforge.common.ForgeConfigSpec/CORE]: The comment on key playerRaids.victoryExperiencePerPlayer does not match the spec. This may create a backup.
[10Sep2026 03:20:37.382] [Test worker/WARN] [net.minecraftforge.common.ForgeConfigSpec/CORE]: Incorrect key playerRaids.victoryLootEnabled was corrected from null to its default, true. 
[10Sep2026 03:20:37.382] [Test worker/DEBUG] [net.minecraftforge.common.ForgeConfigSpec/CORE]: The comment on key playerRaids.victoryLootEnabled does not match the spec. This may create a backup.
[10Sep2026 03:20:37.382] [Test worker/WARN] [net.minecraftforge.common.ForgeConfigSpec/CORE]: Incorrect key playerRaids.victoryLootTable was corrected from null to its default, siegeoverhaul:gameplay/invasion_victory. 
[10Sep2026 03:20:37.383] [Test worker/DEBUG] [net.minecraftforge.common.ForgeConfigSpec/CORE]: The comment on key playerRaids.victoryLootTable does not match the spec. This may create a backup.
[10Sep2026 03:20:37.383] [Test worker/WARN] [net.minecraftforge.common.ForgeConfigSpec/CORE]: Incorrect key playerRaids.maximumRosterMembers was corrected from null to its default, 16. 
[10Sep2026 03:20:37.383] [Test worker/DEBUG] [net.minecraftforge.common.ForgeConfigSpec/CORE]: The comment on key playerRaids.maximumRosterMembers does not match the spec. This may create a backup.
[10Sep2026 03:20:37.383] [Test worker/WARN] [net.minecraftforge.common.ForgeConfigSpec/CORE]: Incorrect key playerRaids.maximumDefensePoints was corrected from null to its default, 4. 
[10Sep2026 03:20:37.383] [Test worker/DEBUG] [net.minecraftforge.common.ForgeConfigSpec/CORE]: The comment on key playerRaids.maximumDefensePoints does not match the spec. This may create a backup.
[10Sep2026 03:20:37.383] [Test worker/WARN] [net.minecraftforge.common.ForgeConfigSpec/CORE]: Incorrect key playerRaids.enableIllusioners was corrected from null to its default, true. 
[10Sep2026 03:20:37.383] [Test worker/DEBUG] [net.minecraftforge.common.ForgeConfigSpec/CORE]: The comment on key playerRaids.enableIllusioners does not match the spec. This may create a backup.
[10Sep2026 03:20:37.383] [Test worker/WARN] [net.minecraftforge.common.ForgeConfigSpec/CORE]: Incorrect key playerRaids.protectVillagers was corrected from null to its default, true. 
[10Sep2026 03:20:37.383] [Test worker/DEBUG] [net.minecraftforge.common.ForgeConfigSpec/CORE]: The comment on key playerRaids.protectVillagers does not match the spec. This may create a backup.
[10Sep2026 03:20:37.384] [Test worker/WARN] [net.minecraftforge.common.ForgeConfigSpec/CORE]: Incorrect key playerRaids.announceGlobally was corrected from null to its default, false. 
[10Sep2026 03:20:37.384] [Test worker/DEBUG] [net.minecraftforge.common.ForgeConfigSpec/CORE]: The comment on key playerRaids.announceGlobally does not match the spec. This may create a backup.
[10Sep2026 03:20:37.384] [Test worker/WARN] [net.minecraftforge.common.ForgeConfigSpec/CORE]: Incorrect key playerRaids.requirePlayerNearAnchor was corrected from null to its default, true. 
[10Sep2026 03:20:37.384] [Test worker/DEBUG] [net.minecraftforge.common.ForgeConfigSpec/CORE]: The comment on key playerRaids.requirePlayerNearAnchor does not match the spec. This may create a backup.
[10Sep2026 03:20:37.384] [Test worker/WARN] [net.minecraftforge.common.ForgeConfigSpec/CORE]: Incorrect key playerRaids.automaticPlayerHomes was corrected from null to its default, true. 
[10Sep2026 03:20:37.384] [Test worker/DEBUG] [net.minecraftforge.common.ForgeConfigSpec/CORE]: The comment on key playerRaids.automaticPlayerHomes does not match the spec. This may create a backup.
[10Sep2026 03:20:37.384] [Test worker/WARN] [net.minecraftforge.common.ForgeConfigSpec/CORE]: Incorrect key playerRaids.followRespawnPoint was corrected from null to its default, true. 
[10Sep2026 03:20:37.384] [Test worker/DEBUG] [net.minecraftforge.common.ForgeConfigSpec/CORE]: The comment on key playerRaids.followRespawnPoint does not match the spec. This may create a backup.
[10Sep2026 03:20:37.384] [Test worker/WARN] [net.minecraftforge.common.ForgeConfigSpec/CORE]: Incorrect key playerRaids.mobilizeRecruits was corrected from null to its default, true. 
[10Sep2026 03:20:37.385] [Test worker/DEBUG] [net.minecraftforge.common.ForgeConfigSpec/CORE]: The comment on key playerRaids.mobilizeRecruits does not match the spec. This may create a backup.
[10Sep2026 03:20:37.385] [Test worker/WARN] [net.minecraftforge.common.ForgeConfigSpec/CORE]: Incorrect key playerRaids.recruitMobilizationRadius was corrected from null to its default, 128. 
[10Sep2026 03:20:37.385] [Test worker/DEBUG] [net.minecraftforge.common.ForgeConfigSpec/CORE]: The comment on key playerRaids.recruitMobilizationRadius does not match the spec. This may create a backup.
[10Sep2026 03:20:37.385] [Test worker/WARN] [net.minecraftforge.common.ForgeConfigSpec/CORE]: Incorrect key playerRaids.coreCaptureRadius was corrected from null to its default, 10. 
[10Sep2026 03:20:37.385] [Test worker/DEBUG] [net.minecraftforge.common.ForgeConfigSpec/CORE]: The comment on key playerRaids.coreCaptureRadius does not match the spec. This may create a backup.
[10Sep2026 03:20:37.385] [Test worker/WARN] [net.minecraftforge.common.ForgeConfigSpec/CORE]: Incorrect key playerRaids.coreRecaptureSeconds was corrected from null to its default, 120. 
[10Sep2026 03:20:37.386] [Test worker/DEBUG] [net.minecraftforge.common.ForgeConfigSpec/CORE]: The comment on key playerRaids.coreRecaptureSeconds does not match the spec. This may create a backup.
[10Sep2026 03:20:37.386] [Test worker/WARN] [net.minecraftforge.common.ForgeConfigSpec/CORE]: Incorrect key playerRaids.captureRadius was corrected from null to its default, 18. 
[10Sep2026 03:20:37.386] [Test worker/DEBUG] [net.minecraftforge.common.ForgeConfigSpec/CORE]: The comment on key playerRaids.captureRadius does not match the spec. This may create a backup.
[10Sep2026 03:20:37.386] [Test worker/WARN] [net.minecraftforge.common.ForgeConfigSpec/CORE]: Incorrect key playerRaids.captureTimeSeconds was corrected from null to its default, 120. 
[10Sep2026 03:20:37.387] [Test worker/DEBUG] [net.minecraftforge.common.ForgeConfigSpec/CORE]: The comment on key playerRaids.captureTimeSeconds does not match the spec. This may create a backup.
[10Sep2026 03:20:37.387] [Test worker/WARN] [net.minecraftforge.common.ForgeConfigSpec/CORE]: Incorrect key playerRaids.enableStragglerRescue was corrected from null to its default, true. 
[10Sep2026 03:20:37.387] [Test worker/DEBUG] [net.minecraftforge.common.ForgeConfigSpec/CORE]: The comment on key playerRaids.enableStragglerRescue does not match the spec. This may create a backup.
[10Sep2026 03:20:37.387] [Test worker/WARN] [net.minecraftforge.common.ForgeConfigSpec/CORE]: Incorrect key playerRaids.enableEffortBonus was corrected from null to its default, true. 
[10Sep2026 03:20:37.387] [Test worker/DEBUG] [net.minecraftforge.common.ForgeConfigSpec/CORE]: The comment on key playerRaids.enableEffortBonus does not match the spec. This may create a backup.
[10Sep2026 03:20:37.387] [Test worker/WARN] [net.minecraftforge.common.ForgeConfigSpec/CORE]: Incorrect key playerRaids.effortKillBonusSeconds was corrected from null to its default, 5. 
[10Sep2026 03:20:37.387] [Test worker/DEBUG] [net.minecraftforge.common.ForgeConfigSpec/CORE]: The comment on key playerRaids.effortKillBonusSeconds does not match the spec. This may create a backup.
[10Sep2026 03:20:37.387] [Test worker/WARN] [net.minecraftforge.common.ForgeConfigSpec/CORE]: Incorrect key playerRaids.effortBreachBonusSeconds was corrected from null to its default, 2. 
[10Sep2026 03:20:37.387] [Test worker/DEBUG] [net.minecraftforge.common.ForgeConfigSpec/CORE]: The comment on key playerRaids.effortBreachBonusSeconds does not match the spec. This may create a backup.
[10Sep2026 03:20:37.387] [Test worker/WARN] [net.minecraftforge.common.ForgeConfigSpec/CORE]: Incorrect key playerRaids.effortMaxBonusSeconds was corrected from null to its default, 30. 
[10Sep2026 03:20:37.388] [Test worker/DEBUG] [net.minecraftforge.common.ForgeConfigSpec/CORE]: The comment on key playerRaids.effortMaxBonusSeconds does not match the spec. This may create a backup.
[10Sep2026 03:20:37.388] [Test worker/WARN] [net.minecraftforge.common.ForgeConfigSpec/CORE]: Incorrect key playerRaids.captureDecayPerSecond was corrected from null to its default, 2. 
[10Sep2026 03:20:37.388] [Test worker/DEBUG] [net.minecraftforge.common.ForgeConfigSpec/CORE]: The comment on key playerRaids.captureDecayPerSecond does not match the spec. This may create a backup.
[10Sep2026 03:20:37.388] [Test worker/WARN] [net.minecraftforge.common.ForgeConfigSpec/CORE]: Incorrect key playerRaids.enableBreachPhase was corrected from null to its default, true. 
[10Sep2026 03:20:37.388] [Test worker/DEBUG] [net.minecraftforge.common.ForgeConfigSpec/CORE]: The comment on key playerRaids.enableBreachPhase does not match the spec. This may create a backup.
[10Sep2026 03:20:37.388] [Test worker/WARN] [net.minecraftforge.common.ForgeConfigSpec/CORE]: Incorrect key playerRaids.breachRadius was corrected from null to its default, 36. 
[10Sep2026 03:20:37.389] [Test worker/DEBUG] [net.minecraftforge.common.ForgeConfigSpec/CORE]: The comment on key playerRaids.breachRadius does not match the spec. This may create a backup.
[10Sep2026 03:20:37.389] [Test worker/WARN] [net.minecraftforge.common.ForgeConfigSpec/CORE]: Incorrect key playerRaids.breachTimeSeconds was corrected from null to its default, 45. 
[10Sep2026 03:20:37.389] [Test worker/DEBUG] [net.minecraftforge.common.ForgeConfigSpec/CORE]: The comment on key playerRaids.breachTimeSeconds does not match the spec. This may create a backup.
[10Sep2026 03:20:37.389] [Test worker/WARN] [net.minecraftforge.common.ForgeConfigSpec/CORE]: Incorrect key playerRaids.breachDecayPerSecond was corrected from null to its default, 2. 
[10Sep2026 03:20:37.389] [Test worker/DEBUG] [net.minecraftforge.common.ForgeConfigSpec/CORE]: The comment on key playerRaids.breachDecayPerSecond does not match the spec. This may create a backup.
[10Sep2026 03:20:37.389] [Test worker/WARN] [net.minecraftforge.common.ForgeConfigSpec/CORE]: Incorrect key playerRaids.breachObjectiveRadius was corrected from null to its default, 10. 
[10Sep2026 03:20:37.389] [Test worker/DEBUG] [net.minecraftforge.common.ForgeConfigSpec/CORE]: The comment on key playerRaids.breachObjectiveRadius does not match the spec. This may create a backup.
[10Sep2026 03:20:37.389] [Test worker/WARN] [net.minecraftforge.common.ForgeConfigSpec/CORE]: Incorrect key playerRaids.useVillagerRecruitsArmy was corrected from null to its default, true. 
[10Sep2026 03:20:37.389] [Test worker/DEBUG] [net.minecraftforge.common.ForgeConfigSpec/CORE]: The comment on key playerRaids.useVillagerRecruitsArmy does not match the spec. This may create a backup.
[10Sep2026 03:20:37.389] [Test worker/WARN] [net.minecraftforge.common.ForgeConfigSpec/CORE]: Incorrect key playerRaids.levelCampTerrain was corrected from null to its default, true. 
[10Sep2026 03:20:37.390] [Test worker/DEBUG] [net.minecraftforge.common.ForgeConfigSpec/CORE]: The comment on key playerRaids.levelCampTerrain does not match the spec. This may create a backup.
[10Sep2026 03:20:37.390] [Test worker/WARN] [net.minecraftforge.common.ForgeConfigSpec/CORE]: Incorrect key playerRaids.buildTemporaryWarCamps was corrected from null to its default, true. 
[10Sep2026 03:20:37.390] [Test worker/DEBUG] [net.minecraftforge.common.ForgeConfigSpec/CORE]: The comment on key playerRaids.buildTemporaryWarCamps does not match the spec. This may create a backup.
[10Sep2026 03:20:37.390] [Test worker/WARN] [net.minecraftforge.common.ForgeConfigSpec/CORE]: Incorrect key playerRaids.campDestructibleStructures was corrected from null to its default, true. 
[10Sep2026 03:20:37.390] [Test worker/DEBUG] [net.minecraftforge.common.ForgeConfigSpec/CORE]: The comment on key playerRaids.campDestructibleStructures does not match the spec. This may create a backup.
[10Sep2026 03:20:37.390] [Test worker/WARN] [net.minecraftforge.common.ForgeConfigSpec/CORE]: Incorrect key playerRaids.campBonusLootEmeralds was corrected from null to its default, 3. 
[10Sep2026 03:20:37.390] [Test worker/DEBUG] [net.minecraftforge.common.ForgeConfigSpec/CORE]: The comment on key playerRaids.campBonusLootEmeralds does not match the spec. This may create a backup.
[10Sep2026 03:20:37.390] [Test worker/WARN] [net.minecraftforge.common.ForgeConfigSpec/CORE]: Incorrect key playerRaids.cleanupTemporaryWarCamps was corrected from null to its default, true. 
[10Sep2026 03:20:37.390] [Test worker/DEBUG] [net.minecraftforge.common.ForgeConfigSpec/CORE]: The comment on key playerRaids.cleanupTemporaryWarCamps does not match the spec. This may create a backup.
[10Sep2026 03:20:37.390] [Test worker/WARN] [net.minecraftforge.common.ForgeConfigSpec/CORE]: Incorrect key playerRaids.enableAmphibiousRaids was corrected from null to its default, true. 
[10Sep2026 03:20:37.391] [Test worker/DEBUG] [net.minecraftforge.common.ForgeConfigSpec/CORE]: The comment on key playerRaids.enableAmphibiousRaids does not match the spec. This may create a backup.
[10Sep2026 03:20:37.391] [Test worker/WARN] [net.minecraftforge.common.ForgeConfigSpec/CORE]: Incorrect key playerRaids.navalStagingSearchRadius was corrected from null to its default, 64. 
[10Sep2026 03:20:37.391] [Test worker/DEBUG] [net.minecraftforge.common.ForgeConfigSpec/CORE]: The comment on key playerRaids.navalStagingSearchRadius does not match the spec. This may create a backup.
[10Sep2026 03:20:37.391] [Test worker/WARN] [net.minecraftforge.common.ForgeConfigSpec/CORE]: Incorrect key playerRaids.navalMinimumWaterBody was corrected from null to its default, 80. 
[10Sep2026 03:20:37.391] [Test worker/DEBUG] [net.minecraftforge.common.ForgeConfigSpec/CORE]: The comment on key playerRaids.navalMinimumWaterBody does not match the spec. This may create a backup.
[10Sep2026 03:20:37.391] [Test worker/WARN] [net.minecraftforge.common.ForgeConfigSpec/CORE]: Incorrect key playerRaids.navalWaveSharePercent was corrected from null to its default, 40. 
[10Sep2026 03:20:37.392] [Test worker/DEBUG] [net.minecraftforge.common.ForgeConfigSpec/CORE]: The comment on key playerRaids.navalWaveSharePercent does not match the spec. This may create a backup.
[10Sep2026 03:20:37.392] [Test worker/WARN] [net.minecraftforge.common.ForgeConfigSpec/CORE]: Incorrect key playerRaids.navalBoatSpeed was corrected from null to its default, 10. 
[10Sep2026 03:20:37.392] [Test worker/DEBUG] [net.minecraftforge.common.ForgeConfigSpec/CORE]: The comment on key playerRaids.navalBoatSpeed does not match the spec. This may create a backup.
[10Sep2026 03:20:37.392] [Test worker/WARN] [net.minecraftforge.common.ForgeConfigSpec/CORE]: Incorrect key playerRaids.enableBridgeBuilding was corrected from null to its default, true. 
[10Sep2026 03:20:37.392] [Test worker/DEBUG] [net.minecraftforge.common.ForgeConfigSpec/CORE]: The comment on key playerRaids.enableBridgeBuilding does not match the spec. This may create a backup.
[10Sep2026 03:20:37.392] [Test worker/WARN] [net.minecraftforge.common.ForgeConfigSpec/CORE]: Incorrect key playerRaids.maxBridgeSpan was corrected from null to its default, 8. 
[10Sep2026 03:20:37.393] [Test worker/DEBUG] [net.minecraftforge.common.ForgeConfigSpec/CORE]: The comment on key playerRaids.maxBridgeSpan does not match the spec. This may create a backup.
[10Sep2026 03:20:37.393] [Test worker/WARN] [net.minecraftforge.common.ForgeConfigSpec/CORE]: Incorrect key playerRaids.maxBridgesPerRaid was corrected from null to its default, 4. 
[10Sep2026 03:20:37.393] [Test worker/DEBUG] [net.minecraftforge.common.ForgeConfigSpec/CORE]: The comment on key playerRaids.maxBridgesPerRaid does not match the spec. This may create a backup.
[10Sep2026 03:20:37.393] [Test worker/WARN] [net.minecraftforge.common.ForgeConfigSpec/CORE]: Incorrect key playerRaids.enableSiegeEngines was corrected from null to its default, true. 
[10Sep2026 03:20:37.393] [Test worker/DEBUG] [net.minecraftforge.common.ForgeConfigSpec/CORE]: The comment on key playerRaids.enableSiegeEngines does not match the spec. This may create a backup.
[10Sep2026 03:20:37.393] [Test worker/DEBUG] [net.minecraftforge.common.ForgeConfigSpec/CORE]: List on key firstWaveEngines is deemed to need correction, as it is null or not a list.
[10Sep2026 03:20:37.393] [Test worker/WARN] [net.minecraftforge.common.ForgeConfigSpec/CORE]: Incorrect key playerRaids.firstWaveEngines was corrected from null to its default, [BALLISTA]. 
[10Sep2026 03:20:37.393] [Test worker/DEBUG] [net.minecraftforge.common.ForgeConfigSpec/CORE]: The comment on key playerRaids.firstWaveEngines does not match the spec. This may create a backup.
[10Sep2026 03:20:37.393] [Test worker/WARN] [net.minecraftforge.common.ForgeConfigSpec/CORE]: Incorrect key playerRaids.laterWaveEngineChancePercent was corrected from null to its default, 30. 
[10Sep2026 03:20:37.394] [Test worker/DEBUG] [net.minecraftforge.common.ForgeConfigSpec/CORE]: The comment on key playerRaids.laterWaveEngineChancePercent does not match the spec. This may create a backup.
[10Sep2026 03:20:37.394] [Test worker/WARN] [net.minecraftforge.common.ForgeConfigSpec/CORE]: Incorrect key playerRaids.cleanupSurvivingEngines was corrected from null to its default, true. 
[10Sep2026 03:20:37.394] [Test worker/DEBUG] [net.minecraftforge.common.ForgeConfigSpec/CORE]: The comment on key playerRaids.cleanupSurvivingEngines does not match the spec. This may create a backup.
[10Sep2026 03:20:37.394] [Test worker/WARN] [net.minecraftforge.common.ForgeConfigSpec/CORE]: Incorrect key playerRaids.enableSapper was corrected from null to its default, true. 
[10Sep2026 03:20:37.394] [Test worker/DEBUG] [net.minecraftforge.common.ForgeConfigSpec/CORE]: The comment on key playerRaids.enableSapper does not match the spec. This may create a backup.
[10Sep2026 03:20:37.394] [Test worker/WARN] [net.minecraftforge.common.ForgeConfigSpec/CORE]: Incorrect key playerRaids.sapperMaxPerRaid was corrected from null to its default, 3. 
[10Sep2026 03:20:37.394] [Test worker/DEBUG] [net.minecraftforge.common.ForgeConfigSpec/CORE]: The comment on key playerRaids.sapperMaxPerRaid does not match the spec. This may create a backup.
[10Sep2026 03:20:37.394] [Test worker/WARN] [net.minecraftforge.common.ForgeConfigSpec/CORE]: Incorrect key playerRaids.sapperUseVanillaTnt was corrected from null to its default, false. 
[10Sep2026 03:20:37.394] [Test worker/DEBUG] [net.minecraftforge.common.ForgeConfigSpec/CORE]: The comment on key playerRaids.sapperUseVanillaTnt does not match the spec. This may create a backup.
[10Sep2026 03:20:37.394] [Test worker/WARN] [net.minecraftforge.common.ForgeConfigSpec/CORE]: Incorrect key playerRaids.preferSmallShips was corrected from null to its default, true. 
[10Sep2026 03:20:37.398] [Test worker/DEBUG] [net.minecraftforge.common.ForgeConfigSpec/CORE]: The comment on key playerRaids.preferSmallShips does not match the spec. This may create a backup.
[10Sep2026 03:20:37.398] [Test worker/WARN] [net.minecraftforge.common.ForgeConfigSpec/CORE]: Incorrect key playerRaids.smallShipsPreferLarge was corrected from null to its default, true. 
[10Sep2026 03:20:37.398] [Test worker/DEBUG] [net.minecraftforge.common.ForgeConfigSpec/CORE]: The comment on key playerRaids.smallShipsPreferLarge does not match the spec. This may create a backup.
[10Sep2026 03:20:37.398] [Test worker/WARN] [net.minecraftforge.common.ForgeConfigSpec/CORE]: Incorrect key playerRaids.shipCrewMax was corrected from null to its default, 6. 
[10Sep2026 03:20:37.399] [Test worker/DEBUG] [net.minecraftforge.common.ForgeConfigSpec/CORE]: The comment on key playerRaids.shipCrewMax does not match the spec. This may create a backup.
[10Sep2026 03:20:37.399] [Test worker/WARN] [net.minecraftforge.common.ForgeConfigSpec/CORE]: Incorrect key playerRaids.enableWorkersCampConstruction was corrected from null to its default, true. 
[10Sep2026 03:20:37.399] [Test worker/DEBUG] [net.minecraftforge.common.ForgeConfigSpec/CORE]: The comment on key playerRaids.enableWorkersCampConstruction does not match the spec. This may create a backup.
[10Sep2026 03:20:37.399] [Test worker/WARN] [net.minecraftforge.common.ForgeConfigSpec/CORE]: Incorrect key playerRaids.campBuilderMax was corrected from null to its default, 2. 
[10Sep2026 03:20:37.399] [Test worker/DEBUG] [net.minecraftforge.common.ForgeConfigSpec/CORE]: The comment on key playerRaids.campBuilderMax does not match the spec. This may create a backup.
[10Sep2026 03:20:37.399] [Test worker/WARN] [net.minecraftforge.common.ForgeConfigSpec/CORE]: Incorrect key playerRaids.campLumberjackMax was corrected from null to its default, 2. 
[10Sep2026 03:20:37.399] [Test worker/DEBUG] [net.minecraftforge.common.ForgeConfigSpec/CORE]: The comment on key playerRaids.campLumberjackMax does not match the spec. This may create a backup.
[10Sep2026 03:20:37.399] [Test worker/WARN] [net.minecraftforge.common.ForgeConfigSpec/CORE]: Incorrect key playerRaids.campMaxBuildSeconds was corrected from null to its default, 180. 
[10Sep2026 03:20:37.400] [Test worker/DEBUG] [net.minecraftforge.common.ForgeConfigSpec/CORE]: The comment on key playerRaids.campMaxBuildSeconds does not match the spec. This may create a backup.
[10Sep2026 03:20:37.400] [Test worker/WARN] [net.minecraftforge.common.ForgeConfigSpec/CORE]: Incorrect key playerRaids.enableRaiderNarrative was corrected from null to its default, true. 
[10Sep2026 03:20:37.400] [Test worker/DEBUG] [net.minecraftforge.common.ForgeConfigSpec/CORE]: The comment on key playerRaids.enableRaiderNarrative does not match the spec. This may create a backup.
[10Sep2026 03:20:37.400] [Test worker/DEBUG] [net.minecraftforge.common.ForgeConfigSpec/CORE]: List on key allowedRaiderFactions is deemed to need correction, as it is null or not a list.
[10Sep2026 03:20:37.400] [Test worker/WARN] [net.minecraftforge.common.ForgeConfigSpec/CORE]: Incorrect key playerRaids.allowedRaiderFactions was corrected from null to its default, []. 
[10Sep2026 03:20:37.400] [Test worker/DEBUG] [net.minecraftforge.common.ForgeConfigSpec/CORE]: The comment on key playerRaids.allowedRaiderFactions does not match the spec. This may create a backup.
[10Sep2026 03:20:37.400] [Test worker/DEBUG] [net.minecraftforge.common.ForgeConfigSpec/CORE]: List on key allowedCasusBelli is deemed to need correction, as it is null or not a list.
[10Sep2026 03:20:37.400] [Test worker/WARN] [net.minecraftforge.common.ForgeConfigSpec/CORE]: Incorrect key playerRaids.allowedCasusBelli was corrected from null to its default, []. 
[10Sep2026 03:20:37.400] [Test worker/DEBUG] [net.minecraftforge.common.ForgeConfigSpec/CORE]: The comment on key playerRaids.allowedCasusBelli does not match the spec. This may create a backup.
[10Sep2026 03:20:37.400] [Test worker/WARN] [net.minecraftforge.common.ForgeConfigSpec/CORE]: Incorrect key playerRaids.narrativeInBossBar was corrected from null to its default, true. 
[10Sep2026 03:20:37.401] [Test worker/DEBUG] [net.minecraftforge.common.ForgeConfigSpec/CORE]: The comment on key playerRaids.narrativeInBossBar does not match the spec. This may create a backup.
[10Sep2026 03:20:37.401] [Test worker/WARN] [net.minecraftforge.common.ForgeConfigSpec/CORE]: Incorrect key playerRaids.enableProgressiveWaveComposition was corrected from null to its default, true. 
[10Sep2026 03:20:37.401] [Test worker/DEBUG] [net.minecraftforge.common.ForgeConfigSpec/CORE]: The comment on key playerRaids.enableProgressiveWaveComposition does not match the spec. This may create a backup.
[10Sep2026 03:20:37.401] [Test worker/WARN] [net.minecraftforge.common.ForgeConfigSpec/CORE]: Incorrect key playerRaids.enableRaiderFormations was corrected from null to its default, true. 
[10Sep2026 03:20:37.401] [Test worker/DEBUG] [net.minecraftforge.common.ForgeConfigSpec/CORE]: The comment on key playerRaids.enableRaiderFormations does not match the spec. This may create a backup.
[10Sep2026 03:20:37.401] [Test worker/WARN] [net.minecraftforge.common.ForgeConfigSpec/CORE]: Incorrect key playerRaids.announceWaveFormation was corrected from null to its default, true. 
[10Sep2026 03:20:37.404] [Test worker/DEBUG] [net.minecraftforge.common.ForgeConfigSpec/CORE]: The comment on key playerRaids.announceWaveFormation does not match the spec. This may create a backup.
[10Sep2026 03:20:37.404] [Test worker/WARN] [net.minecraftforge.common.ForgeConfigSpec/CORE]: Incorrect key playerRaids.enableLadderBuilding was corrected from null to its default, true. 
[10Sep2026 03:20:37.404] [Test worker/DEBUG] [net.minecraftforge.common.ForgeConfigSpec/CORE]: The comment on key playerRaids.enableLadderBuilding does not match the spec. This may create a backup.
[10Sep2026 03:20:37.406] [Test worker/WARN] [net.minecraftforge.common.ForgeConfigSpec/CORE]: Incorrect key playerRaids.maxLaddersPerRaid was corrected from null to its default, 6. 
[10Sep2026 03:20:37.407] [Test worker/DEBUG] [net.minecraftforge.common.ForgeConfigSpec/CORE]: The comment on key playerRaids.maxLaddersPerRaid does not match the spec. This may create a backup.
[10Sep2026 03:20:37.407] [Test worker/WARN] [net.minecraftforge.common.ForgeConfigSpec/CORE]: Incorrect key playerRaids.spawnGuidebookOnJoin was corrected from null to its default, false. 
[10Sep2026 03:20:37.407] [Test worker/DEBUG] [net.minecraftforge.common.ForgeConfigSpec/CORE]: The comment on key playerRaids.spawnGuidebookOnJoin does not match the spec. This may create a backup.
[10Sep2026 03:20:37.407] [Test worker/WARN] [net.minecraftforge.common.ForgeConfigSpec/CORE]: Incorrect key playerRaids.enableRestorableGateBreaching was corrected from null to its default, true. 
[10Sep2026 03:20:37.407] [Test worker/DEBUG] [net.minecraftforge.common.ForgeConfigSpec/CORE]: The comment on key playerRaids.enableRestorableGateBreaching does not match the spec. This may create a backup.
[10Sep2026 03:20:37.407] [Test worker/WARN] [net.minecraftforge.common.ForgeConfigSpec/CORE]: Incorrect key playerRaids.woodenBreachSeconds was corrected from null to its default, 10. 
[10Sep2026 03:20:37.407] [Test worker/DEBUG] [net.minecraftforge.common.ForgeConfigSpec/CORE]: The comment on key playerRaids.woodenBreachSeconds does not match the spec. This may create a backup.
[10Sep2026 03:20:37.407] [Test worker/WARN] [net.minecraftforge.common.ForgeConfigSpec/CORE]: Incorrect key playerRaids.reinforcedBreachSeconds was corrected from null to its default, 24. 
[10Sep2026 03:20:37.408] [Test worker/DEBUG] [net.minecraftforge.common.ForgeConfigSpec/CORE]: The comment on key playerRaids.reinforcedBreachSeconds does not match the spec. This may create a backup.
[10Sep2026 03:20:37.408] [Test worker/WARN] [net.minecraftforge.common.ForgeConfigSpec/CORE]: Incorrect key playerRaids.maximumRestorableBlocks was corrected from null to its default, 64. 
[10Sep2026 03:20:37.408] [Test worker/DEBUG] [net.minecraftforge.common.ForgeConfigSpec/CORE]: The comment on key playerRaids.maximumRestorableBlocks does not match the spec. This may create a backup.
[10Sep2026 03:20:37.408] [Test worker/WARN] [net.minecraftforge.common.ForgeConfigSpec/CORE]: Incorrect key playerRaids.restoreBreachedBlocks was corrected from null to its default, true. 
[10Sep2026 03:20:37.408] [Test worker/DEBUG] [net.minecraftforge.common.ForgeConfigSpec/CORE]: The comment on key playerRaids.restoreBreachedBlocks does not match the spec. This may create a backup.
[10Sep2026 03:20:37.408] [Test worker/WARN] [net.minecraftforge.common.ForgeConfigSpec/CORE]: Incorrect key playerRaids.raiderAdvanceSpeed was corrected from null to its default, 1.05. 
[10Sep2026 03:20:37.408] [Test worker/DEBUG] [net.minecraftforge.common.ForgeConfigSpec/CORE]: The comment on key playerRaids.raiderAdvanceSpeed does not match the spec. This may create a backup.
[10Sep2026 03:20:37.408] [Test worker/WARN] [net.minecraftforge.common.ForgeConfigSpec/CORE]: Incorrect key playerRaids.allowWorldSpawnFallback was corrected from null to its default, false. 
[10Sep2026 03:20:37.408] [Test worker/DEBUG] [net.minecraftforge.common.ForgeConfigSpec/CORE]: The comment on key playerRaids.allowWorldSpawnFallback does not match the spec. This may create a backup.
[10Sep2026 03:20:37.408] [Test worker/WARN] [net.minecraftforge.common.ForgeConfigSpec/CORE]: Incorrect key playerRaids.stagedSquads was corrected from null to its default, true. 
[10Sep2026 03:20:37.409] [Test worker/DEBUG] [net.minecraftforge.common.ForgeConfigSpec/CORE]: The comment on key playerRaids.stagedSquads does not match the spec. This may create a backup.
[10Sep2026 03:20:37.409] [Test worker/WARN] [net.minecraftforge.common.ForgeConfigSpec/CORE]: Incorrect key playerRaids.squadSize was corrected from null to its default, 4. 
[10Sep2026 03:20:37.409] [Test worker/DEBUG] [net.minecraftforge.common.ForgeConfigSpec/CORE]: The comment on key playerRaids.squadSize does not match the spec. This may create a backup.
[10Sep2026 03:20:37.409] [Test worker/WARN] [net.minecraftforge.common.ForgeConfigSpec/CORE]: Incorrect key playerRaids.squadIntervalSeconds was corrected from null to its default, 6. 
[10Sep2026 03:20:37.409] [Test worker/DEBUG] [net.minecraftforge.common.ForgeConfigSpec/CORE]: The comment on key playerRaids.squadIntervalSeconds does not match the spec. This may create a backup.
[10Sep2026 03:20:37.409] [Test worker/WARN] [net.minecraftforge.common.ForgeConfigSpec/CORE]: Incorrect key playerRaids.recruitsPerExtraEnemy was corrected from null to its default, 3. 
[10Sep2026 03:20:37.409] [Test worker/DEBUG] [net.minecraftforge.common.ForgeConfigSpec/CORE]: The comment on key playerRaids.recruitsPerExtraEnemy does not match the spec. This may create a backup.
[10Sep2026 03:20:37.409] [Test worker/WARN] [net.minecraftforge.common.ForgeConfigSpec/CORE]: Incorrect key playerRaids.maximumRecruitScalingEnemies was corrected from null to its default, 8. 
[10Sep2026 03:20:37.409] [Test worker/DEBUG] [net.minecraftforge.common.ForgeConfigSpec/CORE]: The comment on key playerRaids.maximumRecruitScalingEnemies does not match the spec. This may create a backup.
[10Sep2026 03:20:37.409] [Test worker/WARN] [net.minecraftforge.common.ForgeConfigSpec/CORE]: Incorrect key playerRaids.enableCommander was corrected from null to its default, true. 
[10Sep2026 03:20:37.412] [Test worker/DEBUG] [net.minecraftforge.common.ForgeConfigSpec/CORE]: The comment on key playerRaids.enableCommander does not match the spec. This may create a backup.
[10Sep2026 03:20:37.412] [Test worker/WARN] [net.minecraftforge.common.ForgeConfigSpec/CORE]: Incorrect key playerRaids.commanderHealthMultiplier was corrected from null to its default, 2.0. 
[10Sep2026 03:20:37.412] [Test worker/DEBUG] [net.minecraftforge.common.ForgeConfigSpec/CORE]: The comment on key playerRaids.commanderHealthMultiplier does not match the spec. This may create a backup.
[10Sep2026 03:20:37.412] [Test worker/WARN] [net.minecraftforge.common.ForgeConfigSpec/CORE]: Incorrect key playerRaids.showRaidTitles was corrected from null to its default, true. 
[10Sep2026 03:20:37.412] [Test worker/DEBUG] [net.minecraftforge.common.ForgeConfigSpec/CORE]: The comment on key playerRaids.showRaidTitles does not match the spec. This may create a backup.
[10Sep2026 03:20:37.413] [Test worker/WARN] [net.minecraftforge.common.ForgeConfigSpec/CORE]: Incorrect key playerRaids.showActionBarUpdates was corrected from null to its default, true. 
[10Sep2026 03:20:37.413] [Test worker/DEBUG] [net.minecraftforge.common.ForgeConfigSpec/CORE]: The comment on key playerRaids.showActionBarUpdates does not match the spec. This may create a backup.
[10Sep2026 03:20:37.413] [Test worker/WARN] [net.minecraftforge.common.ForgeConfigSpec/CORE]: Incorrect key playerRaids.spawnArrivalEffects was corrected from null to its default, true. 
[10Sep2026 03:20:37.413] [Test worker/DEBUG] [net.minecraftforge.common.ForgeConfigSpec/CORE]: The comment on key playerRaids.spawnArrivalEffects does not match the spec. This may create a backup.
[10Sep2026 03:20:37.413] [Test worker/WARN] [net.minecraftforge.common.ForgeConfigSpec/CORE]: Incorrect key playerRaids.victoryEmeraldsBase was corrected from null to its default, 16. 
[10Sep2026 03:20:37.413] [Test worker/DEBUG] [net.minecraftforge.common.ForgeConfigSpec/CORE]: The comment on key playerRaids.victoryEmeraldsBase does not match the spec. This may create a backup.
[10Sep2026 03:20:37.413] [Test worker/WARN] [net.minecraftforge.common.ForgeConfigSpec/CORE]: Incorrect key playerRaids.victoryEmeraldsPerWave was corrected from null to its default, 4. 
[10Sep2026 03:20:37.413] [Test worker/DEBUG] [net.minecraftforge.common.ForgeConfigSpec/CORE]: The comment on key playerRaids.victoryEmeraldsPerWave does not match the spec. This may create a backup.
[10Sep2026 03:20:37.413] [Test worker/WARN] [net.minecraftforge.common.ForgeConfigSpec/CORE]: Incorrect key playerRaids.commanderEmeraldBonus was corrected from null to its default, 12. 
[10Sep2026 03:20:37.413] [Test worker/DEBUG] [net.minecraftforge.common.ForgeConfigSpec/CORE]: The comment on key playerRaids.commanderEmeraldBonus does not match the spec. This may create a backup.
[10Sep2026 03:20:37.413] [Test worker/WARN] [net.minecraftforge.common.ForgeConfigSpec/CORE]: Incorrect key playerRaids.manualRaidsGrantRewards was corrected from null to its default, false. 
[10Sep2026 03:20:37.414] [Test worker/DEBUG] [net.minecraftforge.common.ForgeConfigSpec/CORE]: The comment on key playerRaids.manualRaidsGrantRewards does not match the spec. This may create a backup.
[10Sep2026 03:20:37.414] [Test worker/DEBUG] [net.minecraftforge.common.ForgeConfigSpec/CORE]: The comment on key playerRaids does not match the spec. This may create a backup.
[10Sep2026 03:20:37.414] [Test worker/WARN] [net.minecraftforge.common.ForgeConfigSpec/CORE]: Incorrect key compatibility was corrected from null to its default, SimpleCommentedConfig:{}. 
[10Sep2026 03:20:37.414] [Test worker/WARN] [net.minecraftforge.common.ForgeConfigSpec/CORE]: Incorrect key compatibility.enableVillagerWorkers was corrected from null to its default, true. 
[10Sep2026 03:20:37.414] [Test worker/DEBUG] [net.minecraftforge.common.ForgeConfigSpec/CORE]: The comment on key compatibility.enableVillagerWorkers does not match the spec. This may create a backup.
[10Sep2026 03:20:37.414] [Test worker/WARN] [net.minecraftforge.common.ForgeConfigSpec/CORE]: Incorrect key compatibility.protectVillagerWorkers was corrected from null to its default, true. 
[10Sep2026 03:20:37.414] [Test worker/DEBUG] [net.minecraftforge.common.ForgeConfigSpec/CORE]: The comment on key compatibility.protectVillagerWorkers does not match the spec. This may create a backup.
[10Sep2026 03:20:37.414] [Test worker/WARN] [net.minecraftforge.common.ForgeConfigSpec/CORE]: Incorrect key compatibility.enableSmallShips was corrected from null to its default, true. 
[10Sep2026 03:20:37.414] [Test worker/DEBUG] [net.minecraftforge.common.ForgeConfigSpec/CORE]: The comment on key compatibility.enableSmallShips does not match the spec. This may create a backup.
[10Sep2026 03:20:37.414] [Test worker/WARN] [net.minecraftforge.common.ForgeConfigSpec/CORE]: Incorrect key compatibility.enableSiegeWeapons was corrected from null to its default, true. 
[10Sep2026 03:20:37.414] [Test worker/DEBUG] [net.minecraftforge.common.ForgeConfigSpec/CORE]: The comment on key compatibility.enableSiegeWeapons does not match the spec. This may create a backup.
[10Sep2026 03:20:37.414] [Test worker/WARN] [net.minecraftforge.common.ForgeConfigSpec/CORE]: Incorrect key compatibility.assetDetectionRadius was corrected from null to its default, 128. 
[10Sep2026 03:20:37.415] [Test worker/DEBUG] [net.minecraftforge.common.ForgeConfigSpec/CORE]: The comment on key compatibility.assetDetectionRadius does not match the spec. This may create a backup.
[10Sep2026 03:20:37.415] [Test worker/WARN] [net.minecraftforge.common.ForgeConfigSpec/CORE]: Incorrect key compatibility.crewedAssetsPerExtraEnemy was corrected from null to its default, 2. 
[10Sep2026 03:20:37.415] [Test worker/DEBUG] [net.minecraftforge.common.ForgeConfigSpec/CORE]: The comment on key compatibility.crewedAssetsPerExtraEnemy does not match the spec. This may create a backup.
[10Sep2026 03:20:37.415] [Test worker/WARN] [net.minecraftforge.common.ForgeConfigSpec/CORE]: Incorrect key compatibility.maximumAssetScalingEnemies was corrected from null to its default, 4. 
[10Sep2026 03:20:37.415] [Test worker/DEBUG] [net.minecraftforge.common.ForgeConfigSpec/CORE]: The comment on key compatibility.maximumAssetScalingEnemies does not match the spec. This may create a backup.
[10Sep2026 03:20:37.415] [Test worker/DEBUG] [net.minecraftforge.common.ForgeConfigSpec/CORE]: The comment on key compatibility does not match the spec. This may create a backup.
[10Sep2026 03:20:37.452] [Test worker/WARN] [net.minecraftforge.common.ForgeConfigSpec/CORE]: Configuration file SimpleCommentedConfig:{} is not correct. Correcting
[10Sep2026 03:20:37.453] [Test worker/WARN] [net.minecraftforge.common.ForgeConfigSpec/CORE]: Incorrect key playerRaids was corrected from null to its default, SimpleCommentedConfig:{}. 
[10Sep2026 03:20:37.453] [Test worker/WARN] [net.minecraftforge.common.ForgeConfigSpec/CORE]: Incorrect key playerRaids.siegeCorpseSeconds was corrected from null to its default, 120. 
[10Sep2026 03:20:37.453] [Test worker/DEBUG] [net.minecraftforge.common.ForgeConfigSpec/CORE]: The comment on key playerRaids.siegeCorpseSeconds does not match the spec. This may create a backup.
[10Sep2026 03:20:37.453] [Test worker/WARN] [net.minecraftforge.common.ForgeConfigSpec/CORE]: Incorrect key playerRaids.emptyCorpseSeconds was corrected from null to its default, 60. 
[10Sep2026 03:20:37.453] [Test worker/DEBUG] [net.minecraftforge.common.ForgeConfigSpec/CORE]: The comment on key playerRaids.emptyCorpseSeconds does not match the spec. This may create a backup.
[10Sep2026 03:20:37.453] [Test worker/WARN] [net.minecraftforge.common.ForgeConfigSpec/CORE]: Incorrect key playerRaids.bankDailyInterestBasisPoints was corrected from null to its default, 100. 
[10Sep2026 03:20:37.453] [Test worker/DEBUG] [net.minecraftforge.common.ForgeConfigSpec/CORE]: The comment on key playerRaids.bankDailyInterestBasisPoints does not match the spec. This may create a backup.
[10Sep2026 03:20:37.453] [Test worker/WARN] [net.minecraftforge.common.ForgeConfigSpec/CORE]: Incorrect key playerRaids.enabled was corrected from null to its default, true. 
[10Sep2026 03:20:37.453] [Test worker/DEBUG] [net.minecraftforge.common.ForgeConfigSpec/CORE]: The comment on key playerRaids.enabled does not match the spec. This may create a backup.
[10Sep2026 03:20:37.453] [Test worker/WARN] [net.minecraftforge.common.ForgeConfigSpec/CORE]: Incorrect key playerRaids.automaticRaids was corrected from null to its default, true. 
[10Sep2026 03:20:37.453] [Test worker/DEBUG] [net.minecraftforge.common.ForgeConfigSpec/CORE]: The comment on key playerRaids.automaticRaids does not match the spec. This may create a backup.
[10Sep2026 03:20:37.453] [Test worker/WARN] [net.minecraftforge.common.ForgeConfigSpec/CORE]: Incorrect key playerRaids.minimumCooldownMinutes was corrected from null to its default, 60. 
[10Sep2026 03:20:37.453] [Test worker/DEBUG] [net.minecraftforge.common.ForgeConfigSpec/CORE]: The comment on key playerRaids.minimumCooldownMinutes does not match the spec. This may create a backup.
[10Sep2026 03:20:37.453] [Test worker/WARN] [net.minecraftforge.common.ForgeConfigSpec/CORE]: Incorrect key playerRaids.maximumCooldownMinutes was corrected from null to its default, 90. 
[10Sep2026 03:20:37.453] [Test worker/DEBUG] [net.minecraftforge.common.ForgeConfigSpec/CORE]: The comment on key playerRaids.maximumCooldownMinutes does not match the spec. This may create a backup.
[10Sep2026 03:20:37.453] [Test worker/WARN] [net.minecraftforge.common.ForgeConfigSpec/CORE]: Incorrect key playerRaids.siegePreparationMinutes was corrected from null to its default, 12. 
[10Sep2026 03:20:37.453] [Test worker/DEBUG] [net.minecraftforge.common.ForgeConfigSpec/CORE]: The comment on key playerRaids.siegePreparationMinutes does not match the spec. This may create a backup.
[10Sep2026 03:20:37.453] [Test worker/WARN] [net.minecraftforge.common.ForgeConfigSpec/CORE]: Incorrect key playerRaids.warningSeconds was corrected from null to its default, 120. 
[10Sep2026 03:20:37.453] [Test worker/DEBUG] [net.minecraftforge.common.ForgeConfigSpec/CORE]: The comment on key playerRaids.warningSeconds does not match the spec. This may create a backup.
[10Sep2026 03:20:37.453] [Test worker/WARN] [net.minecraftforge.common.ForgeConfigSpec/CORE]: Incorrect key playerRaids.waves was corrected from null to its default, 5. 
[10Sep2026 03:20:37.453] [Test worker/DEBUG] [net.minecraftforge.common.ForgeConfigSpec/CORE]: The comment on key playerRaids.waves does not match the spec. This may create a backup.
[10Sep2026 03:20:37.453] [Test worker/WARN] [net.minecraftforge.common.ForgeConfigSpec/CORE]: Incorrect key playerRaids.baseEnemiesPerWave was corrected from null to its default, 10. 
[10Sep2026 03:20:37.453] [Test worker/DEBUG] [net.minecraftforge.common.ForgeConfigSpec/CORE]: The comment on key playerRaids.baseEnemiesPerWave does not match the spec. This may create a backup.
[10Sep2026 03:20:37.453] [Test worker/WARN] [net.minecraftforge.common.ForgeConfigSpec/CORE]: Incorrect key playerRaids.enemiesPerExtraPlayer was corrected from null to its default, 3. 
[10Sep2026 03:20:37.453] [Test worker/DEBUG] [net.minecraftforge.common.ForgeConfigSpec/CORE]: The comment on key playerRaids.enemiesPerExtraPlayer does not match the spec. This may create a backup.
[10Sep2026 03:20:37.453] [Test worker/WARN] [net.minecraftforge.common.ForgeConfigSpec/CORE]: Incorrect key playerRaids.maximumActiveRaiders was corrected from null to its default, 30. 
[10Sep2026 03:20:37.453] [Test worker/DEBUG] [net.minecraftforge.common.ForgeConfigSpec/CORE]: The comment on key playerRaids.maximumActiveRaiders does not match the spec. This may create a backup.
[10Sep2026 03:20:37.453] [Test worker/WARN] [net.minecraftforge.common.ForgeConfigSpec/CORE]: Incorrect key playerRaids.maximumGlobalRaiders was corrected from null to its default, 35. 
[10Sep2026 03:20:37.453] [Test worker/DEBUG] [net.minecraftforge.common.ForgeConfigSpec/CORE]: The comment on key playerRaids.maximumGlobalRaiders does not match the spec. This may create a backup.
[10Sep2026 03:20:37.453] [Test worker/WARN] [net.minecraftforge.common.ForgeConfigSpec/CORE]: Incorrect key playerRaids.maximumConcurrentRaids was corrected from null to its default, 1. 
[10Sep2026 03:20:37.453] [Test worker/DEBUG] [net.minecraftforge.common.ForgeConfigSpec/CORE]: The comment on key playerRaids.maximumConcurrentRaids does not match the spec. This may create a backup.
[10Sep2026 03:20:37.453] [Test worker/WARN] [net.minecraftforge.common.ForgeConfigSpec/CORE]: Incorrect key playerRaids.timeBetweenWavesSeconds was corrected from null to its default, 45. 
[10Sep2026 03:20:37.454] [Test worker/DEBUG] [net.minecraftforge.common.ForgeConfigSpec/CORE]: The comment on key playerRaids.timeBetweenWavesSeconds does not match the spec. This may create a backup.
[10Sep2026 03:20:37.454] [Test worker/WARN] [net.minecraftforge.common.ForgeConfigSpec/CORE]: Incorrect key playerRaids.minimumSpawnDistance was corrected from null to its default, 48. 
[10Sep2026 03:20:37.454] [Test worker/DEBUG] [net.minecraftforge.common.ForgeConfigSpec/CORE]: The comment on key playerRaids.minimumSpawnDistance does not match the spec. This may create a backup.
[10Sep2026 03:20:37.454] [Test worker/WARN] [net.minecraftforge.common.ForgeConfigSpec/CORE]: Incorrect key playerRaids.maximumSpawnDistance was corrected from null to its default, 72. 
[10Sep2026 03:20:37.454] [Test worker/DEBUG] [net.minecraftforge.common.ForgeConfigSpec/CORE]: The comment on key playerRaids.maximumSpawnDistance does not match the spec. This may create a backup.
[10Sep2026 03:20:37.454] [Test worker/WARN] [net.minecraftforge.common.ForgeConfigSpec/CORE]: Incorrect key playerRaids.defenseRadius was corrected from null to its default, 160. 
[10Sep2026 03:20:37.454] [Test worker/DEBUG] [net.minecraftforge.common.ForgeConfigSpec/CORE]: The comment on key playerRaids.defenseRadius does not match the spec. This may create a backup.
[10Sep2026 03:20:37.454] [Test worker/WARN] [net.minecraftforge.common.ForgeConfigSpec/CORE]: Incorrect key playerRaids.aggroRadius was corrected from null to its default, 40. 
[10Sep2026 03:20:37.454] [Test worker/DEBUG] [net.minecraftforge.common.ForgeConfigSpec/CORE]: The comment on key playerRaids.aggroRadius does not match the spec. This may create a backup.
[10Sep2026 03:20:37.454] [Test worker/WARN] [net.minecraftforge.common.ForgeConfigSpec/CORE]: Incorrect key playerRaids.offAxisDriftLimit was corrected from null to its default, 24. 
[10Sep2026 03:20:37.454] [Test worker/DEBUG] [net.minecraftforge.common.ForgeConfigSpec/CORE]: The comment on key playerRaids.offAxisDriftLimit does not match the spec. This may create a backup.
[10Sep2026 03:20:37.454] [Test worker/WARN] [net.minecraftforge.common.ForgeConfigSpec/CORE]: Incorrect key playerRaids.breachersIgnoreDefenders was corrected from null to its default, true. 
[10Sep2026 03:20:37.454] [Test worker/DEBUG] [net.minecraftforge.common.ForgeConfigSpec/CORE]: The comment on key playerRaids.breachersIgnoreDefenders does not match the spec. This may create a backup.
[10Sep2026 03:20:37.454] [Test worker/WARN] [net.minecraftforge.common.ForgeConfigSpec/CORE]: Incorrect key playerRaids.stuckDetectionEnabled was corrected from null to its default, true. 
[10Sep2026 03:20:37.454] [Test worker/DEBUG] [net.minecraftforge.common.ForgeConfigSpec/CORE]: The comment on key playerRaids.stuckDetectionEnabled does not match the spec. This may create a backup.
[10Sep2026 03:20:37.454] [Test worker/WARN] [net.minecraftforge.common.ForgeConfigSpec/CORE]: Incorrect key playerRaids.stuckEscalationSeconds was corrected from null to its default, 5. 
[10Sep2026 03:20:37.454] [Test worker/DEBUG] [net.minecraftforge.common.ForgeConfigSpec/CORE]: The comment on key playerRaids.stuckEscalationSeconds does not match the spec. This may create a backup.
[10Sep2026 03:20:37.454] [Test worker/WARN] [net.minecraftforge.common.ForgeConfigSpec/CORE]: Incorrect key playerRaids.innerAggroMultiplier was corrected from null to its default, 2.0. 
[10Sep2026 03:20:37.454] [Test worker/DEBUG] [net.minecraftforge.common.ForgeConfigSpec/CORE]: The comment on key playerRaids.innerAggroMultiplier does not match the spec. This may create a backup.
[10Sep2026 03:20:37.454] [Test worker/WARN] [net.minecraftforge.common.ForgeConfigSpec/CORE]: Incorrect key playerRaids.forceRepathWhenIdle was corrected from null to its default, true. 
[10Sep2026 03:20:37.454] [Test worker/DEBUG] [net.minecraftforge.common.ForgeConfigSpec/CORE]: The comment on key playerRaids.forceRepathWhenIdle does not match the spec. This may create a backup.
[10Sep2026 03:20:37.454] [Test worker/WARN] [net.minecraftforge.common.ForgeConfigSpec/CORE]: Incorrect key playerRaids.coneFallbackEnabled was corrected from null to its default, true. 
[10Sep2026 03:20:37.454] [Test worker/DEBUG] [net.minecraftforge.common.ForgeConfigSpec/CORE]: The comment on key playerRaids.coneFallbackEnabled does not match the spec. This may create a backup.
[10Sep2026 03:20:37.454] [Test worker/WARN] [net.minecraftforge.common.ForgeConfigSpec/CORE]: Incorrect key playerRaids.coneFallbackRadius was corrected from null to its default, 16. 
[10Sep2026 03:20:37.454] [Test worker/DEBUG] [net.minecraftforge.common.ForgeConfigSpec/CORE]: The comment on key playerRaids.coneFallbackRadius does not match the spec. This may create a backup.
[10Sep2026 03:20:37.454] [Test worker/WARN] [net.minecraftforge.common.ForgeConfigSpec/CORE]: Incorrect key playerRaids.coneFallbackVertical was corrected from null to its default, 7. 
[10Sep2026 03:20:37.454] [Test worker/DEBUG] [net.minecraftforge.common.ForgeConfigSpec/CORE]: The comment on key playerRaids.coneFallbackVertical does not match the spec. This may create a backup.
[10Sep2026 03:20:37.454] [Test worker/WARN] [net.minecraftforge.common.ForgeConfigSpec/CORE]: Incorrect key playerRaids.parkourEnabled was corrected from null to its default, true. 
[10Sep2026 03:20:37.455] [Test worker/DEBUG] [net.minecraftforge.common.ForgeConfigSpec/CORE]: The comment on key playerRaids.parkourEnabled does not match the spec. This may create a backup.
[10Sep2026 03:20:37.455] [Test worker/WARN] [net.minecraftforge.common.ForgeConfigSpec/CORE]: Incorrect key playerRaids.parkourMaxForward was corrected from null to its default, 3. 
[10Sep2026 03:20:37.455] [Test worker/DEBUG] [net.minecraftforge.common.ForgeConfigSpec/CORE]: The comment on key playerRaids.parkourMaxForward does not match the spec. This may create a backup.
[10Sep2026 03:20:37.455] [Test worker/WARN] [net.minecraftforge.common.ForgeConfigSpec/CORE]: Incorrect key playerRaids.avoidHazards was corrected from null to its default, true. 
[10Sep2026 03:20:37.455] [Test worker/DEBUG] [net.minecraftforge.common.ForgeConfigSpec/CORE]: The comment on key playerRaids.avoidHazards does not match the spec. This may create a backup.
[10Sep2026 03:20:37.455] [Test worker/WARN] [net.minecraftforge.common.ForgeConfigSpec/CORE]: Incorrect key playerRaids.shoutToAllies was corrected from null to its default, true. 
[10Sep2026 03:20:37.455] [Test worker/DEBUG] [net.minecraftforge.common.ForgeConfigSpec/CORE]: The comment on key playerRaids.shoutToAllies does not match the spec. This may create a backup.
[10Sep2026 03:20:37.455] [Test worker/WARN] [net.minecraftforge.common.ForgeConfigSpec/CORE]: Incorrect key playerRaids.shoutRadius was corrected from null to its default, 16. 
[10Sep2026 03:20:37.455] [Test worker/DEBUG] [net.minecraftforge.common.ForgeConfigSpec/CORE]: The comment on key playerRaids.shoutRadius does not match the spec. This may create a backup.
[10Sep2026 03:20:37.455] [Test worker/WARN] [net.minecraftforge.common.ForgeConfigSpec/CORE]: Incorrect key playerRaids.scoutingEnabled was corrected from null to its default, true. 
[10Sep2026 03:20:37.455] [Test worker/DEBUG] [net.minecraftforge.common.ForgeConfigSpec/CORE]: The comment on key playerRaids.scoutingEnabled does not match the spec. This may create a backup.
[10Sep2026 03:20:37.455] [Test worker/WARN] [net.minecraftforge.common.ForgeConfigSpec/CORE]: Incorrect key playerRaids.scoutPartySize was corrected from null to its default, 2. 
[10Sep2026 03:20:37.455] [Test worker/DEBUG] [net.minecraftforge.common.ForgeConfigSpec/CORE]: The comment on key playerRaids.scoutPartySize does not match the spec. This may create a backup.
[10Sep2026 03:20:37.455] [Test worker/WARN] [net.minecraftforge.common.ForgeConfigSpec/CORE]: Incorrect key playerRaids.scoutSpawnDistance was corrected from null to its default, 100. 
[10Sep2026 03:20:37.455] [Test worker/DEBUG] [net.minecraftforge.common.ForgeConfigSpec/CORE]: The comment on key playerRaids.scoutSpawnDistance does not match the spec. This may create a backup.
[10Sep2026 03:20:37.455] [Test worker/WARN] [net.minecraftforge.common.ForgeConfigSpec/CORE]: Incorrect key playerRaids.scoutObserveSeconds was corrected from null to its default, 45. 
[10Sep2026 03:20:37.455] [Test worker/DEBUG] [net.minecraftforge.common.ForgeConfigSpec/CORE]: The comment on key playerRaids.scoutObserveSeconds does not match the spec. This may create a backup.
[10Sep2026 03:20:37.455] [Test worker/WARN] [net.minecraftforge.common.ForgeConfigSpec/CORE]: Incorrect key playerRaids.scoutDropIntelLetter was corrected from null to its default, true. 
[10Sep2026 03:20:37.455] [Test worker/DEBUG] [net.minecraftforge.common.ForgeConfigSpec/CORE]: The comment on key playerRaids.scoutDropIntelLetter does not match the spec. This may create a backup.
[10Sep2026 03:20:37.455] [Test worker/WARN] [net.minecraftforge.common.ForgeConfigSpec/CORE]: Incorrect key playerRaids.claimAwareAnchors was corrected from null to its default, true. 
[10Sep2026 03:20:37.455] [Test worker/DEBUG] [net.minecraftforge.common.ForgeConfigSpec/CORE]: The comment on key playerRaids.claimAwareAnchors does not match the spec. This may create a backup.
[10Sep2026 03:20:37.455] [Test worker/WARN] [net.minecraftforge.common.ForgeConfigSpec/CORE]: Incorrect key playerRaids.useClaimCenterAsDefensePoint was corrected from null to its default, true. 
[10Sep2026 03:20:37.455] [Test worker/DEBUG] [net.minecraftforge.common.ForgeConfigSpec/CORE]: The comment on key playerRaids.useClaimCenterAsDefensePoint does not match the spec. This may create a backup.
[10Sep2026 03:20:37.455] [Test worker/WARN] [net.minecraftforge.common.ForgeConfigSpec/CORE]: Incorrect key playerRaids.respectDefenderClaims was corrected from null to its default, true. 
[10Sep2026 03:20:37.455] [Test worker/DEBUG] [net.minecraftforge.common.ForgeConfigSpec/CORE]: The comment on key playerRaids.respectDefenderClaims does not match the spec. This may create a backup.
[10Sep2026 03:20:37.455] [Test worker/WARN] [net.minecraftforge.common.ForgeConfigSpec/CORE]: Incorrect key playerRaids.respectForeignClaims was corrected from null to its default, true. 
[10Sep2026 03:20:37.455] [Test worker/DEBUG] [net.minecraftforge.common.ForgeConfigSpec/CORE]: The comment on key playerRaids.respectForeignClaims does not match the spec. This may create a backup.
[10Sep2026 03:20:37.455] [Test worker/WARN] [net.minecraftforge.common.ForgeConfigSpec/CORE]: Incorrect key playerRaids.raiderHealthMultiplier was corrected from null to its default, 1.0. 
[10Sep2026 03:20:37.455] [Test worker/DEBUG] [net.minecraftforge.common.ForgeConfigSpec/CORE]: The comment on key playerRaids.raiderHealthMultiplier does not match the spec. This may create a backup.
[10Sep2026 03:20:37.455] [Test worker/WARN] [net.minecraftforge.common.ForgeConfigSpec/CORE]: Incorrect key playerRaids.raiderDamageMultiplier was corrected from null to its default, 1.0. 
[10Sep2026 03:20:37.455] [Test worker/DEBUG] [net.minecraftforge.common.ForgeConfigSpec/CORE]: The comment on key playerRaids.raiderDamageMultiplier does not match the spec. This may create a backup.
[10Sep2026 03:20:37.455] [Test worker/WARN] [net.minecraftforge.common.ForgeConfigSpec/CORE]: Incorrect key playerRaids.raiderXpMultiplier was corrected from null to its default, 1.0. 
[10Sep2026 03:20:37.455] [Test worker/DEBUG] [net.minecraftforge.common.ForgeConfigSpec/CORE]: The comment on key playerRaids.raiderXpMultiplier does not match the spec. This may create a backup.
[10Sep2026 03:20:37.455] [Test worker/DEBUG] [net.minecraftforge.common.ForgeConfigSpec/CORE]: List on key civilianMobAllowlist is deemed to need correction, as it is null or not a list.
[10Sep2026 03:20:37.455] [Test worker/WARN] [net.minecraftforge.common.ForgeConfigSpec/CORE]: Incorrect key playerRaids.civilianMobAllowlist was corrected from null to its default, [mca:male_villager, mca:female_villager]. 
[10Sep2026 03:20:37.455] [Test worker/DEBUG] [net.minecraftforge.common.ForgeConfigSpec/CORE]: The comment on key playerRaids.civilianMobAllowlist does not match the spec. This may create a backup.
[10Sep2026 03:20:37.455] [Test worker/WARN] [net.minecraftforge.common.ForgeConfigSpec/CORE]: Incorrect key playerRaids.bridgeSiegesEnabled was corrected from null to its default, true. 
[10Sep2026 03:20:37.455] [Test worker/DEBUG] [net.minecraftforge.common.ForgeConfigSpec/CORE]: The comment on key playerRaids.bridgeSiegesEnabled does not match the spec. This may create a backup.
[10Sep2026 03:20:37.455] [Test worker/WARN] [net.minecraftforge.common.ForgeConfigSpec/CORE]: Incorrect key playerRaids.raiderLabelMode was corrected from null to its default, PROXIMITY. 
[10Sep2026 03:20:37.455] [Test worker/DEBUG] [net.minecraftforge.common.ForgeConfigSpec/CORE]: The comment on key playerRaids.raiderLabelMode does not match the spec. This may create a backup.
[10Sep2026 03:20:37.455] [Test worker/WARN] [net.minecraftforge.common.ForgeConfigSpec/CORE]: Incorrect key playerRaids.raiderLabelRadius was corrected from null to its default, 24. 
[10Sep2026 03:20:37.456] [Test worker/DEBUG] [net.minecraftforge.common.ForgeConfigSpec/CORE]: The comment on key playerRaids.raiderLabelRadius does not match the spec. This may create a backup.
[10Sep2026 03:20:37.456] [Test worker/WARN] [net.minecraftforge.common.ForgeConfigSpec/CORE]: Incorrect key playerRaids.raiderGlow was corrected from null to its default, true. 
[10Sep2026 03:20:37.456] [Test worker/DEBUG] [net.minecraftforge.common.ForgeConfigSpec/CORE]: The comment on key playerRaids.raiderGlow does not match the spec. This may create a backup.
[10Sep2026 03:20:37.456] [Test worker/WARN] [net.minecraftforge.common.ForgeConfigSpec/CORE]: Incorrect key playerRaids.commanderBossbarEnabled was corrected from null to its default, true. 
[10Sep2026 03:20:37.456] [Test worker/DEBUG] [net.minecraftforge.common.ForgeConfigSpec/CORE]: The comment on key playerRaids.commanderBossbarEnabled does not match the spec. This may create a backup.
[10Sep2026 03:20:37.456] [Test worker/WARN] [net.minecraftforge.common.ForgeConfigSpec/CORE]: Incorrect key playerRaids.commanderBossbarRadius was corrected from null to its default, 24. 
[10Sep2026 03:20:37.456] [Test worker/DEBUG] [net.minecraftforge.common.ForgeConfigSpec/CORE]: The comment on key playerRaids.commanderBossbarRadius does not match the spec. This may create a backup.
[10Sep2026 03:20:37.456] [Test worker/WARN] [net.minecraftforge.common.ForgeConfigSpec/CORE]: Incorrect key playerRaids.claimWaypointsEnabled was corrected from null to its default, true. 
[10Sep2026 03:20:37.456] [Test worker/DEBUG] [net.minecraftforge.common.ForgeConfigSpec/CORE]: The comment on key playerRaids.claimWaypointsEnabled does not match the spec. This may create a backup.
[10Sep2026 03:20:37.456] [Test worker/WARN] [net.minecraftforge.common.ForgeConfigSpec/CORE]: Incorrect key playerRaids.claimWaypointsNearRadius was corrected from null to its default, 48. 
[10Sep2026 03:20:37.456] [Test worker/DEBUG] [net.minecraftforge.common.ForgeConfigSpec/CORE]: The comment on key playerRaids.claimWaypointsNearRadius does not match the spec. This may create a backup.
[10Sep2026 03:20:37.456] [Test worker/WARN] [net.minecraftforge.common.ForgeConfigSpec/CORE]: Incorrect key playerRaids.claimWaypointsSamplePitch was corrected from null to its default, 4. 
[10Sep2026 03:20:37.456] [Test worker/DEBUG] [net.minecraftforge.common.ForgeConfigSpec/CORE]: The comment on key playerRaids.claimWaypointsSamplePitch does not match the spec. This may create a backup.
[10Sep2026 03:20:37.456] [Test worker/WARN] [net.minecraftforge.common.ForgeConfigSpec/CORE]: Incorrect key playerRaids.hudEnabled was corrected from null to its default, true. 
[10Sep2026 03:20:37.456] [Test worker/DEBUG] [net.minecraftforge.common.ForgeConfigSpec/CORE]: The comment on key playerRaids.hudEnabled does not match the spec. This may create a backup.
[10Sep2026 03:20:37.456] [Test worker/WARN] [net.minecraftforge.common.ForgeConfigSpec/CORE]: Incorrect key playerRaids.objectiveBeacon was corrected from null to its default, true. 
[10Sep2026 03:20:37.456] [Test worker/DEBUG] [net.minecraftforge.common.ForgeConfigSpec/CORE]: The comment on key playerRaids.objectiveBeacon does not match the spec. This may create a backup.
[10Sep2026 03:20:37.456] [Test worker/WARN] [net.minecraftforge.common.ForgeConfigSpec/CORE]: Incorrect key playerRaids.physicalBreaching was corrected from null to its default, true. 
[10Sep2026 03:20:37.456] [Test worker/DEBUG] [net.minecraftforge.common.ForgeConfigSpec/CORE]: The comment on key playerRaids.physicalBreaching does not match the spec. This may create a backup.
[10Sep2026 03:20:37.456] [Test worker/WARN] [net.minecraftforge.common.ForgeConfigSpec/CORE]: Incorrect key playerRaids.abandonDefeatMinutes was corrected from null to its default, 0. 
[10Sep2026 03:20:37.456] [Test worker/DEBUG] [net.minecraftforge.common.ForgeConfigSpec/CORE]: The comment on key playerRaids.abandonDefeatMinutes does not match the spec. This may create a backup.
[10Sep2026 03:20:37.456] [Test worker/WARN] [net.minecraftforge.common.ForgeConfigSpec/CORE]: Incorrect key playerRaids.missingEntityGraceSeconds was corrected from null to its default, 600. 
[10Sep2026 03:20:37.456] [Test worker/DEBUG] [net.minecraftforge.common.ForgeConfigSpec/CORE]: The comment on key playerRaids.missingEntityGraceSeconds does not match the spec. This may create a backup.
[10Sep2026 03:20:37.456] [Test worker/WARN] [net.minecraftforge.common.ForgeConfigSpec/CORE]: Incorrect key playerRaids.spawnRetrySeconds was corrected from null to its default, 20. 
[10Sep2026 03:20:37.456] [Test worker/DEBUG] [net.minecraftforge.common.ForgeConfigSpec/CORE]: The comment on key playerRaids.spawnRetrySeconds does not match the spec. This may create a backup.
[10Sep2026 03:20:37.456] [Test worker/WARN] [net.minecraftforge.common.ForgeConfigSpec/CORE]: Incorrect key playerRaids.minimumTpsToSpawn was corrected from null to its default, 15.0. 
[10Sep2026 03:20:37.456] [Test worker/DEBUG] [net.minecraftforge.common.ForgeConfigSpec/CORE]: The comment on key playerRaids.minimumTpsToSpawn does not match the spec. This may create a backup.
[10Sep2026 03:20:37.456] [Test worker/WARN] [net.minecraftforge.common.ForgeConfigSpec/CORE]: Incorrect key playerRaids.pauseSpawningBelowTps was corrected from null to its default, false. 
[10Sep2026 03:20:37.456] [Test worker/DEBUG] [net.minecraftforge.common.ForgeConfigSpec/CORE]: The comment on key playerRaids.pauseSpawningBelowTps does not match the spec. This may create a backup.
[10Sep2026 03:20:37.456] [Test worker/WARN] [net.minecraftforge.common.ForgeConfigSpec/CORE]: Incorrect key playerRaids.minimumTpsSustainedTicks was corrected from null to its default, 5. 
[10Sep2026 03:20:37.456] [Test worker/DEBUG] [net.minecraftforge.common.ForgeConfigSpec/CORE]: The comment on key playerRaids.minimumTpsSustainedTicks does not match the spec. This may create a backup.
[10Sep2026 03:20:37.456] [Test worker/WARN] [net.minecraftforge.common.ForgeConfigSpec/CORE]: Incorrect key playerRaids.pauseWhenFactionOffline was corrected from null to its default, true. 
[10Sep2026 03:20:37.456] [Test worker/DEBUG] [net.minecraftforge.common.ForgeConfigSpec/CORE]: The comment on key playerRaids.pauseWhenFactionOffline does not match the spec. This may create a backup.
[10Sep2026 03:20:37.456] [Test worker/WARN] [net.minecraftforge.common.ForgeConfigSpec/CORE]: Incorrect key playerRaids.ownerOnlyManagement was corrected from null to its default, true. 
[10Sep2026 03:20:37.456] [Test worker/DEBUG] [net.minecraftforge.common.ForgeConfigSpec/CORE]: The comment on key playerRaids.ownerOnlyManagement does not match the spec. This may create a backup.
[10Sep2026 03:20:37.456] [Test worker/WARN] [net.minecraftforge.common.ForgeConfigSpec/CORE]: Incorrect key playerRaids.glowFinalEnemies was corrected from null to its default, true. 
[10Sep2026 03:20:37.456] [Test worker/DEBUG] [net.minecraftforge.common.ForgeConfigSpec/CORE]: The comment on key playerRaids.glowFinalEnemies does not match the spec. This may create a backup.
[10Sep2026 03:20:37.456] [Test worker/WARN] [net.minecraftforge.common.ForgeConfigSpec/CORE]: Incorrect key playerRaids.victoryExperiencePerPlayer was corrected from null to its default, 250. 
[10Sep2026 03:20:37.456] [Test worker/DEBUG] [net.minecraftforge.common.ForgeConfigSpec/CORE]: The comment on key playerRaids.victoryExperiencePerPlayer does not match the spec. This may create a backup.
[10Sep2026 03:20:37.456] [Test worker/WARN] [net.minecraftforge.common.ForgeConfigSpec/CORE]: Incorrect key playerRaids.victoryLootEnabled was corrected from null to its default, true. 
[10Sep2026 03:20:37.456] [Test worker/DEBUG] [net.minecraftforge.common.ForgeConfigSpec/CORE]: The comment on key playerRaids.victoryLootEnabled does not match the spec. This may create a backup.
[10Sep2026 03:20:37.456] [Test worker/WARN] [net.minecraftforge.common.ForgeConfigSpec/CORE]: Incorrect key playerRaids.victoryLootTable was corrected from null to its default, siegeoverhaul:gameplay/invasion_victory. 
[10Sep2026 03:20:37.456] [Test worker/DEBUG] [net.minecraftforge.common.ForgeConfigSpec/CORE]: The comment on key playerRaids.victoryLootTable does not match the spec. This may create a backup.
[10Sep2026 03:20:37.456] [Test worker/WARN] [net.minecraftforge.common.ForgeConfigSpec/CORE]: Incorrect key playerRaids.maximumRosterMembers was corrected from null to its default, 16. 
[10Sep2026 03:20:37.457] [Test worker/DEBUG] [net.minecraftforge.common.ForgeConfigSpec/CORE]: The comment on key playerRaids.maximumRosterMembers does not match the spec. This may create a backup.
[10Sep2026 03:20:37.457] [Test worker/WARN] [net.minecraftforge.common.ForgeConfigSpec/CORE]: Incorrect key playerRaids.maximumDefensePoints was corrected from null to its default, 4. 
[10Sep2026 03:20:37.457] [Test worker/DEBUG] [net.minecraftforge.common.ForgeConfigSpec/CORE]: The comment on key playerRaids.maximumDefensePoints does not match the spec. This may create a backup.
[10Sep2026 03:20:37.457] [Test worker/WARN] [net.minecraftforge.common.ForgeConfigSpec/CORE]: Incorrect key playerRaids.enableIllusioners was corrected from null to its default, true. 
[10Sep2026 03:20:37.457] [Test worker/DEBUG] [net.minecraftforge.common.ForgeConfigSpec/CORE]: The comment on key playerRaids.enableIllusioners does not match the spec. This may create a backup.
[10Sep2026 03:20:37.457] [Test worker/WARN] [net.minecraftforge.common.ForgeConfigSpec/CORE]: Incorrect key playerRaids.protectVillagers was corrected from null to its default, true. 
[10Sep2026 03:20:37.457] [Test worker/DEBUG] [net.minecraftforge.common.ForgeConfigSpec/CORE]: The comment on key playerRaids.protectVillagers does not match the spec. This may create a backup.
[10Sep2026 03:20:37.457] [Test worker/WARN] [net.minecraftforge.common.ForgeConfigSpec/CORE]: Incorrect key playerRaids.announceGlobally was corrected from null to its default, false. 
[10Sep2026 03:20:37.457] [Test worker/DEBUG] [net.minecraftforge.common.ForgeConfigSpec/CORE]: The comment on key playerRaids.announceGlobally does not match the spec. This may create a backup.
[10Sep2026 03:20:37.457] [Test worker/WARN] [net.minecraftforge.common.ForgeConfigSpec/CORE]: Incorrect key playerRaids.requirePlayerNearAnchor was corrected from null to its default, true. 
[10Sep2026 03:20:37.457] [Test worker/DEBUG] [net.minecraftforge.common.ForgeConfigSpec/CORE]: The comment on key playerRaids.requirePlayerNearAnchor does not match the spec. This may create a backup.
[10Sep2026 03:20:37.457] [Test worker/WARN] [net.minecraftforge.common.ForgeConfigSpec/CORE]: Incorrect key playerRaids.automaticPlayerHomes was corrected from null to its default, true. 
[10Sep2026 03:20:37.457] [Test worker/DEBUG] [net.minecraftforge.common.ForgeConfigSpec/CORE]: The comment on key playerRaids.automaticPlayerHomes does not match the spec. This may create a backup.
[10Sep2026 03:20:37.457] [Test worker/WARN] [net.minecraftforge.common.ForgeConfigSpec/CORE]: Incorrect key playerRaids.followRespawnPoint was corrected from null to its default, true. 
[10Sep2026 03:20:37.457] [Test worker/DEBUG] [net.minecraftforge.common.ForgeConfigSpec/CORE]: The comment on key playerRaids.followRespawnPoint does not match the spec. This may create a backup.
[10Sep2026 03:20:37.457] [Test worker/WARN] [net.minecraftforge.common.ForgeConfigSpec/CORE]: Incorrect key playerRaids.mobilizeRecruits was corrected from null to its default, true. 
[10Sep2026 03:20:37.457] [Test worker/DEBUG] [net.minecraftforge.common.ForgeConfigSpec/CORE]: The comment on key playerRaids.mobilizeRecruits does not match the spec. This may create a backup.
[10Sep2026 03:20:37.457] [Test worker/WARN] [net.minecraftforge.common.ForgeConfigSpec/CORE]: Incorrect key playerRaids.recruitMobilizationRadius was corrected from null to its default, 128. 
[10Sep2026 03:20:37.457] [Test worker/DEBUG] [net.minecraftforge.common.ForgeConfigSpec/CORE]: The comment on key playerRaids.recruitMobilizationRadius does not match the spec. This may create a backup.
[10Sep2026 03:20:37.457] [Test worker/WARN] [net.minecraftforge.common.ForgeConfigSpec/CORE]: Incorrect key playerRaids.coreCaptureRadius was corrected from null to its default, 10. 
[10Sep2026 03:20:37.457] [Test worker/DEBUG] [net.minecraftforge.common.ForgeConfigSpec/CORE]: The comment on key playerRaids.coreCaptureRadius does not match the spec. This may create a backup.
[10Sep2026 03:20:37.457] [Test worker/WARN] [net.minecraftforge.common.ForgeConfigSpec/CORE]: Incorrect key playerRaids.coreRecaptureSeconds was corrected from null to its default, 120. 
[10Sep2026 03:20:37.458] [Test worker/DEBUG] [net.minecraftforge.common.ForgeConfigSpec/CORE]: The comment on key playerRaids.coreRecaptureSeconds does not match the spec. This may create a backup.
[10Sep2026 03:20:37.458] [Test worker/WARN] [net.minecraftforge.common.ForgeConfigSpec/CORE]: Incorrect key playerRaids.captureRadius was corrected from null to its default, 18. 
[10Sep2026 03:20:37.458] [Test worker/DEBUG] [net.minecraftforge.common.ForgeConfigSpec/CORE]: The comment on key playerRaids.captureRadius does not match the spec. This may create a backup.
[10Sep2026 03:20:37.458] [Test worker/WARN] [net.minecraftforge.common.ForgeConfigSpec/CORE]: Incorrect key playerRaids.captureTimeSeconds was corrected from null to its default, 120. 
[10Sep2026 03:20:37.458] [Test worker/DEBUG] [net.minecraftforge.common.ForgeConfigSpec/CORE]: The comment on key playerRaids.captureTimeSeconds does not match the spec. This may create a backup.
[10Sep2026 03:20:37.458] [Test worker/WARN] [net.minecraftforge.common.ForgeConfigSpec/CORE]: Incorrect key playerRaids.enableStragglerRescue was corrected from null to its default, true. 
[10Sep2026 03:20:37.458] [Test worker/DEBUG] [net.minecraftforge.common.ForgeConfigSpec/CORE]: The comment on key playerRaids.enableStragglerRescue does not match the spec. This may create a backup.
[10Sep2026 03:20:37.458] [Test worker/WARN] [net.minecraftforge.common.ForgeConfigSpec/CORE]: Incorrect key playerRaids.enableEffortBonus was corrected from null to its default, true. 
[10Sep2026 03:20:37.458] [Test worker/DEBUG] [net.minecraftforge.common.ForgeConfigSpec/CORE]: The comment on key playerRaids.enableEffortBonus does not match the spec. This may create a backup.
[10Sep2026 03:20:37.458] [Test worker/WARN] [net.minecraftforge.common.ForgeConfigSpec/CORE]: Incorrect key playerRaids.effortKillBonusSeconds was corrected from null to its default, 5. 
[10Sep2026 03:20:37.458] [Test worker/DEBUG] [net.minecraftforge.common.ForgeConfigSpec/CORE]: The comment on key playerRaids.effortKillBonusSeconds does not match the spec. This may create a backup.
[10Sep2026 03:20:37.458] [Test worker/WARN] [net.minecraftforge.common.ForgeConfigSpec/CORE]: Incorrect key playerRaids.effortBreachBonusSeconds was corrected from null to its default, 2. 
[10Sep2026 03:20:37.458] [Test worker/DEBUG] [net.minecraftforge.common.ForgeConfigSpec/CORE]: The comment on key playerRaids.effortBreachBonusSeconds does not match the spec. This may create a backup.
[10Sep2026 03:20:37.458] [Test worker/WARN] [net.minecraftforge.common.ForgeConfigSpec/CORE]: Incorrect key playerRaids.effortMaxBonusSeconds was corrected from null to its default, 30. 
[10Sep2026 03:20:37.458] [Test worker/DEBUG] [net.minecraftforge.common.ForgeConfigSpec/CORE]: The comment on key playerRaids.effortMaxBonusSeconds does not match the spec. This may create a backup.
[10Sep2026 03:20:37.459] [Test worker/WARN] [net.minecraftforge.common.ForgeConfigSpec/CORE]: Incorrect key playerRaids.captureDecayPerSecond was corrected from null to its default, 2. 
[10Sep2026 03:20:37.459] [Test worker/DEBUG] [net.minecraftforge.common.ForgeConfigSpec/CORE]: The comment on key playerRaids.captureDecayPerSecond does not match the spec. This may create a backup.
[10Sep2026 03:20:37.459] [Test worker/WARN] [net.minecraftforge.common.ForgeConfigSpec/CORE]: Incorrect key playerRaids.enableBreachPhase was corrected from null to its default, true. 
[10Sep2026 03:20:37.459] [Test worker/DEBUG] [net.minecraftforge.common.ForgeConfigSpec/CORE]: The comment on key playerRaids.enableBreachPhase does not match the spec. This may create a backup.
[10Sep2026 03:20:37.459] [Test worker/WARN] [net.minecraftforge.common.ForgeConfigSpec/CORE]: Incorrect key playerRaids.breachRadius was corrected from null to its default, 36. 
[10Sep2026 03:20:37.459] [Test worker/DEBUG] [net.minecraftforge.common.ForgeConfigSpec/CORE]: The comment on key playerRaids.breachRadius does not match the spec. This may create a backup.
[10Sep2026 03:20:37.459] [Test worker/WARN] [net.minecraftforge.common.ForgeConfigSpec/CORE]: Incorrect key playerRaids.breachTimeSeconds was corrected from null to its default, 45. 
[10Sep2026 03:20:37.459] [Test worker/DEBUG] [net.minecraftforge.common.ForgeConfigSpec/CORE]: The comment on key playerRaids.breachTimeSeconds does not match the spec. This may create a backup.
[10Sep2026 03:20:37.459] [Test worker/WARN] [net.minecraftforge.common.ForgeConfigSpec/CORE]: Incorrect key playerRaids.breachDecayPerSecond was corrected from null to its default, 2. 
[10Sep2026 03:20:37.459] [Test worker/DEBUG] [net.minecraftforge.common.ForgeConfigSpec/CORE]: The comment on key playerRaids.breachDecayPerSecond does not match the spec. This may create a backup.
[10Sep2026 03:20:37.459] [Test worker/WARN] [net.minecraftforge.common.ForgeConfigSpec/CORE]: Incorrect key playerRaids.breachObjectiveRadius was corrected from null to its default, 10. 
[10Sep2026 03:20:37.459] [Test worker/DEBUG] [net.minecraftforge.common.ForgeConfigSpec/CORE]: The comment on key playerRaids.breachObjectiveRadius does not match the spec. This may create a backup.
[10Sep2026 03:20:37.459] [Test worker/WARN] [net.minecraftforge.common.ForgeConfigSpec/CORE]: Incorrect key playerRaids.useVillagerRecruitsArmy was corrected from null to its default, true. 
[10Sep2026 03:20:37.459] [Test worker/DEBUG] [net.minecraftforge.common.ForgeConfigSpec/CORE]: The comment on key playerRaids.useVillagerRecruitsArmy does not match the spec. This may create a backup.
[10Sep2026 03:20:37.459] [Test worker/WARN] [net.minecraftforge.common.ForgeConfigSpec/CORE]: Incorrect key playerRaids.levelCampTerrain was corrected from null to its default, true. 
[10Sep2026 03:20:37.459] [Test worker/DEBUG] [net.minecraftforge.common.ForgeConfigSpec/CORE]: The comment on key playerRaids.levelCampTerrain does not match the spec. This may create a backup.
[10Sep2026 03:20:37.459] [Test worker/WARN] [net.minecraftforge.common.ForgeConfigSpec/CORE]: Incorrect key playerRaids.buildTemporaryWarCamps was corrected from null to its default, true. 
[10Sep2026 03:20:37.459] [Test worker/DEBUG] [net.minecraftforge.common.ForgeConfigSpec/CORE]: The comment on key playerRaids.buildTemporaryWarCamps does not match the spec. This may create a backup.
[10Sep2026 03:20:37.459] [Test worker/WARN] [net.minecraftforge.common.ForgeConfigSpec/CORE]: Incorrect key playerRaids.campDestructibleStructures was corrected from null to its default, true. 
[10Sep2026 03:20:37.459] [Test worker/DEBUG] [net.minecraftforge.common.ForgeConfigSpec/CORE]: The comment on key playerRaids.campDestructibleStructures does not match the spec. This may create a backup.
[10Sep2026 03:20:37.459] [Test worker/WARN] [net.minecraftforge.common.ForgeConfigSpec/CORE]: Incorrect key playerRaids.campBonusLootEmeralds was corrected from null to its default, 3. 
[10Sep2026 03:20:37.459] [Test worker/DEBUG] [net.minecraftforge.common.ForgeConfigSpec/CORE]: The comment on key playerRaids.campBonusLootEmeralds does not match the spec. This may create a backup.
[10Sep2026 03:20:37.459] [Test worker/WARN] [net.minecraftforge.common.ForgeConfigSpec/CORE]: Incorrect key playerRaids.cleanupTemporaryWarCamps was corrected from null to its default, true. 
[10Sep2026 03:20:37.459] [Test worker/DEBUG] [net.minecraftforge.common.ForgeConfigSpec/CORE]: The comment on key playerRaids.cleanupTemporaryWarCamps does not match the spec. This may create a backup.
[10Sep2026 03:20:37.459] [Test worker/WARN] [net.minecraftforge.common.ForgeConfigSpec/CORE]: Incorrect key playerRaids.enableAmphibiousRaids was corrected from null to its default, true. 
[10Sep2026 03:20:37.459] [Test worker/DEBUG] [net.minecraftforge.common.ForgeConfigSpec/CORE]: The comment on key playerRaids.enableAmphibiousRaids does not match the spec. This may create a backup.
[10Sep2026 03:20:37.459] [Test worker/WARN] [net.minecraftforge.common.ForgeConfigSpec/CORE]: Incorrect key playerRaids.navalStagingSearchRadius was corrected from null to its default, 64. 
[10Sep2026 03:20:37.459] [Test worker/DEBUG] [net.minecraftforge.common.ForgeConfigSpec/CORE]: The comment on key playerRaids.navalStagingSearchRadius does not match the spec. This may create a backup.
[10Sep2026 03:20:37.459] [Test worker/WARN] [net.minecraftforge.common.ForgeConfigSpec/CORE]: Incorrect key playerRaids.navalMinimumWaterBody was corrected from null to its default, 80. 
[10Sep2026 03:20:37.459] [Test worker/DEBUG] [net.minecraftforge.common.ForgeConfigSpec/CORE]: The comment on key playerRaids.navalMinimumWaterBody does not match the spec. This may create a backup.
[10Sep2026 03:20:37.459] [Test worker/WARN] [net.minecraftforge.common.ForgeConfigSpec/CORE]: Incorrect key playerRaids.navalWaveSharePercent was corrected from null to its default, 40. 
[10Sep2026 03:20:37.459] [Test worker/DEBUG] [net.minecraftforge.common.ForgeConfigSpec/CORE]: The comment on key playerRaids.navalWaveSharePercent does not match the spec. This may create a backup.
[10Sep2026 03:20:37.459] [Test worker/WARN] [net.minecraftforge.common.ForgeConfigSpec/CORE]: Incorrect key playerRaids.navalBoatSpeed was corrected from null to its default, 10. 
[10Sep2026 03:20:37.459] [Test worker/DEBUG] [net.minecraftforge.common.ForgeConfigSpec/CORE]: The comment on key playerRaids.navalBoatSpeed does not match the spec. This may create a backup.
[10Sep2026 03:20:37.459] [Test worker/WARN] [net.minecraftforge.common.ForgeConfigSpec/CORE]: Incorrect key playerRaids.enableBridgeBuilding was corrected from null to its default, true. 
[10Sep2026 03:20:37.459] [Test worker/DEBUG] [net.minecraftforge.common.ForgeConfigSpec/CORE]: The comment on key playerRaids.enableBridgeBuilding does not match the spec. This may create a backup.
[10Sep2026 03:20:37.459] [Test worker/WARN] [net.minecraftforge.common.ForgeConfigSpec/CORE]: Incorrect key playerRaids.maxBridgeSpan was corrected from null to its default, 8. 
[10Sep2026 03:20:37.460] [Test worker/DEBUG] [net.minecraftforge.common.ForgeConfigSpec/CORE]: The comment on key playerRaids.maxBridgeSpan does not match the spec. This may create a backup.
[10Sep2026 03:20:37.460] [Test worker/WARN] [net.minecraftforge.common.ForgeConfigSpec/CORE]: Incorrect key playerRaids.maxBridgesPerRaid was corrected from null to its default, 4. 
[10Sep2026 03:20:37.460] [Test worker/DEBUG] [net.minecraftforge.common.ForgeConfigSpec/CORE]: The comment on key playerRaids.maxBridgesPerRaid does not match the spec. This may create a backup.
[10Sep2026 03:20:37.460] [Test worker/WARN] [net.minecraftforge.common.ForgeConfigSpec/CORE]: Incorrect key playerRaids.enableSiegeEngines was corrected from null to its default, true. 
[10Sep2026 03:20:37.460] [Test worker/DEBUG] [net.minecraftforge.common.ForgeConfigSpec/CORE]: The comment on key playerRaids.enableSiegeEngines does not match the spec. This may create a backup.
[10Sep2026 03:20:37.460] [Test worker/DEBUG] [net.minecraftforge.common.ForgeConfigSpec/CORE]: List on key firstWaveEngines is deemed to need correction, as it is null or not a list.
[10Sep2026 03:20:37.460] [Test worker/WARN] [net.minecraftforge.common.ForgeConfigSpec/CORE]: Incorrect key playerRaids.firstWaveEngines was corrected from null to its default, [BALLISTA]. 
[10Sep2026 03:20:37.460] [Test worker/DEBUG] [net.minecraftforge.common.ForgeConfigSpec/CORE]: The comment on key playerRaids.firstWaveEngines does not match the spec. This may create a backup.
[10Sep2026 03:20:37.460] [Test worker/WARN] [net.minecraftforge.common.ForgeConfigSpec/CORE]: Incorrect key playerRaids.laterWaveEngineChancePercent was corrected from null to its default, 30. 
[10Sep2026 03:20:37.460] [Test worker/DEBUG] [net.minecraftforge.common.ForgeConfigSpec/CORE]: The comment on key playerRaids.laterWaveEngineChancePercent does not match the spec. This may create a backup.
[10Sep2026 03:20:37.460] [Test worker/WARN] [net.minecraftforge.common.ForgeConfigSpec/CORE]: Incorrect key playerRaids.cleanupSurvivingEngines was corrected from null to its default, true. 
[10Sep2026 03:20:37.460] [Test worker/DEBUG] [net.minecraftforge.common.ForgeConfigSpec/CORE]: The comment on key playerRaids.cleanupSurvivingEngines does not match the spec. This may create a backup.
[10Sep2026 03:20:37.460] [Test worker/WARN] [net.minecraftforge.common.ForgeConfigSpec/CORE]: Incorrect key playerRaids.enableSapper was corrected from null to its default, true. 
[10Sep2026 03:20:37.460] [Test worker/DEBUG] [net.minecraftforge.common.ForgeConfigSpec/CORE]: The comment on key playerRaids.enableSapper does not match the spec. This may create a backup.
[10Sep2026 03:20:37.460] [Test worker/WARN] [net.minecraftforge.common.ForgeConfigSpec/CORE]: Incorrect key playerRaids.sapperMaxPerRaid was corrected from null to its default, 3. 
[10Sep2026 03:20:37.460] [Test worker/DEBUG] [net.minecraftforge.common.ForgeConfigSpec/CORE]: The comment on key playerRaids.sapperMaxPerRaid does not match the spec. This may create a backup.
[10Sep2026 03:20:37.460] [Test worker/WARN] [net.minecraftforge.common.ForgeConfigSpec/CORE]: Incorrect key playerRaids.sapperUseVanillaTnt was corrected from null to its default, false. 
[10Sep2026 03:20:37.460] [Test worker/DEBUG] [net.minecraftforge.common.ForgeConfigSpec/CORE]: The comment on key playerRaids.sapperUseVanillaTnt does not match the spec. This may create a backup.
[10Sep2026 03:20:37.460] [Test worker/WARN] [net.minecraftforge.common.ForgeConfigSpec/CORE]: Incorrect key playerRaids.preferSmallShips was corrected from null to its default, true. 
[10Sep2026 03:20:37.460] [Test worker/DEBUG] [net.minecraftforge.common.ForgeConfigSpec/CORE]: The comment on key playerRaids.preferSmallShips does not match the spec. This may create a backup.
[10Sep2026 03:20:37.460] [Test worker/WARN] [net.minecraftforge.common.ForgeConfigSpec/CORE]: Incorrect key playerRaids.smallShipsPreferLarge was corrected from null to its default, true. 
[10Sep2026 03:20:37.460] [Test worker/DEBUG] [net.minecraftforge.common.ForgeConfigSpec/CORE]: The comment on key playerRaids.smallShipsPreferLarge does not match the spec. This may create a backup.
[10Sep2026 03:20:37.460] [Test worker/WARN] [net.minecraftforge.common.ForgeConfigSpec/CORE]: Incorrect key playerRaids.shipCrewMax was corrected from null to its default, 6. 
[10Sep2026 03:20:37.460] [Test worker/DEBUG] [net.minecraftforge.common.ForgeConfigSpec/CORE]: The comment on key playerRaids.shipCrewMax does not match the spec. This may create a backup.
[10Sep2026 03:20:37.460] [Test worker/WARN] [net.minecraftforge.common.ForgeConfigSpec/CORE]: Incorrect key playerRaids.enableWorkersCampConstruction was corrected from null to its default, true. 
[10Sep2026 03:20:37.460] [Test worker/DEBUG] [net.minecraftforge.common.ForgeConfigSpec/CORE]: The comment on key playerRaids.enableWorkersCampConstruction does not match the spec. This may create a backup.
[10Sep2026 03:20:37.460] [Test worker/WARN] [net.minecraftforge.common.ForgeConfigSpec/CORE]: Incorrect key playerRaids.campBuilderMax was corrected from null to its default, 2. 
[10Sep2026 03:20:37.460] [Test worker/DEBUG] [net.minecraftforge.common.ForgeConfigSpec/CORE]: The comment on key playerRaids.campBuilderMax does not match the spec. This may create a backup.
[10Sep2026 03:20:37.460] [Test worker/WARN] [net.minecraftforge.common.ForgeConfigSpec/CORE]: Incorrect key playerRaids.campLumberjackMax was corrected from null to its default, 2. 
[10Sep2026 03:20:37.460] [Test worker/DEBUG] [net.minecraftforge.common.ForgeConfigSpec/CORE]: The comment on key playerRaids.campLumberjackMax does not match the spec. This may create a backup.
[10Sep2026 03:20:37.460] [Test worker/WARN] [net.minecraftforge.common.ForgeConfigSpec/CORE]: Incorrect key playerRaids.campMaxBuildSeconds was corrected from null to its default, 180. 
[10Sep2026 03:20:37.460] [Test worker/DEBUG] [net.minecraftforge.common.ForgeConfigSpec/CORE]: The comment on key playerRaids.campMaxBuildSeconds does not match the spec. This may create a backup.
[10Sep2026 03:20:37.460] [Test worker/WARN] [net.minecraftforge.common.ForgeConfigSpec/CORE]: Incorrect key playerRaids.enableRaiderNarrative was corrected from null to its default, true. 
[10Sep2026 03:20:37.460] [Test worker/DEBUG] [net.minecraftforge.common.ForgeConfigSpec/CORE]: The comment on key playerRaids.enableRaiderNarrative does not match the spec. This may create a backup.
[10Sep2026 03:20:37.460] [Test worker/DEBUG] [net.minecraftforge.common.ForgeConfigSpec/CORE]: List on key allowedRaiderFactions is deemed to need correction, as it is null or not a list.
[10Sep2026 03:20:37.460] [Test worker/WARN] [net.minecraftforge.common.ForgeConfigSpec/CORE]: Incorrect key playerRaids.allowedRaiderFactions was corrected from null to its default, []. 
[10Sep2026 03:20:37.460] [Test worker/DEBUG] [net.minecraftforge.common.ForgeConfigSpec/CORE]: The comment on key playerRaids.allowedRaiderFactions does not match the spec. This may create a backup.
[10Sep2026 03:20:37.460] [Test worker/DEBUG] [net.minecraftforge.common.ForgeConfigSpec/CORE]: List on key allowedCasusBelli is deemed to need correction, as it is null or not a list.
[10Sep2026 03:20:37.460] [Test worker/WARN] [net.minecraftforge.common.ForgeConfigSpec/CORE]: Incorrect key playerRaids.allowedCasusBelli was corrected from null to its default, []. 
[10Sep2026 03:20:37.460] [Test worker/DEBUG] [net.minecraftforge.common.ForgeConfigSpec/CORE]: The comment on key playerRaids.allowedCasusBelli does not match the spec. This may create a backup.
[10Sep2026 03:20:37.460] [Test worker/WARN] [net.minecraftforge.common.ForgeConfigSpec/CORE]: Incorrect key playerRaids.narrativeInBossBar was corrected from null to its default, true. 
[10Sep2026 03:20:37.461] [Test worker/DEBUG] [net.minecraftforge.common.ForgeConfigSpec/CORE]: The comment on key playerRaids.narrativeInBossBar does not match the spec. This may create a backup.
[10Sep2026 03:20:37.461] [Test worker/WARN] [net.minecraftforge.common.ForgeConfigSpec/CORE]: Incorrect key playerRaids.enableProgressiveWaveComposition was corrected from null to its default, true. 
[10Sep2026 03:20:37.461] [Test worker/DEBUG] [net.minecraftforge.common.ForgeConfigSpec/CORE]: The comment on key playerRaids.enableProgressiveWaveComposition does not match the spec. This may create a backup.
[10Sep2026 03:20:37.461] [Test worker/WARN] [net.minecraftforge.common.ForgeConfigSpec/CORE]: Incorrect key playerRaids.enableRaiderFormations was corrected from null to its default, true. 
[10Sep2026 03:20:37.461] [Test worker/DEBUG] [net.minecraftforge.common.ForgeConfigSpec/CORE]: The comment on key playerRaids.enableRaiderFormations does not match the spec. This may create a backup.
[10Sep2026 03:20:37.461] [Test worker/WARN] [net.minecraftforge.common.ForgeConfigSpec/CORE]: Incorrect key playerRaids.announceWaveFormation was corrected from null to its default, true. 
[10Sep2026 03:20:37.461] [Test worker/DEBUG] [net.minecraftforge.common.ForgeConfigSpec/CORE]: The comment on key playerRaids.announceWaveFormation does not match the spec. This may create a backup.
[10Sep2026 03:20:37.461] [Test worker/WARN] [net.minecraftforge.common.ForgeConfigSpec/CORE]: Incorrect key playerRaids.enableLadderBuilding was corrected from null to its default, true. 
[10Sep2026 03:20:37.461] [Test worker/DEBUG] [net.minecraftforge.common.ForgeConfigSpec/CORE]: The comment on key playerRaids.enableLadderBuilding does not match the spec. This may create a backup.
[10Sep2026 03:20:37.461] [Test worker/WARN] [net.minecraftforge.common.ForgeConfigSpec/CORE]: Incorrect key playerRaids.maxLaddersPerRaid was corrected from null to its default, 6. 
[10Sep2026 03:20:37.461] [Test worker/DEBUG] [net.minecraftforge.common.ForgeConfigSpec/CORE]: The comment on key playerRaids.maxLaddersPerRaid does not match the spec. This may create a backup.
[10Sep2026 03:20:37.461] [Test worker/WARN] [net.minecraftforge.common.ForgeConfigSpec/CORE]: Incorrect key playerRaids.spawnGuidebookOnJoin was corrected from null to its default, false. 
[10Sep2026 03:20:37.461] [Test worker/DEBUG] [net.minecraftforge.common.ForgeConfigSpec/CORE]: The comment on key playerRaids.spawnGuidebookOnJoin does not match the spec. This may create a backup.
[10Sep2026 03:20:37.461] [Test worker/WARN] [net.minecraftforge.common.ForgeConfigSpec/CORE]: Incorrect key playerRaids.enableRestorableGateBreaching was corrected from null to its default, true. 
[10Sep2026 03:20:37.461] [Test worker/DEBUG] [net.minecraftforge.common.ForgeConfigSpec/CORE]: The comment on key playerRaids.enableRestorableGateBreaching does not match the spec. This may create a backup.
[10Sep2026 03:20:37.461] [Test worker/WARN] [net.minecraftforge.common.ForgeConfigSpec/CORE]: Incorrect key playerRaids.woodenBreachSeconds was corrected from null to its default, 10. 
[10Sep2026 03:20:37.461] [Test worker/DEBUG] [net.minecraftforge.common.ForgeConfigSpec/CORE]: The comment on key playerRaids.woodenBreachSeconds does not match the spec. This may create a backup.
[10Sep2026 03:20:37.461] [Test worker/WARN] [net.minecraftforge.common.ForgeConfigSpec/CORE]: Incorrect key playerRaids.reinforcedBreachSeconds was corrected from null to its default, 24. 
[10Sep2026 03:20:37.461] [Test worker/DEBUG] [net.minecraftforge.common.ForgeConfigSpec/CORE]: The comment on key playerRaids.reinforcedBreachSeconds does not match the spec. This may create a backup.
[10Sep2026 03:20:37.461] [Test worker/WARN] [net.minecraftforge.common.ForgeConfigSpec/CORE]: Incorrect key playerRaids.maximumRestorableBlocks was corrected from null to its default, 64. 
[10Sep2026 03:20:37.461] [Test worker/DEBUG] [net.minecraftforge.common.ForgeConfigSpec/CORE]: The comment on key playerRaids.maximumRestorableBlocks does not match the spec. This may create a backup.
[10Sep2026 03:20:37.461] [Test worker/WARN] [net.minecraftforge.common.ForgeConfigSpec/CORE]: Incorrect key playerRaids.restoreBreachedBlocks was corrected from null to its default, true. 
[10Sep2026 03:20:37.461] [Test worker/DEBUG] [net.minecraftforge.common.ForgeConfigSpec/CORE]: The comment on key playerRaids.restoreBreachedBlocks does not match the spec. This may create a backup.
[10Sep2026 03:20:37.461] [Test worker/WARN] [net.minecraftforge.common.ForgeConfigSpec/CORE]: Incorrect key playerRaids.raiderAdvanceSpeed was corrected from null to its default, 1.05. 
[10Sep2026 03:20:37.461] [Test worker/DEBUG] [net.minecraftforge.common.ForgeConfigSpec/CORE]: The comment on key playerRaids.raiderAdvanceSpeed does not match the spec. This may create a backup.
[10Sep2026 03:20:37.461] [Test worker/WARN] [net.minecraftforge.common.ForgeConfigSpec/CORE]: Incorrect key playerRaids.allowWorldSpawnFallback was corrected from null to its default, false. 
[10Sep2026 03:20:37.461] [Test worker/DEBUG] [net.minecraftforge.common.ForgeConfigSpec/CORE]: The comment on key playerRaids.allowWorldSpawnFallback does not match the spec. This may create a backup.
[10Sep2026 03:20:37.461] [Test worker/WARN] [net.minecraftforge.common.ForgeConfigSpec/CORE]: Incorrect key playerRaids.stagedSquads was corrected from null to its default, true. 
[10Sep2026 03:20:37.461] [Test worker/DEBUG] [net.minecraftforge.common.ForgeConfigSpec/CORE]: The comment on key playerRaids.stagedSquads does not match the spec. This may create a backup.
[10Sep2026 03:20:37.462] [Test worker/WARN] [net.minecraftforge.common.ForgeConfigSpec/CORE]: Incorrect key playerRaids.squadSize was corrected from null to its default, 4. 
[10Sep2026 03:20:37.462] [Test worker/DEBUG] [net.minecraftforge.common.ForgeConfigSpec/CORE]: The comment on key playerRaids.squadSize does not match the spec. This may create a backup.
[10Sep2026 03:20:37.462] [Test worker/WARN] [net.minecraftforge.common.ForgeConfigSpec/CORE]: Incorrect key playerRaids.squadIntervalSeconds was corrected from null to its default, 6. 
[10Sep2026 03:20:37.462] [Test worker/DEBUG] [net.minecraftforge.common.ForgeConfigSpec/CORE]: The comment on key playerRaids.squadIntervalSeconds does not match the spec. This may create a backup.
[10Sep2026 03:20:37.462] [Test worker/WARN] [net.minecraftforge.common.ForgeConfigSpec/CORE]: Incorrect key playerRaids.recruitsPerExtraEnemy was corrected from null to its default, 3. 
[10Sep2026 03:20:37.462] [Test worker/DEBUG] [net.minecraftforge.common.ForgeConfigSpec/CORE]: The comment on key playerRaids.recruitsPerExtraEnemy does not match the spec. This may create a backup.
[10Sep2026 03:20:37.462] [Test worker/WARN] [net.minecraftforge.common.ForgeConfigSpec/CORE]: Incorrect key playerRaids.maximumRecruitScalingEnemies was corrected from null to its default, 8. 
[10Sep2026 03:20:37.462] [Test worker/DEBUG] [net.minecraftforge.common.ForgeConfigSpec/CORE]: The comment on key playerRaids.maximumRecruitScalingEnemies does not match the spec. This may create a backup.
[10Sep2026 03:20:37.462] [Test worker/WARN] [net.minecraftforge.common.ForgeConfigSpec/CORE]: Incorrect key playerRaids.enableCommander was corrected from null to its default, true. 
[10Sep2026 03:20:37.462] [Test worker/DEBUG] [net.minecraftforge.common.ForgeConfigSpec/CORE]: The comment on key playerRaids.enableCommander does not match the spec. This may create a backup.
[10Sep2026 03:20:37.462] [Test worker/WARN] [net.minecraftforge.common.ForgeConfigSpec/CORE]: Incorrect key playerRaids.commanderHealthMultiplier was corrected from null to its default, 2.0. 
[10Sep2026 03:20:37.462] [Test worker/DEBUG] [net.minecraftforge.common.ForgeConfigSpec/CORE]: The comment on key playerRaids.commanderHealthMultiplier does not match the spec. This may create a backup.
[10Sep2026 03:20:37.462] [Test worker/WARN] [net.minecraftforge.common.ForgeConfigSpec/CORE]: Incorrect key playerRaids.showRaidTitles was corrected from null to its default, true. 
[10Sep2026 03:20:37.462] [Test worker/DEBUG] [net.minecraftforge.common.ForgeConfigSpec/CORE]: The comment on key playerRaids.showRaidTitles does not match the spec. This may create a backup.
[10Sep2026 03:20:37.462] [Test worker/WARN] [net.minecraftforge.common.ForgeConfigSpec/CORE]: Incorrect key playerRaids.showActionBarUpdates was corrected from null to its default, true. 
[10Sep2026 03:20:37.462] [Test worker/DEBUG] [net.minecraftforge.common.ForgeConfigSpec/CORE]: The comment on key playerRaids.showActionBarUpdates does not match the spec. This may create a backup.
[10Sep2026 03:20:37.462] [Test worker/WARN] [net.minecraftforge.common.ForgeConfigSpec/CORE]: Incorrect key playerRaids.spawnArrivalEffects was corrected from null to its default, true. 
[10Sep2026 03:20:37.462] [Test worker/DEBUG] [net.minecraftforge.common.ForgeConfigSpec/CORE]: The comment on key playerRaids.spawnArrivalEffects does not match the spec. This may create a backup.
[10Sep2026 03:20:37.462] [Test worker/WARN] [net.minecraftforge.common.ForgeConfigSpec/CORE]: Incorrect key playerRaids.victoryEmeraldsBase was corrected from null to its default, 16. 
[10Sep2026 03:20:37.462] [Test worker/DEBUG] [net.minecraftforge.common.ForgeConfigSpec/CORE]: The comment on key playerRaids.victoryEmeraldsBase does not match the spec. This may create a backup.
[10Sep2026 03:20:37.462] [Test worker/WARN] [net.minecraftforge.common.ForgeConfigSpec/CORE]: Incorrect key playerRaids.victoryEmeraldsPerWave was corrected from null to its default, 4. 
[10Sep2026 03:20:37.462] [Test worker/DEBUG] [net.minecraftforge.common.ForgeConfigSpec/CORE]: The comment on key playerRaids.victoryEmeraldsPerWave does not match the spec. This may create a backup.
[10Sep2026 03:20:37.462] [Test worker/WARN] [net.minecraftforge.common.ForgeConfigSpec/CORE]: Incorrect key playerRaids.commanderEmeraldBonus was corrected from null to its default, 12. 
[10Sep2026 03:20:37.462] [Test worker/DEBUG] [net.minecraftforge.common.ForgeConfigSpec/CORE]: The comment on key playerRaids.commanderEmeraldBonus does not match the spec. This may create a backup.
[10Sep2026 03:20:37.462] [Test worker/WARN] [net.minecraftforge.common.ForgeConfigSpec/CORE]: Incorrect key playerRaids.manualRaidsGrantRewards was corrected from null to its default, false. 
[10Sep2026 03:20:37.462] [Test worker/DEBUG] [net.minecraftforge.common.ForgeConfigSpec/CORE]: The comment on key playerRaids.manualRaidsGrantRewards does not match the spec. This may create a backup.
[10Sep2026 03:20:37.462] [Test worker/DEBUG] [net.minecraftforge.common.ForgeConfigSpec/CORE]: The comment on key playerRaids does not match the spec. This may create a backup.
[10Sep2026 03:20:37.462] [Test worker/WARN] [net.minecraftforge.common.ForgeConfigSpec/CORE]: Incorrect key compatibility was corrected from null to its default, SimpleCommentedConfig:{}. 
[10Sep2026 03:20:37.462] [Test worker/WARN] [net.minecraftforge.common.ForgeConfigSpec/CORE]: Incorrect key compatibility.enableVillagerWorkers was corrected from null to its default, true. 
[10Sep2026 03:20:37.462] [Test worker/DEBUG] [net.minecraftforge.common.ForgeConfigSpec/CORE]: The comment on key compatibility.enableVillagerWorkers does not match the spec. This may create a backup.
[10Sep2026 03:20:37.462] [Test worker/WARN] [net.minecraftforge.common.ForgeConfigSpec/CORE]: Incorrect key compatibility.protectVillagerWorkers was corrected from null to its default, true. 
[10Sep2026 03:20:37.462] [Test worker/DEBUG] [net.minecraftforge.common.ForgeConfigSpec/CORE]: The comment on key compatibility.protectVillagerWorkers does not match the spec. This may create a backup.
[10Sep2026 03:20:37.462] [Test worker/WARN] [net.minecraftforge.common.ForgeConfigSpec/CORE]: Incorrect key compatibility.enableSmallShips was corrected from null to its default, true. 
[10Sep2026 03:20:37.462] [Test worker/DEBUG] [net.minecraftforge.common.ForgeConfigSpec/CORE]: The comment on key compatibility.enableSmallShips does not match the spec. This may create a backup.
[10Sep2026 03:20:37.462] [Test worker/WARN] [net.minecraftforge.common.ForgeConfigSpec/CORE]: Incorrect key compatibility.enableSiegeWeapons was corrected from null to its default, true. 
[10Sep2026 03:20:37.462] [Test worker/DEBUG] [net.minecraftforge.common.ForgeConfigSpec/CORE]: The comment on key compatibility.enableSiegeWeapons does not match the spec. This may create a backup.
[10Sep2026 03:20:37.463] [Test worker/WARN] [net.minecraftforge.common.ForgeConfigSpec/CORE]: Incorrect key compatibility.assetDetectionRadius was corrected from null to its default, 128. 
[10Sep2026 03:20:37.463] [Test worker/DEBUG] [net.minecraftforge.common.ForgeConfigSpec/CORE]: The comment on key compatibility.assetDetectionRadius does not match the spec. This may create a backup.
[10Sep2026 03:20:37.463] [Test worker/WARN] [net.minecraftforge.common.ForgeConfigSpec/CORE]: Incorrect key compatibility.crewedAssetsPerExtraEnemy was corrected from null to its default, 2. 
[10Sep2026 03:20:37.463] [Test worker/DEBUG] [net.minecraftforge.common.ForgeConfigSpec/CORE]: The comment on key compatibility.crewedAssetsPerExtraEnemy does not match the spec. This may create a backup.
[10Sep2026 03:20:37.463] [Test worker/WARN] [net.minecraftforge.common.ForgeConfigSpec/CORE]: Incorrect key compatibility.maximumAssetScalingEnemies was corrected from null to its default, 4. 
[10Sep2026 03:20:37.463] [Test worker/DEBUG] [net.minecraftforge.common.ForgeConfigSpec/CORE]: The comment on key compatibility.maximumAssetScalingEnemies does not match the spec. This may create a backup.
[10Sep2026 03:20:37.463] [Test worker/DEBUG] [net.minecraftforge.common.ForgeConfigSpec/CORE]: The comment on key compatibility does not match the spec. This may create a backup.
[10Sep2026 03:20:37.468] [Test worker/WARN] [net.minecraftforge.common.ForgeConfigSpec/CORE]: Configuration file SimpleCommentedConfig:{} is not correct. Correcting
[10Sep2026 03:20:37.469] [Test worker/WARN] [net.minecraftforge.common.ForgeConfigSpec/CORE]: Incorrect key playerRaids was corrected from null to its default, SimpleCommentedConfig:{}. 
[10Sep2026 03:20:37.469] [Test worker/WARN] [net.minecraftforge.common.ForgeConfigSpec/CORE]: Incorrect key playerRaids.siegeCorpseSeconds was corrected from null to its default, 120. 
[10Sep2026 03:20:37.469] [Test worker/DEBUG] [net.minecraftforge.common.ForgeConfigSpec/CORE]: The comment on key playerRaids.siegeCorpseSeconds does not match the spec. This may create a backup.
[10Sep2026 03:20:37.469] [Test worker/WARN] [net.minecraftforge.common.ForgeConfigSpec/CORE]: Incorrect key playerRaids.emptyCorpseSeconds was corrected from null to its default, 60. 
[10Sep2026 03:20:37.469] [Test worker/DEBUG] [net.minecraftforge.common.ForgeConfigSpec/CORE]: The comment on key playerRaids.emptyCorpseSeconds does not match the spec. This may create a backup.
[10Sep2026 03:20:37.469] [Test worker/WARN] [net.minecraftforge.common.ForgeConfigSpec/CORE]: Incorrect key playerRaids.bankDailyInterestBasisPoints was corrected from null to its default, 100. 
[10Sep2026 03:20:37.469] [Test worker/DEBUG] [net.minecraftforge.common.ForgeConfigSpec/CORE]: The comment on key playerRaids.bankDailyInterestBasisPoints does not match the spec. This may create a backup.
[10Sep2026 03:20:37.469] [Test worker/WARN] [net.minecraftforge.common.ForgeConfigSpec/CORE]: Incorrect key playerRaids.enabled was corrected from null to its default, true. 
[10Sep2026 03:20:37.469] [Test worker/DEBUG] [net.minecraftforge.common.ForgeConfigSpec/CORE]: The comment on key playerRaids.enabled does not match the spec. This may create a backup.
[10Sep2026 03:20:37.469] [Test worker/WARN] [net.minecraftforge.common.ForgeConfigSpec/CORE]: Incorrect key playerRaids.automaticRaids was corrected from null to its default, true. 
[10Sep2026 03:20:37.469] [Test worker/DEBUG] [net.minecraftforge.common.ForgeConfigSpec/CORE]: The comment on key playerRaids.automaticRaids does not match the spec. This may create a backup.
[10Sep2026 03:20:37.469] [Test worker/WARN] [net.minecraftforge.common.ForgeConfigSpec/CORE]: Incorrect key playerRaids.minimumCooldownMinutes was corrected from null to its default, 60. 
[10Sep2026 03:20:37.469] [Test worker/DEBUG] [net.minecraftforge.common.ForgeConfigSpec/CORE]: The comment on key playerRaids.minimumCooldownMinutes does not match the spec. This may create a backup.
[10Sep2026 03:20:37.469] [Test worker/WARN] [net.minecraftforge.common.ForgeConfigSpec/CORE]: Incorrect key playerRaids.maximumCooldownMinutes was corrected from null to its default, 90. 
[10Sep2026 03:20:37.469] [Test worker/DEBUG] [net.minecraftforge.common.ForgeConfigSpec/CORE]: The comment on key playerRaids.maximumCooldownMinutes does not match the spec. This may create a backup.
[10Sep2026 03:20:37.469] [Test worker/WARN] [net.minecraftforge.common.ForgeConfigSpec/CORE]: Incorrect key playerRaids.siegePreparationMinutes was corrected from null to its default, 12. 
[10Sep2026 03:20:37.469] [Test worker/DEBUG] [net.minecraftforge.common.ForgeConfigSpec/CORE]: The comment on key playerRaids.siegePreparationMinutes does not match the spec. This may create a backup.
[10Sep2026 03:20:37.469] [Test worker/WARN] [net.minecraftforge.common.ForgeConfigSpec/CORE]: Incorrect key playerRaids.warningSeconds was corrected from null to its default, 120. 
[10Sep2026 03:20:37.469] [Test worker/DEBUG] [net.minecraftforge.common.ForgeConfigSpec/CORE]: The comment on key playerRaids.warningSeconds does not match the spec. This may create a backup.
[10Sep2026 03:20:37.469] [Test worker/WARN] [net.minecraftforge.common.ForgeConfigSpec/CORE]: Incorrect key playerRaids.waves was corrected from null to its default, 5. 
[10Sep2026 03:20:37.469] [Test worker/DEBUG] [net.minecraftforge.common.ForgeConfigSpec/CORE]: The comment on key playerRaids.waves does not match the spec. This may create a backup.
[10Sep2026 03:20:37.469] [Test worker/WARN] [net.minecraftforge.common.ForgeConfigSpec/CORE]: Incorrect key playerRaids.baseEnemiesPerWave was corrected from null to its default, 10. 
[10Sep2026 03:20:37.469] [Test worker/DEBUG] [net.minecraftforge.common.ForgeConfigSpec/CORE]: The comment on key playerRaids.baseEnemiesPerWave does not match the spec. This may create a backup.
[10Sep2026 03:20:37.469] [Test worker/WARN] [net.minecraftforge.common.ForgeConfigSpec/CORE]: Incorrect key playerRaids.enemiesPerExtraPlayer was corrected from null to its default, 3. 
[10Sep2026 03:20:37.469] [Test worker/DEBUG] [net.minecraftforge.common.ForgeConfigSpec/CORE]: The comment on key playerRaids.enemiesPerExtraPlayer does not match the spec. This may create a backup.
[10Sep2026 03:20:37.469] [Test worker/WARN] [net.minecraftforge.common.ForgeConfigSpec/CORE]: Incorrect key playerRaids.maximumActiveRaiders was corrected from null to its default, 30. 
[10Sep2026 03:20:37.469] [Test worker/DEBUG] [net.minecraftforge.common.ForgeConfigSpec/CORE]: The comment on key playerRaids.maximumActiveRaiders does not match the spec. This may create a backup.
[10Sep2026 03:20:37.469] [Test worker/WARN] [net.minecraftforge.common.ForgeConfigSpec/CORE]: Incorrect key playerRaids.maximumGlobalRaiders was corrected from null to its default, 35. 
[10Sep2026 03:20:37.470] [Test worker/DEBUG] [net.minecraftforge.common.ForgeConfigSpec/CORE]: The comment on key playerRaids.maximumGlobalRaiders does not match the spec. This may create a backup.
[10Sep2026 03:20:37.470] [Test worker/WARN] [net.minecraftforge.common.ForgeConfigSpec/CORE]: Incorrect key playerRaids.maximumConcurrentRaids was corrected from null to its default, 1. 
[10Sep2026 03:20:37.470] [Test worker/DEBUG] [net.minecraftforge.common.ForgeConfigSpec/CORE]: The comment on key playerRaids.maximumConcurrentRaids does not match the spec. This may create a backup.
[10Sep2026 03:20:37.470] [Test worker/WARN] [net.minecraftforge.common.ForgeConfigSpec/CORE]: Incorrect key playerRaids.timeBetweenWavesSeconds was corrected from null to its default, 45. 
[10Sep2026 03:20:37.470] [Test worker/DEBUG] [net.minecraftforge.common.ForgeConfigSpec/CORE]: The comment on key playerRaids.timeBetweenWavesSeconds does not match the spec. This may create a backup.
[10Sep2026 03:20:37.470] [Test worker/WARN] [net.minecraftforge.common.ForgeConfigSpec/CORE]: Incorrect key playerRaids.minimumSpawnDistance was corrected from null to its default, 48. 
[10Sep2026 03:20:37.470] [Test worker/DEBUG] [net.minecraftforge.common.ForgeConfigSpec/CORE]: The comment on key playerRaids.minimumSpawnDistance does not match the spec. This may create a backup.
[10Sep2026 03:20:37.470] [Test worker/WARN] [net.minecraftforge.common.ForgeConfigSpec/CORE]: Incorrect key playerRaids.maximumSpawnDistance was corrected from null to its default, 72. 
[10Sep2026 03:20:37.470] [Test worker/DEBUG] [net.minecraftforge.common.ForgeConfigSpec/CORE]: The comment on key playerRaids.maximumSpawnDistance does not match the spec. This may create a backup.
[10Sep2026 03:20:37.470] [Test worker/WARN] [net.minecraftforge.common.ForgeConfigSpec/CORE]: Incorrect key playerRaids.defenseRadius was corrected from null to its default, 160. 
[10Sep2026 03:20:37.470] [Test worker/DEBUG] [net.minecraftforge.common.ForgeConfigSpec/CORE]: The comment on key playerRaids.defenseRadius does not match the spec. This may create a backup.
[10Sep2026 03:20:37.470] [Test worker/WARN] [net.minecraftforge.common.ForgeConfigSpec/CORE]: Incorrect key playerRaids.aggroRadius was corrected from null to its default, 40. 
[10Sep2026 03:20:37.470] [Test worker/DEBUG] [net.minecraftforge.common.ForgeConfigSpec/CORE]: The comment on key playerRaids.aggroRadius does not match the spec. This may create a backup.
[10Sep2026 03:20:37.470] [Test worker/WARN] [net.minecraftforge.common.ForgeConfigSpec/CORE]: Incorrect key playerRaids.offAxisDriftLimit was corrected from null to its default, 24. 
[10Sep2026 03:20:37.470] [Test worker/DEBUG] [net.minecraftforge.common.ForgeConfigSpec/CORE]: The comment on key playerRaids.offAxisDriftLimit does not match the spec. This may create a backup.
[10Sep2026 03:20:37.470] [Test worker/WARN] [net.minecraftforge.common.ForgeConfigSpec/CORE]: Incorrect key playerRaids.breachersIgnoreDefenders was corrected from null to its default, true. 
[10Sep2026 03:20:37.470] [Test worker/DEBUG] [net.minecraftforge.common.ForgeConfigSpec/CORE]: The comment on key playerRaids.breachersIgnoreDefenders does not match the spec. This may create a backup.
[10Sep2026 03:20:37.470] [Test worker/WARN] [net.minecraftforge.common.ForgeConfigSpec/CORE]: Incorrect key playerRaids.stuckDetectionEnabled was corrected from null to its default, true. 
[10Sep2026 03:20:37.470] [Test worker/DEBUG] [net.minecraftforge.common.ForgeConfigSpec/CORE]: The comment on key playerRaids.stuckDetectionEnabled does not match the spec. This may create a backup.
[10Sep2026 03:20:37.470] [Test worker/WARN] [net.minecraftforge.common.ForgeConfigSpec/CORE]: Incorrect key playerRaids.stuckEscalationSeconds was corrected from null to its default, 5. 
[10Sep2026 03:20:37.470] [Test worker/DEBUG] [net.minecraftforge.common.ForgeConfigSpec/CORE]: The comment on key playerRaids.stuckEscalationSeconds does not match the spec. This may create a backup.
[10Sep2026 03:20:37.470] [Test worker/WARN] [net.minecraftforge.common.ForgeConfigSpec/CORE]: Incorrect key playerRaids.innerAggroMultiplier was corrected from null to its default, 2.0. 
[10Sep2026 03:20:37.470] [Test worker/DEBUG] [net.minecraftforge.common.ForgeConfigSpec/CORE]: The comment on key playerRaids.innerAggroMultiplier does not match the spec. This may create a backup.
[10Sep2026 03:20:37.470] [Test worker/WARN] [net.minecraftforge.common.ForgeConfigSpec/CORE]: Incorrect key playerRaids.forceRepathWhenIdle was corrected from null to its default, true. 
[10Sep2026 03:20:37.470] [Test worker/DEBUG] [net.minecraftforge.common.ForgeConfigSpec/CORE]: The comment on key playerRaids.forceRepathWhenIdle does not match the spec. This may create a backup.
[10Sep2026 03:20:37.470] [Test worker/WARN] [net.minecraftforge.common.ForgeConfigSpec/CORE]: Incorrect key playerRaids.coneFallbackEnabled was corrected from null to its default, true. 
[10Sep2026 03:20:37.470] [Test worker/DEBUG] [net.minecraftforge.common.ForgeConfigSpec/CORE]: The comment on key playerRaids.coneFallbackEnabled does not match the spec. This may create a backup.
[10Sep2026 03:20:37.470] [Test worker/WARN] [net.minecraftforge.common.ForgeConfigSpec/CORE]: Incorrect key playerRaids.coneFallbackRadius was corrected from null to its default, 16. 
[10Sep2026 03:20:37.470] [Test worker/DEBUG] [net.minecraftforge.common.ForgeConfigSpec/CORE]: The comment on key playerRaids.coneFallbackRadius does not match the spec. This may create a backup.
[10Sep2026 03:20:37.471] [Test worker/WARN] [net.minecraftforge.common.ForgeConfigSpec/CORE]: Incorrect key playerRaids.coneFallbackVertical was corrected from null to its default, 7. 
[10Sep2026 03:20:37.471] [Test worker/DEBUG] [net.minecraftforge.common.ForgeConfigSpec/CORE]: The comment on key playerRaids.coneFallbackVertical does not match the spec. This may create a backup.
[10Sep2026 03:20:37.471] [Test worker/WARN] [net.minecraftforge.common.ForgeConfigSpec/CORE]: Incorrect key playerRaids.parkourEnabled was corrected from null to its default, true. 
[10Sep2026 03:20:37.471] [Test worker/DEBUG] [net.minecraftforge.common.ForgeConfigSpec/CORE]: The comment on key playerRaids.parkourEnabled does not match the spec. This may create a backup.
[10Sep2026 03:20:37.471] [Test worker/WARN] [net.minecraftforge.common.ForgeConfigSpec/CORE]: Incorrect key playerRaids.parkourMaxForward was corrected from null to its default, 3. 
[10Sep2026 03:20:37.471] [Test worker/DEBUG] [net.minecraftforge.common.ForgeConfigSpec/CORE]: The comment on key playerRaids.parkourMaxForward does not match the spec. This may create a backup.
[10Sep2026 03:20:37.471] [Test worker/WARN] [net.minecraftforge.common.ForgeConfigSpec/CORE]: Incorrect key playerRaids.avoidHazards was corrected from null to its default, true. 
[10Sep2026 03:20:37.471] [Test worker/DEBUG] [net.minecraftforge.common.ForgeConfigSpec/CORE]: The comment on key playerRaids.avoidHazards does not match the spec. This may create a backup.
[10Sep2026 03:20:37.471] [Test worker/WARN] [net.minecraftforge.common.ForgeConfigSpec/CORE]: Incorrect key playerRaids.shoutToAllies was corrected from null to its default, true. 
[10Sep2026 03:20:37.471] [Test worker/DEBUG] [net.minecraftforge.common.ForgeConfigSpec/CORE]: The comment on key playerRaids.shoutToAllies does not match the spec. This may create a backup.
[10Sep2026 03:20:37.471] [Test worker/WARN] [net.minecraftforge.common.ForgeConfigSpec/CORE]: Incorrect key playerRaids.shoutRadius was corrected from null to its default, 16. 
[10Sep2026 03:20:37.471] [Test worker/DEBUG] [net.minecraftforge.common.ForgeConfigSpec/CORE]: The comment on key playerRaids.shoutRadius does not match the spec. This may create a backup.
[10Sep2026 03:20:37.471] [Test worker/WARN] [net.minecraftforge.common.ForgeConfigSpec/CORE]: Incorrect key playerRaids.scoutingEnabled was corrected from null to its default, true. 
[10Sep2026 03:20:37.471] [Test worker/DEBUG] [net.minecraftforge.common.ForgeConfigSpec/CORE]: The comment on key playerRaids.scoutingEnabled does not match the spec. This may create a backup.
[10Sep2026 03:20:37.471] [Test worker/WARN] [net.minecraftforge.common.ForgeConfigSpec/CORE]: Incorrect key playerRaids.scoutPartySize was corrected from null to its default, 2. 
[10Sep2026 03:20:37.471] [Test worker/DEBUG] [net.minecraftforge.common.ForgeConfigSpec/CORE]: The comment on key playerRaids.scoutPartySize does not match the spec. This may create a backup.
[10Sep2026 03:20:37.471] [Test worker/WARN] [net.minecraftforge.common.ForgeConfigSpec/CORE]: Incorrect key playerRaids.scoutSpawnDistance was corrected from null to its default, 100. 
[10Sep2026 03:20:37.471] [Test worker/DEBUG] [net.minecraftforge.common.ForgeConfigSpec/CORE]: The comment on key playerRaids.scoutSpawnDistance does not match the spec. This may create a backup.
[10Sep2026 03:20:37.471] [Test worker/WARN] [net.minecraftforge.common.ForgeConfigSpec/CORE]: Incorrect key playerRaids.scoutObserveSeconds was corrected from null to its default, 45. 
[10Sep2026 03:20:37.471] [Test worker/DEBUG] [net.minecraftforge.common.ForgeConfigSpec/CORE]: The comment on key playerRaids.scoutObserveSeconds does not match the spec. This may create a backup.
[10Sep2026 03:20:37.471] [Test worker/WARN] [net.minecraftforge.common.ForgeConfigSpec/CORE]: Incorrect key playerRaids.scoutDropIntelLetter was corrected from null to its default, true. 
[10Sep2026 03:20:37.471] [Test worker/DEBUG] [net.minecraftforge.common.ForgeConfigSpec/CORE]: The comment on key playerRaids.scoutDropIntelLetter does not match the spec. This may create a backup.
[10Sep2026 03:20:37.471] [Test worker/WARN] [net.minecraftforge.common.ForgeConfigSpec/CORE]: Incorrect key playerRaids.claimAwareAnchors was corrected from null to its default, true. 
[10Sep2026 03:20:37.471] [Test worker/DEBUG] [net.minecraftforge.common.ForgeConfigSpec/CORE]: The comment on key playerRaids.claimAwareAnchors does not match the spec. This may create a backup.
[10Sep2026 03:20:37.471] [Test worker/WARN] [net.minecraftforge.common.ForgeConfigSpec/CORE]: Incorrect key playerRaids.useClaimCenterAsDefensePoint was corrected from null to its default, true. 
[10Sep2026 03:20:37.471] [Test worker/DEBUG] [net.minecraftforge.common.ForgeConfigSpec/CORE]: The comment on key playerRaids.useClaimCenterAsDefensePoint does not match the spec. This may create a backup.
[10Sep2026 03:20:37.471] [Test worker/WARN] [net.minecraftforge.common.ForgeConfigSpec/CORE]: Incorrect key playerRaids.respectDefenderClaims was corrected from null to its default, true. 
[10Sep2026 03:20:37.471] [Test worker/DEBUG] [net.minecraftforge.common.ForgeConfigSpec/CORE]: The comment on key playerRaids.respectDefenderClaims does not match the spec. This may create a backup.
[10Sep2026 03:20:37.471] [Test worker/WARN] [net.minecraftforge.common.ForgeConfigSpec/CORE]: Incorrect key playerRaids.respectForeignClaims was corrected from null to its default, true. 
[10Sep2026 03:20:37.471] [Test worker/DEBUG] [net.minecraftforge.common.ForgeConfigSpec/CORE]: The comment on key playerRaids.respectForeignClaims does not match the spec. This may create a backup.
[10Sep2026 03:20:37.471] [Test worker/WARN] [net.minecraftforge.common.ForgeConfigSpec/CORE]: Incorrect key playerRaids.raiderHealthMultiplier was corrected from null to its default, 1.0. 
[10Sep2026 03:20:37.471] [Test worker/DEBUG] [net.minecraftforge.common.ForgeConfigSpec/CORE]: The comment on key playerRaids.raiderHealthMultiplier does not match the spec. This may create a backup.
[10Sep2026 03:20:37.471] [Test worker/WARN] [net.minecraftforge.common.ForgeConfigSpec/CORE]: Incorrect key playerRaids.raiderDamageMultiplier was corrected from null to its default, 1.0. 
[10Sep2026 03:20:37.471] [Test worker/DEBUG] [net.minecraftforge.common.ForgeConfigSpec/CORE]: The comment on key playerRaids.raiderDamageMultiplier does not match the spec. This may create a backup.
[10Sep2026 03:20:37.471] [Test worker/WARN] [net.minecraftforge.common.ForgeConfigSpec/CORE]: Incorrect key playerRaids.raiderXpMultiplier was corrected from null to its default, 1.0. 
[10Sep2026 03:20:37.471] [Test worker/DEBUG] [net.minecraftforge.common.ForgeConfigSpec/CORE]: The comment on key playerRaids.raiderXpMultiplier does not match the spec. This may create a backup.
[10Sep2026 03:20:37.471] [Test worker/DEBUG] [net.minecraftforge.common.ForgeConfigSpec/CORE]: List on key civilianMobAllowlist is deemed to need correction, as it is null or not a list.
[10Sep2026 03:20:37.472] [Test worker/WARN] [net.minecraftforge.common.ForgeConfigSpec/CORE]: Incorrect key playerRaids.civilianMobAllowlist was corrected from null to its default, [mca:male_villager, mca:female_villager]. 
[10Sep2026 03:20:37.472] [Test worker/DEBUG] [net.minecraftforge.common.ForgeConfigSpec/CORE]: The comment on key playerRaids.civilianMobAllowlist does not match the spec. This may create a backup.
[10Sep2026 03:20:37.472] [Test worker/WARN] [net.minecraftforge.common.ForgeConfigSpec/CORE]: Incorrect key playerRaids.bridgeSiegesEnabled was corrected from null to its default, true. 
[10Sep2026 03:20:37.472] [Test worker/DEBUG] [net.minecraftforge.common.ForgeConfigSpec/CORE]: The comment on key playerRaids.bridgeSiegesEnabled does not match the spec. This may create a backup.
[10Sep2026 03:20:37.472] [Test worker/WARN] [net.minecraftforge.common.ForgeConfigSpec/CORE]: Incorrect key playerRaids.raiderLabelMode was corrected from null to its default, PROXIMITY. 
[10Sep2026 03:20:37.472] [Test worker/DEBUG] [net.minecraftforge.common.ForgeConfigSpec/CORE]: The comment on key playerRaids.raiderLabelMode does not match the spec. This may create a backup.
[10Sep2026 03:20:37.472] [Test worker/WARN] [net.minecraftforge.common.ForgeConfigSpec/CORE]: Incorrect key playerRaids.raiderLabelRadius was corrected from null to its default, 24. 
[10Sep2026 03:20:37.472] [Test worker/DEBUG] [net.minecraftforge.common.ForgeConfigSpec/CORE]: The comment on key playerRaids.raiderLabelRadius does not match the spec. This may create a backup.
[10Sep2026 03:20:37.472] [Test worker/WARN] [net.minecraftforge.common.ForgeConfigSpec/CORE]: Incorrect key playerRaids.raiderGlow was corrected from null to its default, true. 
[10Sep2026 03:20:37.472] [Test worker/DEBUG] [net.minecraftforge.common.ForgeConfigSpec/CORE]: The comment on key playerRaids.raiderGlow does not match the spec. This may create a backup.
[10Sep2026 03:20:37.472] [Test worker/WARN] [net.minecraftforge.common.ForgeConfigSpec/CORE]: Incorrect key playerRaids.commanderBossbarEnabled was corrected from null to its default, true. 
[10Sep2026 03:20:37.472] [Test worker/DEBUG] [net.minecraftforge.common.ForgeConfigSpec/CORE]: The comment on key playerRaids.commanderBossbarEnabled does not match the spec. This may create a backup.
[10Sep2026 03:20:37.472] [Test worker/WARN] [net.minecraftforge.common.ForgeConfigSpec/CORE]: Incorrect key playerRaids.commanderBossbarRadius was corrected from null to its default, 24. 
[10Sep2026 03:20:37.472] [Test worker/DEBUG] [net.minecraftforge.common.ForgeConfigSpec/CORE]: The comment on key playerRaids.commanderBossbarRadius does not match the spec. This may create a backup.
[10Sep2026 03:20:37.472] [Test worker/WARN] [net.minecraftforge.common.ForgeConfigSpec/CORE]: Incorrect key playerRaids.claimWaypointsEnabled was corrected from null to its default, true. 
[10Sep2026 03:20:37.472] [Test worker/DEBUG] [net.minecraftforge.common.ForgeConfigSpec/CORE]: The comment on key playerRaids.claimWaypointsEnabled does not match the spec. This may create a backup.
[10Sep2026 03:20:37.472] [Test worker/WARN] [net.minecraftforge.common.ForgeConfigSpec/CORE]: Incorrect key playerRaids.claimWaypointsNearRadius was corrected from null to its default, 48. 
[10Sep2026 03:20:37.472] [Test worker/DEBUG] [net.minecraftforge.common.ForgeConfigSpec/CORE]: The comment on key playerRaids.claimWaypointsNearRadius does not match the spec. This may create a backup.
[10Sep2026 03:20:37.472] [Test worker/WARN] [net.minecraftforge.common.ForgeConfigSpec/CORE]: Incorrect key playerRaids.claimWaypointsSamplePitch was corrected from null to its default, 4. 
[10Sep2026 03:20:37.472] [Test worker/DEBUG] [net.minecraftforge.common.ForgeConfigSpec/CORE]: The comment on key playerRaids.claimWaypointsSamplePitch does not match the spec. This may create a backup.
[10Sep2026 03:20:37.472] [Test worker/WARN] [net.minecraftforge.common.ForgeConfigSpec/CORE]: Incorrect key playerRaids.hudEnabled was corrected from null to its default, true. 
[10Sep2026 03:20:37.472] [Test worker/DEBUG] [net.minecraftforge.common.ForgeConfigSpec/CORE]: The comment on key playerRaids.hudEnabled does not match the spec. This may create a backup.
[10Sep2026 03:20:37.472] [Test worker/WARN] [net.minecraftforge.common.ForgeConfigSpec/CORE]: Incorrect key playerRaids.objectiveBeacon was corrected from null to its default, true. 
[10Sep2026 03:20:37.472] [Test worker/DEBUG] [net.minecraftforge.common.ForgeConfigSpec/CORE]: The comment on key playerRaids.objectiveBeacon does not match the spec. This may create a backup.
[10Sep2026 03:20:37.472] [Test worker/WARN] [net.minecraftforge.common.ForgeConfigSpec/CORE]: Incorrect key playerRaids.physicalBreaching was corrected from null to its default, true. 
[10Sep2026 03:20:37.472] [Test worker/DEBUG] [net.minecraftforge.common.ForgeConfigSpec/CORE]: The comment on key playerRaids.physicalBreaching does not match the spec. This may create a backup.
[10Sep2026 03:20:37.472] [Test worker/WARN] [net.minecraftforge.common.ForgeConfigSpec/CORE]: Incorrect key playerRaids.abandonDefeatMinutes was corrected from null to its default, 0. 
[10Sep2026 03:20:37.472] [Test worker/DEBUG] [net.minecraftforge.common.ForgeConfigSpec/CORE]: The comment on key playerRaids.abandonDefeatMinutes does not match the spec. This may create a backup.
[10Sep2026 03:20:37.472] [Test worker/WARN] [net.minecraftforge.common.ForgeConfigSpec/CORE]: Incorrect key playerRaids.missingEntityGraceSeconds was corrected from null to its default, 600. 
[10Sep2026 03:20:37.472] [Test worker/DEBUG] [net.minecraftforge.common.ForgeConfigSpec/CORE]: The comment on key playerRaids.missingEntityGraceSeconds does not match the spec. This may create a backup.
[10Sep2026 03:20:37.472] [Test worker/WARN] [net.minecraftforge.common.ForgeConfigSpec/CORE]: Incorrect key playerRaids.spawnRetrySeconds was corrected from null to its default, 20. 
[10Sep2026 03:20:37.472] [Test worker/DEBUG] [net.minecraftforge.common.ForgeConfigSpec/CORE]: The comment on key playerRaids.spawnRetrySeconds does not match the spec. This may create a backup.
[10Sep2026 03:20:37.472] [Test worker/WARN] [net.minecraftforge.common.ForgeConfigSpec/CORE]: Incorrect key playerRaids.minimumTpsToSpawn was corrected from null to its default, 15.0. 
[10Sep2026 03:20:37.472] [Test worker/DEBUG] [net.minecraftforge.common.ForgeConfigSpec/CORE]: The comment on key playerRaids.minimumTpsToSpawn does not match the spec. This may create a backup.
[10Sep2026 03:20:37.472] [Test worker/WARN] [net.minecraftforge.common.ForgeConfigSpec/CORE]: Incorrect key playerRaids.pauseSpawningBelowTps was corrected from null to its default, false. 
[10Sep2026 03:20:37.473] [Test worker/DEBUG] [net.minecraftforge.common.ForgeConfigSpec/CORE]: The comment on key playerRaids.pauseSpawningBelowTps does not match the spec. This may create a backup.
[10Sep2026 03:20:37.473] [Test worker/WARN] [net.minecraftforge.common.ForgeConfigSpec/CORE]: Incorrect key playerRaids.minimumTpsSustainedTicks was corrected from null to its default, 5. 
[10Sep2026 03:20:37.473] [Test worker/DEBUG] [net.minecraftforge.common.ForgeConfigSpec/CORE]: The comment on key playerRaids.minimumTpsSustainedTicks does not match the spec. This may create a backup.
[10Sep2026 03:20:37.473] [Test worker/WARN] [net.minecraftforge.common.ForgeConfigSpec/CORE]: Incorrect key playerRaids.pauseWhenFactionOffline was corrected from null to its default, true. 
[10Sep2026 03:20:37.473] [Test worker/DEBUG] [net.minecraftforge.common.ForgeConfigSpec/CORE]: The comment on key playerRaids.pauseWhenFactionOffline does not match the spec. This may create a backup.
[10Sep2026 03:20:37.473] [Test worker/WARN] [net.minecraftforge.common.ForgeConfigSpec/CORE]: Incorrect key playerRaids.ownerOnlyManagement was corrected from null to its default, true. 
[10Sep2026 03:20:37.473] [Test worker/DEBUG] [net.minecraftforge.common.ForgeConfigSpec/CORE]: The comment on key playerRaids.ownerOnlyManagement does not match the spec. This may create a backup.
[10Sep2026 03:20:37.473] [Test worker/WARN] [net.minecraftforge.common.ForgeConfigSpec/CORE]: Incorrect key playerRaids.glowFinalEnemies was corrected from null to its default, true. 
[10Sep2026 03:20:37.477] [Test worker/DEBUG] [net.minecraftforge.common.ForgeConfigSpec/CORE]: The comment on key playerRaids.glowFinalEnemies does not match the spec. This may create a backup.
[10Sep2026 03:20:37.477] [Test worker/WARN] [net.minecraftforge.common.ForgeConfigSpec/CORE]: Incorrect key playerRaids.victoryExperiencePerPlayer was corrected from null to its default, 250. 
[10Sep2026 03:20:37.477] [Test worker/DEBUG] [net.minecraftforge.common.ForgeConfigSpec/CORE]: The comment on key playerRaids.victoryExperiencePerPlayer does not match the spec. This may create a backup.
[10Sep2026 03:20:37.477] [Test worker/WARN] [net.minecraftforge.common.ForgeConfigSpec/CORE]: Incorrect key playerRaids.victoryLootEnabled was corrected from null to its default, true. 
[10Sep2026 03:20:37.477] [Test worker/DEBUG] [net.minecraftforge.common.ForgeConfigSpec/CORE]: The comment on key playerRaids.victoryLootEnabled does not match the spec. This may create a backup.
[10Sep2026 03:20:37.477] [Test worker/WARN] [net.minecraftforge.common.ForgeConfigSpec/CORE]: Incorrect key playerRaids.victoryLootTable was corrected from null to its default, siegeoverhaul:gameplay/invasion_victory. 
[10Sep2026 03:20:37.477] [Test worker/DEBUG] [net.minecraftforge.common.ForgeConfigSpec/CORE]: The comment on key playerRaids.victoryLootTable does not match the spec. This may create a backup.
[10Sep2026 03:20:37.477] [Test worker/WARN] [net.minecraftforge.common.ForgeConfigSpec/CORE]: Incorrect key playerRaids.maximumRosterMembers was corrected from null to its default, 16. 
[10Sep2026 03:20:37.477] [Test worker/DEBUG] [net.minecraftforge.common.ForgeConfigSpec/CORE]: The comment on key playerRaids.maximumRosterMembers does not match the spec. This may create a backup.
[10Sep2026 03:20:37.477] [Test worker/WARN] [net.minecraftforge.common.ForgeConfigSpec/CORE]: Incorrect key playerRaids.maximumDefensePoints was corrected from null to its default, 4. 
[10Sep2026 03:20:37.477] [Test worker/DEBUG] [net.minecraftforge.common.ForgeConfigSpec/CORE]: The comment on key playerRaids.maximumDefensePoints does not match the spec. This may create a backup.
[10Sep2026 03:20:37.477] [Test worker/WARN] [net.minecraftforge.common.ForgeConfigSpec/CORE]: Incorrect key playerRaids.enableIllusioners was corrected from null to its default, true. 
[10Sep2026 03:20:37.477] [Test worker/DEBUG] [net.minecraftforge.common.ForgeConfigSpec/CORE]: The comment on key playerRaids.enableIllusioners does not match the spec. This may create a backup.
[10Sep2026 03:20:37.477] [Test worker/WARN] [net.minecraftforge.common.ForgeConfigSpec/CORE]: Incorrect key playerRaids.protectVillagers was corrected from null to its default, true. 
[10Sep2026 03:20:37.477] [Test worker/DEBUG] [net.minecraftforge.common.ForgeConfigSpec/CORE]: The comment on key playerRaids.protectVillagers does not match the spec. This may create a backup.
[10Sep2026 03:20:37.477] [Test worker/WARN] [net.minecraftforge.common.ForgeConfigSpec/CORE]: Incorrect key playerRaids.announceGlobally was corrected from null to its default, false. 
[10Sep2026 03:20:37.478] [Test worker/DEBUG] [net.minecraftforge.common.ForgeConfigSpec/CORE]: The comment on key playerRaids.announceGlobally does not match the spec. This may create a backup.
[10Sep2026 03:20:37.478] [Test worker/WARN] [net.minecraftforge.common.ForgeConfigSpec/CORE]: Incorrect key playerRaids.requirePlayerNearAnchor was corrected from null to its default, true. 
[10Sep2026 03:20:37.478] [Test worker/DEBUG] [net.minecraftforge.common.ForgeConfigSpec/CORE]: The comment on key playerRaids.requirePlayerNearAnchor does not match the spec. This may create a backup.
[10Sep2026 03:20:37.478] [Test worker/WARN] [net.minecraftforge.common.ForgeConfigSpec/CORE]: Incorrect key playerRaids.automaticPlayerHomes was corrected from null to its default, true. 
[10Sep2026 03:20:37.478] [Test worker/DEBUG] [net.minecraftforge.common.ForgeConfigSpec/CORE]: The comment on key playerRaids.automaticPlayerHomes does not match the spec. This may create a backup.
[10Sep2026 03:20:37.478] [Test worker/WARN] [net.minecraftforge.common.ForgeConfigSpec/CORE]: Incorrect key playerRaids.followRespawnPoint was corrected from null to its default, true. 
[10Sep2026 03:20:37.478] [Test worker/DEBUG] [net.minecraftforge.common.ForgeConfigSpec/CORE]: The comment on key playerRaids.followRespawnPoint does not match the spec. This may create a backup.
[10Sep2026 03:20:37.478] [Test worker/WARN] [net.minecraftforge.common.ForgeConfigSpec/CORE]: Incorrect key playerRaids.mobilizeRecruits was corrected from null to its default, true. 
[10Sep2026 03:20:37.479] [Test worker/DEBUG] [net.minecraftforge.common.ForgeConfigSpec/CORE]: The comment on key playerRaids.mobilizeRecruits does not match the spec. This may create a backup.
[10Sep2026 03:20:37.479] [Test worker/WARN] [net.minecraftforge.common.ForgeConfigSpec/CORE]: Incorrect key playerRaids.recruitMobilizationRadius was corrected from null to its default, 128. 
[10Sep2026 03:20:37.479] [Test worker/DEBUG] [net.minecraftforge.common.ForgeConfigSpec/CORE]: The comment on key playerRaids.recruitMobilizationRadius does not match the spec. This may create a backup.
[10Sep2026 03:20:37.479] [Test worker/WARN] [net.minecraftforge.common.ForgeConfigSpec/CORE]: Incorrect key playerRaids.coreCaptureRadius was corrected from null to its default, 10. 
[10Sep2026 03:20:37.479] [Test worker/DEBUG] [net.minecraftforge.common.ForgeConfigSpec/CORE]: The comment on key playerRaids.coreCaptureRadius does not match the spec. This may create a backup.
[10Sep2026 03:20:37.479] [Test worker/WARN] [net.minecraftforge.common.ForgeConfigSpec/CORE]: Incorrect key playerRaids.coreRecaptureSeconds was corrected from null to its default, 120. 
[10Sep2026 03:20:37.479] [Test worker/DEBUG] [net.minecraftforge.common.ForgeConfigSpec/CORE]: The comment on key playerRaids.coreRecaptureSeconds does not match the spec. This may create a backup.
[10Sep2026 03:20:37.479] [Test worker/WARN] [net.minecraftforge.common.ForgeConfigSpec/CORE]: Incorrect key playerRaids.captureRadius was corrected from null to its default, 18. 
[10Sep2026 03:20:37.479] [Test worker/DEBUG] [net.minecraftforge.common.ForgeConfigSpec/CORE]: The comment on key playerRaids.captureRadius does not match the spec. This may create a backup.
[10Sep2026 03:20:37.479] [Test worker/WARN] [net.minecraftforge.common.ForgeConfigSpec/CORE]: Incorrect key playerRaids.captureTimeSeconds was corrected from null to its default, 120. 
[10Sep2026 03:20:37.479] [Test worker/DEBUG] [net.minecraftforge.common.ForgeConfigSpec/CORE]: The comment on key playerRaids.captureTimeSeconds does not match the spec. This may create a backup.
[10Sep2026 03:20:37.479] [Test worker/WARN] [net.minecraftforge.common.ForgeConfigSpec/CORE]: Incorrect key playerRaids.enableStragglerRescue was corrected from null to its default, true. 
[10Sep2026 03:20:37.479] [Test worker/DEBUG] [net.minecraftforge.common.ForgeConfigSpec/CORE]: The comment on key playerRaids.enableStragglerRescue does not match the spec. This may create a backup.
[10Sep2026 03:20:37.479] [Test worker/WARN] [net.minecraftforge.common.ForgeConfigSpec/CORE]: Incorrect key playerRaids.enableEffortBonus was corrected from null to its default, true. 
[10Sep2026 03:20:37.479] [Test worker/DEBUG] [net.minecraftforge.common.ForgeConfigSpec/CORE]: The comment on key playerRaids.enableEffortBonus does not match the spec. This may create a backup.
[10Sep2026 03:20:37.479] [Test worker/WARN] [net.minecraftforge.common.ForgeConfigSpec/CORE]: Incorrect key playerRaids.effortKillBonusSeconds was corrected from null to its default, 5. 
[10Sep2026 03:20:37.479] [Test worker/DEBUG] [net.minecraftforge.common.ForgeConfigSpec/CORE]: The comment on key playerRaids.effortKillBonusSeconds does not match the spec. This may create a backup.
[10Sep2026 03:20:37.480] [Test worker/WARN] [net.minecraftforge.common.ForgeConfigSpec/CORE]: Incorrect key playerRaids.effortBreachBonusSeconds was corrected from null to its default, 2. 
[10Sep2026 03:20:37.480] [Test worker/DEBUG] [net.minecraftforge.common.ForgeConfigSpec/CORE]: The comment on key playerRaids.effortBreachBonusSeconds does not match the spec. This may create a backup.
[10Sep2026 03:20:37.480] [Test worker/WARN] [net.minecraftforge.common.ForgeConfigSpec/CORE]: Incorrect key playerRaids.effortMaxBonusSeconds was corrected from null to its default, 30. 
[10Sep2026 03:20:37.480] [Test worker/DEBUG] [net.minecraftforge.common.ForgeConfigSpec/CORE]: The comment on key playerRaids.effortMaxBonusSeconds does not match the spec. This may create a backup.
[10Sep2026 03:20:37.480] [Test worker/WARN] [net.minecraftforge.common.ForgeConfigSpec/CORE]: Incorrect key playerRaids.captureDecayPerSecond was corrected from null to its default, 2. 
[10Sep2026 03:20:37.480] [Test worker/DEBUG] [net.minecraftforge.common.ForgeConfigSpec/CORE]: The comment on key playerRaids.captureDecayPerSecond does not match the spec. This may create a backup.
[10Sep2026 03:20:37.480] [Test worker/WARN] [net.minecraftforge.common.ForgeConfigSpec/CORE]: Incorrect key playerRaids.enableBreachPhase was corrected from null to its default, true. 
[10Sep2026 03:20:37.487] [Test worker/DEBUG] [net.minecraftforge.common.ForgeConfigSpec/CORE]: The comment on key playerRaids.enableBreachPhase does not match the spec. This may create a backup.
[10Sep2026 03:20:37.488] [Test worker/WARN] [net.minecraftforge.common.ForgeConfigSpec/CORE]: Incorrect key playerRaids.breachRadius was corrected from null to its default, 36. 
[10Sep2026 03:20:37.488] [Test worker/DEBUG] [net.minecraftforge.common.ForgeConfigSpec/CORE]: The comment on key playerRaids.breachRadius does not match the spec. This may create a backup.
[10Sep2026 03:20:37.488] [Test worker/WARN] [net.minecraftforge.common.ForgeConfigSpec/CORE]: Incorrect key playerRaids.breachTimeSeconds was corrected from null to its default, 45. 
[10Sep2026 03:20:37.488] [Test worker/DEBUG] [net.minecraftforge.common.ForgeConfigSpec/CORE]: The comment on key playerRaids.breachTimeSeconds does not match the spec. This may create a backup.
[10Sep2026 03:20:37.488] [Test worker/WARN] [net.minecraftforge.common.ForgeConfigSpec/CORE]: Incorrect key playerRaids.breachDecayPerSecond was corrected from null to its default, 2. 
[10Sep2026 03:20:37.488] [Test worker/DEBUG] [net.minecraftforge.common.ForgeConfigSpec/CORE]: The comment on key playerRaids.breachDecayPerSecond does not match the spec. This may create a backup.
[10Sep2026 03:20:37.488] [Test worker/WARN] [net.minecraftforge.common.ForgeConfigSpec/CORE]: Incorrect key playerRaids.breachObjectiveRadius was corrected from null to its default, 10. 
[10Sep2026 03:20:37.488] [Test worker/DEBUG] [net.minecraftforge.common.ForgeConfigSpec/CORE]: The comment on key playerRaids.breachObjectiveRadius does not match the spec. This may create a backup.
[10Sep2026 03:20:37.488] [Test worker/WARN] [net.minecraftforge.common.ForgeConfigSpec/CORE]: Incorrect key playerRaids.useVillagerRecruitsArmy was corrected from null to its default, true. 
[10Sep2026 03:20:37.488] [Test worker/DEBUG] [net.minecraftforge.common.ForgeConfigSpec/CORE]: The comment on key playerRaids.useVillagerRecruitsArmy does not match the spec. This may create a backup.
[10Sep2026 03:20:37.488] [Test worker/WARN] [net.minecraftforge.common.ForgeConfigSpec/CORE]: Incorrect key playerRaids.levelCampTerrain was corrected from null to its default, true. 
[10Sep2026 03:20:37.488] [Test worker/DEBUG] [net.minecraftforge.common.ForgeConfigSpec/CORE]: The comment on key playerRaids.levelCampTerrain does not match the spec. This may create a backup.
[10Sep2026 03:20:37.488] [Test worker/WARN] [net.minecraftforge.common.ForgeConfigSpec/CORE]: Incorrect key playerRaids.buildTemporaryWarCamps was corrected from null to its default, true. 
[10Sep2026 03:20:37.488] [Test worker/DEBUG] [net.minecraftforge.common.ForgeConfigSpec/CORE]: The comment on key playerRaids.buildTemporaryWarCamps does not match the spec. This may create a backup.
[10Sep2026 03:20:37.488] [Test worker/WARN] [net.minecraftforge.common.ForgeConfigSpec/CORE]: Incorrect key playerRaids.campDestructibleStructures was corrected from null to its default, true. 
[10Sep2026 03:20:37.488] [Test worker/DEBUG] [net.minecraftforge.common.ForgeConfigSpec/CORE]: The comment on key playerRaids.campDestructibleStructures does not match the spec. This may create a backup.
[10Sep2026 03:20:37.488] [Test worker/WARN] [net.minecraftforge.common.ForgeConfigSpec/CORE]: Incorrect key playerRaids.campBonusLootEmeralds was corrected from null to its default, 3. 
[10Sep2026 03:20:37.488] [Test worker/DEBUG] [net.minecraftforge.common.ForgeConfigSpec/CORE]: The comment on key playerRaids.campBonusLootEmeralds does not match the spec. This may create a backup.
[10Sep2026 03:20:37.488] [Test worker/WARN] [net.minecraftforge.common.ForgeConfigSpec/CORE]: Incorrect key playerRaids.cleanupTemporaryWarCamps was corrected from null to its default, true. 
[10Sep2026 03:20:37.488] [Test worker/DEBUG] [net.minecraftforge.common.ForgeConfigSpec/CORE]: The comment on key playerRaids.cleanupTemporaryWarCamps does not match the spec. This may create a backup.
[10Sep2026 03:20:37.488] [Test worker/WARN] [net.minecraftforge.common.ForgeConfigSpec/CORE]: Incorrect key playerRaids.enableAmphibiousRaids was corrected from null to its default, true. 
[10Sep2026 03:20:37.488] [Test worker/DEBUG] [net.minecraftforge.common.ForgeConfigSpec/CORE]: The comment on key playerRaids.enableAmphibiousRaids does not match the spec. This may create a backup.
[10Sep2026 03:20:37.488] [Test worker/WARN] [net.minecraftforge.common.ForgeConfigSpec/CORE]: Incorrect key playerRaids.navalStagingSearchRadius was corrected from null to its default, 64. 
[10Sep2026 03:20:37.488] [Test worker/DEBUG] [net.minecraftforge.common.ForgeConfigSpec/CORE]: The comment on key playerRaids.navalStagingSearchRadius does not match the spec. This may create a backup.
[10Sep2026 03:20:37.488] [Test worker/WARN] [net.minecraftforge.common.ForgeConfigSpec/CORE]: Incorrect key playerRaids.navalMinimumWaterBody was corrected from null to its default, 80. 
[10Sep2026 03:20:37.488] [Test worker/DEBUG] [net.minecraftforge.common.ForgeConfigSpec/CORE]: The comment on key playerRaids.navalMinimumWaterBody does not match the spec. This may create a backup.
[10Sep2026 03:20:37.488] [Test worker/WARN] [net.minecraftforge.common.ForgeConfigSpec/CORE]: Incorrect key playerRaids.navalWaveSharePercent was corrected from null to its default, 40. 
[10Sep2026 03:20:37.488] [Test worker/DEBUG] [net.minecraftforge.common.ForgeConfigSpec/CORE]: The comment on key playerRaids.navalWaveSharePercent does not match the spec. This may create a backup.
[10Sep2026 03:20:37.488] [Test worker/WARN] [net.minecraftforge.common.ForgeConfigSpec/CORE]: Incorrect key playerRaids.navalBoatSpeed was corrected from null to its default, 10. 
[10Sep2026 03:20:37.488] [Test worker/DEBUG] [net.minecraftforge.common.ForgeConfigSpec/CORE]: The comment on key playerRaids.navalBoatSpeed does not match the spec. This may create a backup.
[10Sep2026 03:20:37.488] [Test worker/WARN] [net.minecraftforge.common.ForgeConfigSpec/CORE]: Incorrect key playerRaids.enableBridgeBuilding was corrected from null to its default, true. 
[10Sep2026 03:20:37.488] [Test worker/DEBUG] [net.minecraftforge.common.ForgeConfigSpec/CORE]: The comment on key playerRaids.enableBridgeBuilding does not match the spec. This may create a backup.
[10Sep2026 03:20:37.488] [Test worker/WARN] [net.minecraftforge.common.ForgeConfigSpec/CORE]: Incorrect key playerRaids.maxBridgeSpan was corrected from null to its default, 8. 
[10Sep2026 03:20:37.488] [Test worker/DEBUG] [net.minecraftforge.common.ForgeConfigSpec/CORE]: The comment on key playerRaids.maxBridgeSpan does not match the spec. This may create a backup.
[10Sep2026 03:20:37.488] [Test worker/WARN] [net.minecraftforge.common.ForgeConfigSpec/CORE]: Incorrect key playerRaids.maxBridgesPerRaid was corrected from null to its default, 4. 
[10Sep2026 03:20:37.488] [Test worker/DEBUG] [net.minecraftforge.common.ForgeConfigSpec/CORE]: The comment on key playerRaids.maxBridgesPerRaid does not match the spec. This may create a backup.
[10Sep2026 03:20:37.488] [Test worker/WARN] [net.minecraftforge.common.ForgeConfigSpec/CORE]: Incorrect key playerRaids.enableSiegeEngines was corrected from null to its default, true. 
[10Sep2026 03:20:37.488] [Test worker/DEBUG] [net.minecraftforge.common.ForgeConfigSpec/CORE]: The comment on key playerRaids.enableSiegeEngines does not match the spec. This may create a backup.
[10Sep2026 03:20:37.488] [Test worker/DEBUG] [net.minecraftforge.common.ForgeConfigSpec/CORE]: List on key firstWaveEngines is deemed to need correction, as it is null or not a list.
[10Sep2026 03:20:37.488] [Test worker/WARN] [net.minecraftforge.common.ForgeConfigSpec/CORE]: Incorrect key playerRaids.firstWaveEngines was corrected from null to its default, [BALLISTA]. 
[10Sep2026 03:20:37.489] [Test worker/DEBUG] [net.minecraftforge.common.ForgeConfigSpec/CORE]: The comment on key playerRaids.firstWaveEngines does not match the spec. This may create a backup.
[10Sep2026 03:20:37.489] [Test worker/WARN] [net.minecraftforge.common.ForgeConfigSpec/CORE]: Incorrect key playerRaids.laterWaveEngineChancePercent was corrected from null to its default, 30. 
[10Sep2026 03:20:37.489] [Test worker/DEBUG] [net.minecraftforge.common.ForgeConfigSpec/CORE]: The comment on key playerRaids.laterWaveEngineChancePercent does not match the spec. This may create a backup.
[10Sep2026 03:20:37.489] [Test worker/WARN] [net.minecraftforge.common.ForgeConfigSpec/CORE]: Incorrect key playerRaids.cleanupSurvivingEngines was corrected from null to its default, true. 
[10Sep2026 03:20:37.489] [Test worker/DEBUG] [net.minecraftforge.common.ForgeConfigSpec/CORE]: The comment on key playerRaids.cleanupSurvivingEngines does not match the spec. This may create a backup.
[10Sep2026 03:20:37.489] [Test worker/WARN] [net.minecraftforge.common.ForgeConfigSpec/CORE]: Incorrect key playerRaids.enableSapper was corrected from null to its default, true. 
[10Sep2026 03:20:37.489] [Test worker/DEBUG] [net.minecraftforge.common.ForgeConfigSpec/CORE]: The comment on key playerRaids.enableSapper does not match the spec. This may create a backup.
[10Sep2026 03:20:37.489] [Test worker/WARN] [net.minecraftforge.common.ForgeConfigSpec/CORE]: Incorrect key playerRaids.sapperMaxPerRaid was corrected from null to its default, 3. 
[10Sep2026 03:20:37.489] [Test worker/DEBUG] [net.minecraftforge.common.ForgeConfigSpec/CORE]: The comment on key playerRaids.sapperMaxPerRaid does not match the spec. This may create a backup.
[10Sep2026 03:20:37.489] [Test worker/WARN] [net.minecraftforge.common.ForgeConfigSpec/CORE]: Incorrect key playerRaids.sapperUseVanillaTnt was corrected from null to its default, false. 
[10Sep2026 03:20:37.489] [Test worker/DEBUG] [net.minecraftforge.common.ForgeConfigSpec/CORE]: The comment on key playerRaids.sapperUseVanillaTnt does not match the spec. This may create a backup.
[10Sep2026 03:20:37.489] [Test worker/WARN] [net.minecraftforge.common.ForgeConfigSpec/CORE]: Incorrect key playerRaids.preferSmallShips was corrected from null to its default, true. 
[10Sep2026 03:20:37.489] [Test worker/DEBUG] [net.minecraftforge.common.ForgeConfigSpec/CORE]: The comment on key playerRaids.preferSmallShips does not match the spec. This may create a backup.
[10Sep2026 03:20:37.489] [Test worker/WARN] [net.minecraftforge.common.ForgeConfigSpec/CORE]: Incorrect key playerRaids.smallShipsPreferLarge was corrected from null to its default, true. 
[10Sep2026 03:20:37.489] [Test worker/DEBUG] [net.minecraftforge.common.ForgeConfigSpec/CORE]: The comment on key playerRaids.smallShipsPreferLarge does not match the spec. This may create a backup.
[10Sep2026 03:20:37.489] [Test worker/WARN] [net.minecraftforge.common.ForgeConfigSpec/CORE]: Incorrect key playerRaids.shipCrewMax was corrected from null to its default, 6. 
[10Sep2026 03:20:37.489] [Test worker/DEBUG] [net.minecraftforge.common.ForgeConfigSpec/CORE]: The comment on key playerRaids.shipCrewMax does not match the spec. This may create a backup.
[10Sep2026 03:20:37.489] [Test worker/WARN] [net.minecraftforge.common.ForgeConfigSpec/CORE]: Incorrect key playerRaids.enableWorkersCampConstruction was corrected from null to its default, true. 
[10Sep2026 03:20:37.489] [Test worker/DEBUG] [net.minecraftforge.common.ForgeConfigSpec/CORE]: The comment on key playerRaids.enableWorkersCampConstruction does not match the spec. This may create a backup.
[10Sep2026 03:20:37.489] [Test worker/WARN] [net.minecraftforge.common.ForgeConfigSpec/CORE]: Incorrect key playerRaids.campBuilderMax was corrected from null to its default, 2. 
[10Sep2026 03:20:37.489] [Test worker/DEBUG] [net.minecraftforge.common.ForgeConfigSpec/CORE]: The comment on key playerRaids.campBuilderMax does not match the spec. This may create a backup.
[10Sep2026 03:20:37.489] [Test worker/WARN] [net.minecraftforge.common.ForgeConfigSpec/CORE]: Incorrect key playerRaids.campLumberjackMax was corrected from null to its default, 2. 
[10Sep2026 03:20:37.489] [Test worker/DEBUG] [net.minecraftforge.common.ForgeConfigSpec/CORE]: The comment on key playerRaids.campLumberjackMax does not match the spec. This may create a backup.
[10Sep2026 03:20:37.489] [Test worker/WARN] [net.minecraftforge.common.ForgeConfigSpec/CORE]: Incorrect key playerRaids.campMaxBuildSeconds was corrected from null to its default, 180. 
[10Sep2026 03:20:37.489] [Test worker/DEBUG] [net.minecraftforge.common.ForgeConfigSpec/CORE]: The comment on key playerRaids.campMaxBuildSeconds does not match the spec. This may create a backup.
[10Sep2026 03:20:37.489] [Test worker/WARN] [net.minecraftforge.common.ForgeConfigSpec/CORE]: Incorrect key playerRaids.enableRaiderNarrative was corrected from null to its default, true. 
[10Sep2026 03:20:37.489] [Test worker/DEBUG] [net.minecraftforge.common.ForgeConfigSpec/CORE]: The comment on key playerRaids.enableRaiderNarrative does not match the spec. This may create a backup.
[10Sep2026 03:20:37.489] [Test worker/DEBUG] [net.minecraftforge.common.ForgeConfigSpec/CORE]: List on key allowedRaiderFactions is deemed to need correction, as it is null or not a list.
[10Sep2026 03:20:37.489] [Test worker/WARN] [net.minecraftforge.common.ForgeConfigSpec/CORE]: Incorrect key playerRaids.allowedRaiderFactions was corrected from null to its default, []. 
[10Sep2026 03:20:37.489] [Test worker/DEBUG] [net.minecraftforge.common.ForgeConfigSpec/CORE]: The comment on key playerRaids.allowedRaiderFactions does not match the spec. This may create a backup.
[10Sep2026 03:20:37.489] [Test worker/DEBUG] [net.minecraftforge.common.ForgeConfigSpec/CORE]: List on key allowedCasusBelli is deemed to need correction, as it is null or not a list.
[10Sep2026 03:20:37.489] [Test worker/WARN] [net.minecraftforge.common.ForgeConfigSpec/CORE]: Incorrect key playerRaids.allowedCasusBelli was corrected from null to its default, []. 
[10Sep2026 03:20:37.489] [Test worker/DEBUG] [net.minecraftforge.common.ForgeConfigSpec/CORE]: The comment on key playerRaids.allowedCasusBelli does not match the spec. This may create a backup.
[10Sep2026 03:20:37.489] [Test worker/WARN] [net.minecraftforge.common.ForgeConfigSpec/CORE]: Incorrect key playerRaids.narrativeInBossBar was corrected from null to its default, true. 
[10Sep2026 03:20:37.489] [Test worker/DEBUG] [net.minecraftforge.common.ForgeConfigSpec/CORE]: The comment on key playerRaids.narrativeInBossBar does not match the spec. This may create a backup.
[10Sep2026 03:20:37.489] [Test worker/WARN] [net.minecraftforge.common.ForgeConfigSpec/CORE]: Incorrect key playerRaids.enableProgressiveWaveComposition was corrected from null to its default, true. 
[10Sep2026 03:20:37.489] [Test worker/DEBUG] [net.minecraftforge.common.ForgeConfigSpec/CORE]: The comment on key playerRaids.enableProgressiveWaveComposition does not match the spec. This may create a backup.
[10Sep2026 03:20:37.489] [Test worker/WARN] [net.minecraftforge.common.ForgeConfigSpec/CORE]: Incorrect key playerRaids.enableRaiderFormations was corrected from null to its default, true. 
[10Sep2026 03:20:37.489] [Test worker/DEBUG] [net.minecraftforge.common.ForgeConfigSpec/CORE]: The comment on key playerRaids.enableRaiderFormations does not match the spec. This may create a backup.
[10Sep2026 03:20:37.489] [Test worker/WARN] [net.minecraftforge.common.ForgeConfigSpec/CORE]: Incorrect key playerRaids.announceWaveFormation was corrected from null to its default, true. 
[10Sep2026 03:20:37.489] [Test worker/DEBUG] [net.minecraftforge.common.ForgeConfigSpec/CORE]: The comment on key playerRaids.announceWaveFormation does not match the spec. This may create a backup.
[10Sep2026 03:20:37.489] [Test worker/WARN] [net.minecraftforge.common.ForgeConfigSpec/CORE]: Incorrect key playerRaids.enableLadderBuilding was corrected from null to its default, true. 
[10Sep2026 03:20:37.489] [Test worker/DEBUG] [net.minecraftforge.common.ForgeConfigSpec/CORE]: The comment on key playerRaids.enableLadderBuilding does not match the spec. This may create a backup.
[10Sep2026 03:20:37.489] [Test worker/WARN] [net.minecraftforge.common.ForgeConfigSpec/CORE]: Incorrect key playerRaids.maxLaddersPerRaid was corrected from null to its default, 6. 
[10Sep2026 03:20:37.489] [Test worker/DEBUG] [net.minecraftforge.common.ForgeConfigSpec/CORE]: The comment on key playerRaids.maxLaddersPerRaid does not match the spec. This may create a backup.
[10Sep2026 03:20:37.489] [Test worker/WARN] [net.minecraftforge.common.ForgeConfigSpec/CORE]: Incorrect key playerRaids.spawnGuidebookOnJoin was corrected from null to its default, false. 
[10Sep2026 03:20:37.489] [Test worker/DEBUG] [net.minecraftforge.common.ForgeConfigSpec/CORE]: The comment on key playerRaids.spawnGuidebookOnJoin does not match the spec. This may create a backup.
[10Sep2026 03:20:37.490] [Test worker/WARN] [net.minecraftforge.common.ForgeConfigSpec/CORE]: Incorrect key playerRaids.enableRestorableGateBreaching was corrected from null to its default, true. 
[10Sep2026 03:20:37.490] [Test worker/DEBUG] [net.minecraftforge.common.ForgeConfigSpec/CORE]: The comment on key playerRaids.enableRestorableGateBreaching does not match the spec. This may create a backup.
[10Sep2026 03:20:37.490] [Test worker/WARN] [net.minecraftforge.common.ForgeConfigSpec/CORE]: Incorrect key playerRaids.woodenBreachSeconds was corrected from null to its default, 10. 
[10Sep2026 03:20:37.490] [Test worker/DEBUG] [net.minecraftforge.common.ForgeConfigSpec/CORE]: The comment on key playerRaids.woodenBreachSeconds does not match the spec. This may create a backup.
[10Sep2026 03:20:37.490] [Test worker/WARN] [net.minecraftforge.common.ForgeConfigSpec/CORE]: Incorrect key playerRaids.reinforcedBreachSeconds was corrected from null to its default, 24. 
[10Sep2026 03:20:37.490] [Test worker/DEBUG] [net.minecraftforge.common.ForgeConfigSpec/CORE]: The comment on key playerRaids.reinforcedBreachSeconds does not match the spec. This may create a backup.
[10Sep2026 03:20:37.490] [Test worker/WARN] [net.minecraftforge.common.ForgeConfigSpec/CORE]: Incorrect key playerRaids.maximumRestorableBlocks was corrected from null to its default, 64. 
[10Sep2026 03:20:37.490] [Test worker/DEBUG] [net.minecraftforge.common.ForgeConfigSpec/CORE]: The comment on key playerRaids.maximumRestorableBlocks does not match the spec. This may create a backup.
[10Sep2026 03:20:37.490] [Test worker/WARN] [net.minecraftforge.common.ForgeConfigSpec/CORE]: Incorrect key playerRaids.restoreBreachedBlocks was corrected from null to its default, true. 
[10Sep2026 03:20:37.490] [Test worker/DEBUG] [net.minecraftforge.common.ForgeConfigSpec/CORE]: The comment on key playerRaids.restoreBreachedBlocks does not match the spec. This may create a backup.
[10Sep2026 03:20:37.490] [Test worker/WARN] [net.minecraftforge.common.ForgeConfigSpec/CORE]: Incorrect key playerRaids.raiderAdvanceSpeed was corrected from null to its default, 1.05. 
[10Sep2026 03:20:37.490] [Test worker/DEBUG] [net.minecraftforge.common.ForgeConfigSpec/CORE]: The comment on key playerRaids.raiderAdvanceSpeed does not match the spec. This may create a backup.
[10Sep2026 03:20:37.490] [Test worker/WARN] [net.minecraftforge.common.ForgeConfigSpec/CORE]: Incorrect key playerRaids.allowWorldSpawnFallback was corrected from null to its default, false. 
[10Sep2026 03:20:37.490] [Test worker/DEBUG] [net.minecraftforge.common.ForgeConfigSpec/CORE]: The comment on key playerRaids.allowWorldSpawnFallback does not match the spec. This may create a backup.
[10Sep2026 03:20:37.490] [Test worker/WARN] [net.minecraftforge.common.ForgeConfigSpec/CORE]: Incorrect key playerRaids.stagedSquads was corrected from null to its default, true. 
[10Sep2026 03:20:37.490] [Test worker/DEBUG] [net.minecraftforge.common.ForgeConfigSpec/CORE]: The comment on key playerRaids.stagedSquads does not match the spec. This may create a backup.
[10Sep2026 03:20:37.490] [Test worker/WARN] [net.minecraftforge.common.ForgeConfigSpec/CORE]: Incorrect key playerRaids.squadSize was corrected from null to its default, 4. 
[10Sep2026 03:20:37.490] [Test worker/DEBUG] [net.minecraftforge.common.ForgeConfigSpec/CORE]: The comment on key playerRaids.squadSize does not match the spec. This may create a backup.
[10Sep2026 03:20:37.490] [Test worker/WARN] [net.minecraftforge.common.ForgeConfigSpec/CORE]: Incorrect key playerRaids.squadIntervalSeconds was corrected from null to its default, 6. 
[10Sep2026 03:20:37.490] [Test worker/DEBUG] [net.minecraftforge.common.ForgeConfigSpec/CORE]: The comment on key playerRaids.squadIntervalSeconds does not match the spec. This may create a backup.
[10Sep2026 03:20:37.490] [Test worker/WARN] [net.minecraftforge.common.ForgeConfigSpec/CORE]: Incorrect key playerRaids.recruitsPerExtraEnemy was corrected from null to its default, 3. 
[10Sep2026 03:20:37.490] [Test worker/DEBUG] [net.minecraftforge.common.ForgeConfigSpec/CORE]: The comment on key playerRaids.recruitsPerExtraEnemy does not match the spec. This may create a backup.
[10Sep2026 03:20:37.490] [Test worker/WARN] [net.minecraftforge.common.ForgeConfigSpec/CORE]: Incorrect key playerRaids.maximumRecruitScalingEnemies was corrected from null to its default, 8. 
[10Sep2026 03:20:37.490] [Test worker/DEBUG] [net.minecraftforge.common.ForgeConfigSpec/CORE]: The comment on key playerRaids.maximumRecruitScalingEnemies does not match the spec. This may create a backup.
[10Sep2026 03:20:37.490] [Test worker/WARN] [net.minecraftforge.common.ForgeConfigSpec/CORE]: Incorrect key playerRaids.enableCommander was corrected from null to its default, true. 
[10Sep2026 03:20:37.490] [Test worker/DEBUG] [net.minecraftforge.common.ForgeConfigSpec/CORE]: The comment on key playerRaids.enableCommander does not match the spec. This may create a backup.
[10Sep2026 03:20:37.490] [Test worker/WARN] [net.minecraftforge.common.ForgeConfigSpec/CORE]: Incorrect key playerRaids.commanderHealthMultiplier was corrected from null to its default, 2.0. 
[10Sep2026 03:20:37.490] [Test worker/DEBUG] [net.minecraftforge.common.ForgeConfigSpec/CORE]: The comment on key playerRaids.commanderHealthMultiplier does not match the spec. This may create a backup.
[10Sep2026 03:20:37.490] [Test worker/WARN] [net.minecraftforge.common.ForgeConfigSpec/CORE]: Incorrect key playerRaids.showRaidTitles was corrected from null to its default, true. 
[10Sep2026 03:20:37.490] [Test worker/DEBUG] [net.minecraftforge.common.ForgeConfigSpec/CORE]: The comment on key playerRaids.showRaidTitles does not match the spec. This may create a backup.
[10Sep2026 03:20:37.490] [Test worker/WARN] [net.minecraftforge.common.ForgeConfigSpec/CORE]: Incorrect key playerRaids.showActionBarUpdates was corrected from null to its default, true. 
[10Sep2026 03:20:37.490] [Test worker/DEBUG] [net.minecraftforge.common.ForgeConfigSpec/CORE]: The comment on key playerRaids.showActionBarUpdates does not match the spec. This may create a backup.
[10Sep2026 03:20:37.490] [Test worker/WARN] [net.minecraftforge.common.ForgeConfigSpec/CORE]: Incorrect key playerRaids.spawnArrivalEffects was corrected from null to its default, true. 
[10Sep2026 03:20:37.490] [Test worker/DEBUG] [net.minecraftforge.common.ForgeConfigSpec/CORE]: The comment on key playerRaids.spawnArrivalEffects does not match the spec. This may create a backup.
[10Sep2026 03:20:37.490] [Test worker/WARN] [net.minecraftforge.common.ForgeConfigSpec/CORE]: Incorrect key playerRaids.victoryEmeraldsBase was corrected from null to its default, 16. 
[10Sep2026 03:20:37.490] [Test worker/DEBUG] [net.minecraftforge.common.ForgeConfigSpec/CORE]: The comment on key playerRaids.victoryEmeraldsBase does not match the spec. This may create a backup.
[10Sep2026 03:20:37.490] [Test worker/WARN] [net.minecraftforge.common.ForgeConfigSpec/CORE]: Incorrect key playerRaids.victoryEmeraldsPerWave was corrected from null to its default, 4. 
[10Sep2026 03:20:37.490] [Test worker/DEBUG] [net.minecraftforge.common.ForgeConfigSpec/CORE]: The comment on key playerRaids.victoryEmeraldsPerWave does not match the spec. This may create a backup.
[10Sep2026 03:20:37.490] [Test worker/WARN] [net.minecraftforge.common.ForgeConfigSpec/CORE]: Incorrect key playerRaids.commanderEmeraldBonus was corrected from null to its default, 12. 
[10Sep2026 03:20:37.490] [Test worker/DEBUG] [net.minecraftforge.common.ForgeConfigSpec/CORE]: The comment on key playerRaids.commanderEmeraldBonus does not match the spec. This may create a backup.
[10Sep2026 03:20:37.490] [Test worker/WARN] [net.minecraftforge.common.ForgeConfigSpec/CORE]: Incorrect key playerRaids.manualRaidsGrantRewards was corrected from null to its default, false. 
[10Sep2026 03:20:37.491] [Test worker/DEBUG] [net.minecraftforge.common.ForgeConfigSpec/CORE]: The comment on key playerRaids.manualRaidsGrantRewards does not match the spec. This may create a backup.
[10Sep2026 03:20:37.491] [Test worker/DEBUG] [net.minecraftforge.common.ForgeConfigSpec/CORE]: The comment on key playerRaids does not match the spec. This may create a backup.
[10Sep2026 03:20:37.491] [Test worker/WARN] [net.minecraftforge.common.ForgeConfigSpec/CORE]: Incorrect key compatibility was corrected from null to its default, SimpleCommentedConfig:{}. 
[10Sep2026 03:20:37.491] [Test worker/WARN] [net.minecraftforge.common.ForgeConfigSpec/CORE]: Incorrect key compatibility.enableVillagerWorkers was corrected from null to its default, true. 
[10Sep2026 03:20:37.491] [Test worker/DEBUG] [net.minecraftforge.common.ForgeConfigSpec/CORE]: The comment on key compatibility.enableVillagerWorkers does not match the spec. This may create a backup.
[10Sep2026 03:20:37.491] [Test worker/WARN] [net.minecraftforge.common.ForgeConfigSpec/CORE]: Incorrect key compatibility.protectVillagerWorkers was corrected from null to its default, true. 
[10Sep2026 03:20:37.491] [Test worker/DEBUG] [net.minecraftforge.common.ForgeConfigSpec/CORE]: The comment on key compatibility.protectVillagerWorkers does not match the spec. This may create a backup.
[10Sep2026 03:20:37.491] [Test worker/WARN] [net.minecraftforge.common.ForgeConfigSpec/CORE]: Incorrect key compatibility.enableSmallShips was corrected from null to its default, true. 
[10Sep2026 03:20:37.491] [Test worker/DEBUG] [net.minecraftforge.common.ForgeConfigSpec/CORE]: The comment on key compatibility.enableSmallShips does not match the spec. This may create a backup.
[10Sep2026 03:20:37.491] [Test worker/WARN] [net.minecraftforge.common.ForgeConfigSpec/CORE]: Incorrect key compatibility.enableSiegeWeapons was corrected from null to its default, true. 
[10Sep2026 03:20:37.491] [Test worker/DEBUG] [net.minecraftforge.common.ForgeConfigSpec/CORE]: The comment on key compatibility.enableSiegeWeapons does not match the spec. This may create a backup.
[10Sep2026 03:20:37.491] [Test worker/WARN] [net.minecraftforge.common.ForgeConfigSpec/CORE]: Incorrect key compatibility.assetDetectionRadius was corrected from null to its default, 128. 
[10Sep2026 03:20:37.491] [Test worker/DEBUG] [net.minecraftforge.common.ForgeConfigSpec/CORE]: The comment on key compatibility.assetDetectionRadius does not match the spec. This may create a backup.
[10Sep2026 03:20:37.491] [Test worker/WARN] [net.minecraftforge.common.ForgeConfigSpec/CORE]: Incorrect key compatibility.crewedAssetsPerExtraEnemy was corrected from null to its default, 2. 
[10Sep2026 03:20:37.491] [Test worker/DEBUG] [net.minecraftforge.common.ForgeConfigSpec/CORE]: The comment on key compatibility.crewedAssetsPerExtraEnemy does not match the spec. This may create a backup.
[10Sep2026 03:20:37.491] [Test worker/WARN] [net.minecraftforge.common.ForgeConfigSpec/CORE]: Incorrect key compatibility.maximumAssetScalingEnemies was corrected from null to its default, 4. 
[10Sep2026 03:20:37.491] [Test worker/DEBUG] [net.minecraftforge.common.ForgeConfigSpec/CORE]: The comment on key compatibility.maximumAssetScalingEnemies does not match the spec. This may create a backup.
[10Sep2026 03:20:37.491] [Test worker/DEBUG] [net.minecraftforge.common.ForgeConfigSpec/CORE]: The comment on key compatibility does not match the spec. This may create a backup.
[10Sep2026 03:20:37.640] [Test worker/WARN] [net.minecraftforge.common.ForgeConfigSpec/CORE]: Configuration file SimpleCommentedConfig:{} is not correct. Correcting
[10Sep2026 03:20:37.641] [Test worker/WARN] [net.minecraftforge.common.ForgeConfigSpec/CORE]: Incorrect key playerRaids was corrected from null to its default, SimpleCommentedConfig:{}. 
[10Sep2026 03:20:37.641] [Test worker/WARN] [net.minecraftforge.common.ForgeConfigSpec/CORE]: Incorrect key playerRaids.siegeCorpseSeconds was corrected from null to its default, 120. 
[10Sep2026 03:20:37.641] [Test worker/DEBUG] [net.minecraftforge.common.ForgeConfigSpec/CORE]: The comment on key playerRaids.siegeCorpseSeconds does not match the spec. This may create a backup.
[10Sep2026 03:20:37.641] [Test worker/WARN] [net.minecraftforge.common.ForgeConfigSpec/CORE]: Incorrect key playerRaids.emptyCorpseSeconds was corrected from null to its default, 60. 
[10Sep2026 03:20:37.641] [Test worker/DEBUG] [net.minecraftforge.common.ForgeConfigSpec/CORE]: The comment on key playerRaids.emptyCorpseSeconds does not match the spec. This may create a backup.
[10Sep2026 03:20:37.641] [Test worker/WARN] [net.minecraftforge.common.ForgeConfigSpec/CORE]: Incorrect key playerRaids.bankDailyInterestBasisPoints was corrected from null to its default, 100. 
[10Sep2026 03:20:37.641] [Test worker/DEBUG] [net.minecraftforge.common.ForgeConfigSpec/CORE]: The comment on key playerRaids.bankDailyInterestBasisPoints does not match the spec. This may create a backup.
[10Sep2026 03:20:37.641] [Test worker/WARN] [net.minecraftforge.common.ForgeConfigSpec/CORE]: Incorrect key playerRaids.enabled was corrected from null to its default, true. 
[10Sep2026 03:20:37.642] [Test worker/DEBUG] [net.minecraftforge.common.ForgeConfigSpec/CORE]: The comment on key playerRaids.enabled does not match the spec. This may create a backup.
[10Sep2026 03:20:37.642] [Test worker/WARN] [net.minecraftforge.common.ForgeConfigSpec/CORE]: Incorrect key playerRaids.automaticRaids was corrected from null to its default, true. 
[10Sep2026 03:20:37.642] [Test worker/DEBUG] [net.minecraftforge.common.ForgeConfigSpec/CORE]: The comment on key playerRaids.automaticRaids does not match the spec. This may create a backup.
[10Sep2026 03:20:37.642] [Test worker/WARN] [net.minecraftforge.common.ForgeConfigSpec/CORE]: Incorrect key playerRaids.minimumCooldownMinutes was corrected from null to its default, 60. 
[10Sep2026 03:20:37.642] [Test worker/DEBUG] [net.minecraftforge.common.ForgeConfigSpec/CORE]: The comment on key playerRaids.minimumCooldownMinutes does not match the spec. This may create a backup.
[10Sep2026 03:20:37.642] [Test worker/WARN] [net.minecraftforge.common.ForgeConfigSpec/CORE]: Incorrect key playerRaids.maximumCooldownMinutes was corrected from null to its default, 90. 
[10Sep2026 03:20:37.642] [Test worker/DEBUG] [net.minecraftforge.common.ForgeConfigSpec/CORE]: The comment on key playerRaids.maximumCooldownMinutes does not match the spec. This may create a backup.
[10Sep2026 03:20:37.642] [Test worker/WARN] [net.minecraftforge.common.ForgeConfigSpec/CORE]: Incorrect key playerRaids.siegePreparationMinutes was corrected from null to its default, 12. 
[10Sep2026 03:20:37.642] [Test worker/DEBUG] [net.minecraftforge.common.ForgeConfigSpec/CORE]: The comment on key playerRaids.siegePreparationMinutes does not match the spec. This may create a backup.
[10Sep2026 03:20:37.642] [Test worker/WARN] [net.minecraftforge.common.ForgeConfigSpec/CORE]: Incorrect key playerRaids.warningSeconds was corrected from null to its default, 120. 
[10Sep2026 03:20:37.642] [Test worker/DEBUG] [net.minecraftforge.common.ForgeConfigSpec/CORE]: The comment on key playerRaids.warningSeconds does not match the spec. This may create a backup.
[10Sep2026 03:20:37.642] [Test worker/WARN] [net.minecraftforge.common.ForgeConfigSpec/CORE]: Incorrect key playerRaids.waves was corrected from null to its default, 5. 
[10Sep2026 03:20:37.642] [Test worker/DEBUG] [net.minecraftforge.common.ForgeConfigSpec/CORE]: The comment on key playerRaids.waves does not match the spec. This may create a backup.
[10Sep2026 03:20:37.642] [Test worker/WARN] [net.minecraftforge.common.ForgeConfigSpec/CORE]: Incorrect key playerRaids.baseEnemiesPerWave was corrected from null to its default, 10. 
[10Sep2026 03:20:37.643] [Test worker/DEBUG] [net.minecraftforge.common.ForgeConfigSpec/CORE]: The comment on key playerRaids.baseEnemiesPerWave does not match the spec. This may create a backup.
[10Sep2026 03:20:37.643] [Test worker/WARN] [net.minecraftforge.common.ForgeConfigSpec/CORE]: Incorrect key playerRaids.enemiesPerExtraPlayer was corrected from null to its default, 3. 
[10Sep2026 03:20:37.643] [Test worker/DEBUG] [net.minecraftforge.common.ForgeConfigSpec/CORE]: The comment on key playerRaids.enemiesPerExtraPlayer does not match the spec. This may create a backup.
[10Sep2026 03:20:37.643] [Test worker/WARN] [net.minecraftforge.common.ForgeConfigSpec/CORE]: Incorrect key playerRaids.maximumActiveRaiders was corrected from null to its default, 30. 
[10Sep2026 03:20:37.643] [Test worker/DEBUG] [net.minecraftforge.common.ForgeConfigSpec/CORE]: The comment on key playerRaids.maximumActiveRaiders does not match the spec. This may create a backup.
[10Sep2026 03:20:37.643] [Test worker/WARN] [net.minecraftforge.common.ForgeConfigSpec/CORE]: Incorrect key playerRaids.maximumGlobalRaiders was corrected from null to its default, 35. 
[10Sep2026 03:20:37.643] [Test worker/DEBUG] [net.minecraftforge.common.ForgeConfigSpec/CORE]: The comment on key playerRaids.maximumGlobalRaiders does not match the spec. This may create a backup.
[10Sep2026 03:20:37.643] [Test worker/WARN] [net.minecraftforge.common.ForgeConfigSpec/CORE]: Incorrect key playerRaids.maximumConcurrentRaids was corrected from null to its default, 1. 
[10Sep2026 03:20:37.643] [Test worker/DEBUG] [net.minecraftforge.common.ForgeConfigSpec/CORE]: The comment on key playerRaids.maximumConcurrentRaids does not match the spec. This may create a backup.
[10Sep2026 03:20:37.643] [Test worker/WARN] [net.minecraftforge.common.ForgeConfigSpec/CORE]: Incorrect key playerRaids.timeBetweenWavesSeconds was corrected from null to its default, 45. 
[10Sep2026 03:20:37.643] [Test worker/DEBUG] [net.minecraftforge.common.ForgeConfigSpec/CORE]: The comment on key playerRaids.timeBetweenWavesSeconds does not match the spec. This may create a backup.
[10Sep2026 03:20:37.643] [Test worker/WARN] [net.minecraftforge.common.ForgeConfigSpec/CORE]: Incorrect key playerRaids.minimumSpawnDistance was corrected from null to its default, 48. 
[10Sep2026 03:20:37.643] [Test worker/DEBUG] [net.minecraftforge.common.ForgeConfigSpec/CORE]: The comment on key playerRaids.minimumSpawnDistance does not match the spec. This may create a backup.
[10Sep2026 03:20:37.644] [Test worker/WARN] [net.minecraftforge.common.ForgeConfigSpec/CORE]: Incorrect key playerRaids.maximumSpawnDistance was corrected from null to its default, 72. 
[10Sep2026 03:20:37.644] [Test worker/DEBUG] [net.minecraftforge.common.ForgeConfigSpec/CORE]: The comment on key playerRaids.maximumSpawnDistance does not match the spec. This may create a backup.
[10Sep2026 03:20:37.644] [Test worker/WARN] [net.minecraftforge.common.ForgeConfigSpec/CORE]: Incorrect key playerRaids.defenseRadius was corrected from null to its default, 160. 
[10Sep2026 03:20:37.644] [Test worker/DEBUG] [net.minecraftforge.common.ForgeConfigSpec/CORE]: The comment on key playerRaids.defenseRadius does not match the spec. This may create a backup.
[10Sep2026 03:20:37.644] [Test worker/WARN] [net.minecraftforge.common.ForgeConfigSpec/CORE]: Incorrect key playerRaids.aggroRadius was corrected from null to its default, 40. 
[10Sep2026 03:20:37.645] [Test worker/DEBUG] [net.minecraftforge.common.ForgeConfigSpec/CORE]: The comment on key playerRaids.aggroRadius does not match the spec. This may create a backup.
[10Sep2026 03:20:37.645] [Test worker/WARN] [net.minecraftforge.common.ForgeConfigSpec/CORE]: Incorrect key playerRaids.offAxisDriftLimit was corrected from null to its default, 24. 
[10Sep2026 03:20:37.645] [Test worker/DEBUG] [net.minecraftforge.common.ForgeConfigSpec/CORE]: The comment on key playerRaids.offAxisDriftLimit does not match the spec. This may create a backup.
[10Sep2026 03:20:37.645] [Test worker/WARN] [net.minecraftforge.common.ForgeConfigSpec/CORE]: Incorrect key playerRaids.breachersIgnoreDefenders was corrected from null to its default, true. 
[10Sep2026 03:20:37.645] [Test worker/DEBUG] [net.minecraftforge.common.ForgeConfigSpec/CORE]: The comment on key playerRaids.breachersIgnoreDefenders does not match the spec. This may create a backup.
[10Sep2026 03:20:37.647] [Test worker/WARN] [net.minecraftforge.common.ForgeConfigSpec/CORE]: Incorrect key playerRaids.stuckDetectionEnabled was corrected from null to its default, true. 
[10Sep2026 03:20:37.648] [Test worker/DEBUG] [net.minecraftforge.common.ForgeConfigSpec/CORE]: The comment on key playerRaids.stuckDetectionEnabled does not match the spec. This may create a backup.
[10Sep2026 03:20:37.649] [Test worker/WARN] [net.minecraftforge.common.ForgeConfigSpec/CORE]: Incorrect key playerRaids.stuckEscalationSeconds was corrected from null to its default, 5. 
[10Sep2026 03:20:37.649] [Test worker/DEBUG] [net.minecraftforge.common.ForgeConfigSpec/CORE]: The comment on key playerRaids.stuckEscalationSeconds does not match the spec. This may create a backup.
[10Sep2026 03:20:37.649] [Test worker/WARN] [net.minecraftforge.common.ForgeConfigSpec/CORE]: Incorrect key playerRaids.innerAggroMultiplier was corrected from null to its default, 2.0. 
[10Sep2026 03:20:37.652] [Test worker/DEBUG] [net.minecraftforge.common.ForgeConfigSpec/CORE]: The comment on key playerRaids.innerAggroMultiplier does not match the spec. This may create a backup.
[10Sep2026 03:20:37.653] [Test worker/WARN] [net.minecraftforge.common.ForgeConfigSpec/CORE]: Incorrect key playerRaids.forceRepathWhenIdle was corrected from null to its default, true. 
[10Sep2026 03:20:37.653] [Test worker/DEBUG] [net.minecraftforge.common.ForgeConfigSpec/CORE]: The comment on key playerRaids.forceRepathWhenIdle does not match the spec. This may create a backup.
[10Sep2026 03:20:37.653] [Test worker/WARN] [net.minecraftforge.common.ForgeConfigSpec/CORE]: Incorrect key playerRaids.coneFallbackEnabled was corrected from null to its default, true. 
[10Sep2026 03:20:37.653] [Test worker/DEBUG] [net.minecraftforge.common.ForgeConfigSpec/CORE]: The comment on key playerRaids.coneFallbackEnabled does not match the spec. This may create a backup.
[10Sep2026 03:20:37.653] [Test worker/WARN] [net.minecraftforge.common.ForgeConfigSpec/CORE]: Incorrect key playerRaids.coneFallbackRadius was corrected from null to its default, 16. 
[10Sep2026 03:20:37.653] [Test worker/DEBUG] [net.minecraftforge.common.ForgeConfigSpec/CORE]: The comment on key playerRaids.coneFallbackRadius does not match the spec. This may create a backup.
[10Sep2026 03:20:37.653] [Test worker/WARN] [net.minecraftforge.common.ForgeConfigSpec/CORE]: Incorrect key playerRaids.coneFallbackVertical was corrected from null to its default, 7. 
[10Sep2026 03:20:37.653] [Test worker/DEBUG] [net.minecraftforge.common.ForgeConfigSpec/CORE]: The comment on key playerRaids.coneFallbackVertical does not match the spec. This may create a backup.
[10Sep2026 03:20:37.653] [Test worker/WARN] [net.minecraftforge.common.ForgeConfigSpec/CORE]: Incorrect key playerRaids.parkourEnabled was corrected from null to its default, true. 
[10Sep2026 03:20:37.653] [Test worker/DEBUG] [net.minecraftforge.common.ForgeConfigSpec/CORE]: The comment on key playerRaids.parkourEnabled does not match the spec. This may create a backup.
[10Sep2026 03:20:37.653] [Test worker/WARN] [net.minecraftforge.common.ForgeConfigSpec/CORE]: Incorrect key playerRaids.parkourMaxForward was corrected from null to its default, 3. 
[10Sep2026 03:20:37.654] [Test worker/DEBUG] [net.minecraftforge.common.ForgeConfigSpec/CORE]: The comment on key playerRaids.parkourMaxForward does not match the spec. This may create a backup.
[10Sep2026 03:20:37.654] [Test worker/WARN] [net.minecraftforge.common.ForgeConfigSpec/CORE]: Incorrect key playerRaids.avoidHazards was corrected from null to its default, true. 
[10Sep2026 03:20:37.654] [Test worker/DEBUG] [net.minecraftforge.common.ForgeConfigSpec/CORE]: The comment on key playerRaids.avoidHazards does not match the spec. This may create a backup.
[10Sep2026 03:20:37.654] [Test worker/WARN] [net.minecraftforge.common.ForgeConfigSpec/CORE]: Incorrect key playerRaids.shoutToAllies was corrected from null to its default, true. 
[10Sep2026 03:20:37.654] [Test worker/DEBUG] [net.minecraftforge.common.ForgeConfigSpec/CORE]: The comment on key playerRaids.shoutToAllies does not match the spec. This may create a backup.
[10Sep2026 03:20:37.654] [Test worker/WARN] [net.minecraftforge.common.ForgeConfigSpec/CORE]: Incorrect key playerRaids.shoutRadius was corrected from null to its default, 16. 
[10Sep2026 03:20:37.654] [Test worker/DEBUG] [net.minecraftforge.common.ForgeConfigSpec/CORE]: The comment on key playerRaids.shoutRadius does not match the spec. This may create a backup.
[10Sep2026 03:20:37.654] [Test worker/WARN] [net.minecraftforge.common.ForgeConfigSpec/CORE]: Incorrect key playerRaids.scoutingEnabled was corrected from null to its default, true. 
[10Sep2026 03:20:37.654] [Test worker/DEBUG] [net.minecraftforge.common.ForgeConfigSpec/CORE]: The comment on key playerRaids.scoutingEnabled does not match the spec. This may create a backup.
[10Sep2026 03:20:37.654] [Test worker/WARN] [net.minecraftforge.common.ForgeConfigSpec/CORE]: Incorrect key playerRaids.scoutPartySize was corrected from null to its default, 2. 
[10Sep2026 03:20:37.654] [Test worker/DEBUG] [net.minecraftforge.common.ForgeConfigSpec/CORE]: The comment on key playerRaids.scoutPartySize does not match the spec. This may create a backup.
[10Sep2026 03:20:37.654] [Test worker/WARN] [net.minecraftforge.common.ForgeConfigSpec/CORE]: Incorrect key playerRaids.scoutSpawnDistance was corrected from null to its default, 100. 
[10Sep2026 03:20:37.655] [Test worker/DEBUG] [net.minecraftforge.common.ForgeConfigSpec/CORE]: The comment on key playerRaids.scoutSpawnDistance does not match the spec. This may create a backup.
[10Sep2026 03:20:37.655] [Test worker/WARN] [net.minecraftforge.common.ForgeConfigSpec/CORE]: Incorrect key playerRaids.scoutObserveSeconds was corrected from null to its default, 45. 
[10Sep2026 03:20:37.655] [Test worker/DEBUG] [net.minecraftforge.common.ForgeConfigSpec/CORE]: The comment on key playerRaids.scoutObserveSeconds does not match the spec. This may create a backup.
[10Sep2026 03:20:37.655] [Test worker/WARN] [net.minecraftforge.common.ForgeConfigSpec/CORE]: Incorrect key playerRaids.scoutDropIntelLetter was corrected from null to its default, true. 
[10Sep2026 03:20:37.655] [Test worker/DEBUG] [net.minecraftforge.common.ForgeConfigSpec/CORE]: The comment on key playerRaids.scoutDropIntelLetter does not match the spec. This may create a backup.
[10Sep2026 03:20:37.655] [Test worker/WARN] [net.minecraftforge.common.ForgeConfigSpec/CORE]: Incorrect key playerRaids.claimAwareAnchors was corrected from null to its default, true. 
[10Sep2026 03:20:37.655] [Test worker/DEBUG] [net.minecraftforge.common.ForgeConfigSpec/CORE]: The comment on key playerRaids.claimAwareAnchors does not match the spec. This may create a backup.
[10Sep2026 03:20:37.655] [Test worker/WARN] [net.minecraftforge.common.ForgeConfigSpec/CORE]: Incorrect key playerRaids.useClaimCenterAsDefensePoint was corrected from null to its default, true. 
[10Sep2026 03:20:37.655] [Test worker/DEBUG] [net.minecraftforge.common.ForgeConfigSpec/CORE]: The comment on key playerRaids.useClaimCenterAsDefensePoint does not match the spec. This may create a backup.
[10Sep2026 03:20:37.655] [Test worker/WARN] [net.minecraftforge.common.ForgeConfigSpec/CORE]: Incorrect key playerRaids.respectDefenderClaims was corrected from null to its default, true. 
[10Sep2026 03:20:37.655] [Test worker/DEBUG] [net.minecraftforge.common.ForgeConfigSpec/CORE]: The comment on key playerRaids.respectDefenderClaims does not match the spec. This may create a backup.
[10Sep2026 03:20:37.655] [Test worker/WARN] [net.minecraftforge.common.ForgeConfigSpec/CORE]: Incorrect key playerRaids.respectForeignClaims was corrected from null to its default, true. 
[10Sep2026 03:20:37.655] [Test worker/DEBUG] [net.minecraftforge.common.ForgeConfigSpec/CORE]: The comment on key playerRaids.respectForeignClaims does not match the spec. This may create a backup.
[10Sep2026 03:20:37.656] [Test worker/WARN] [net.minecraftforge.common.ForgeConfigSpec/CORE]: Incorrect key playerRaids.raiderHealthMultiplier was corrected from null to its default, 1.0. 
[10Sep2026 03:20:37.656] [Test worker/DEBUG] [net.minecraftforge.common.ForgeConfigSpec/CORE]: The comment on key playerRaids.raiderHealthMultiplier does not match the spec. This may create a backup.
[10Sep2026 03:20:37.656] [Test worker/WARN] [net.minecraftforge.common.ForgeConfigSpec/CORE]: Incorrect key playerRaids.raiderDamageMultiplier was corrected from null to its default, 1.0. 
[10Sep2026 03:20:37.656] [Test worker/DEBUG] [net.minecraftforge.common.ForgeConfigSpec/CORE]: The comment on key playerRaids.raiderDamageMultiplier does not match the spec. This may create a backup.
[10Sep2026 03:20:37.656] [Test worker/WARN] [net.minecraftforge.common.ForgeConfigSpec/CORE]: Incorrect key playerRaids.raiderXpMultiplier was corrected from null to its default, 1.0. 
[10Sep2026 03:20:37.656] [Test worker/DEBUG] [net.minecraftforge.common.ForgeConfigSpec/CORE]: The comment on key playerRaids.raiderXpMultiplier does not match the spec. This may create a backup.
[10Sep2026 03:20:37.656] [Test worker/DEBUG] [net.minecraftforge.common.ForgeConfigSpec/CORE]: List on key civilianMobAllowlist is deemed to need correction, as it is null or not a list.
[10Sep2026 03:20:37.656] [Test worker/WARN] [net.minecraftforge.common.ForgeConfigSpec/CORE]: Incorrect key playerRaids.civilianMobAllowlist was corrected from null to its default, [mca:male_villager, mca:female_villager]. 
[10Sep2026 03:20:37.656] [Test worker/DEBUG] [net.minecraftforge.common.ForgeConfigSpec/CORE]: The comment on key playerRaids.civilianMobAllowlist does not match the spec. This may create a backup.
[10Sep2026 03:20:37.656] [Test worker/WARN] [net.minecraftforge.common.ForgeConfigSpec/CORE]: Incorrect key playerRaids.bridgeSiegesEnabled was corrected from null to its default, true. 
[10Sep2026 03:20:37.656] [Test worker/DEBUG] [net.minecraftforge.common.ForgeConfigSpec/CORE]: The comment on key playerRaids.bridgeSiegesEnabled does not match the spec. This may create a backup.
[10Sep2026 03:20:37.656] [Test worker/WARN] [net.minecraftforge.common.ForgeConfigSpec/CORE]: Incorrect key playerRaids.raiderLabelMode was corrected from null to its default, PROXIMITY. 
[10Sep2026 03:20:37.656] [Test worker/DEBUG] [net.minecraftforge.common.ForgeConfigSpec/CORE]: The comment on key playerRaids.raiderLabelMode does not match the spec. This may create a backup.
[10Sep2026 03:20:37.656] [Test worker/WARN] [net.minecraftforge.common.ForgeConfigSpec/CORE]: Incorrect key playerRaids.raiderLabelRadius was corrected from null to its default, 24. 
[10Sep2026 03:20:37.657] [Test worker/DEBUG] [net.minecraftforge.common.ForgeConfigSpec/CORE]: The comment on key playerRaids.raiderLabelRadius does not match the spec. This may create a backup.
[10Sep2026 03:20:37.657] [Test worker/WARN] [net.minecraftforge.common.ForgeConfigSpec/CORE]: Incorrect key playerRaids.raiderGlow was corrected from null to its default, true. 
[10Sep2026 03:20:37.657] [Test worker/DEBUG] [net.minecraftforge.common.ForgeConfigSpec/CORE]: The comment on key playerRaids.raiderGlow does not match the spec. This may create a backup.
[10Sep2026 03:20:37.657] [Test worker/WARN] [net.minecraftforge.common.ForgeConfigSpec/CORE]: Incorrect key playerRaids.commanderBossbarEnabled was corrected from null to its default, true. 
[10Sep2026 03:20:37.657] [Test worker/DEBUG] [net.minecraftforge.common.ForgeConfigSpec/CORE]: The comment on key playerRaids.commanderBossbarEnabled does not match the spec. This may create a backup.
[10Sep2026 03:20:37.657] [Test worker/WARN] [net.minecraftforge.common.ForgeConfigSpec/CORE]: Incorrect key playerRaids.commanderBossbarRadius was corrected from null to its default, 24. 
[10Sep2026 03:20:37.658] [Test worker/DEBUG] [net.minecraftforge.common.ForgeConfigSpec/CORE]: The comment on key playerRaids.commanderBossbarRadius does not match the spec. This may create a backup.
[10Sep2026 03:20:37.658] [Test worker/WARN] [net.minecraftforge.common.ForgeConfigSpec/CORE]: Incorrect key playerRaids.claimWaypointsEnabled was corrected from null to its default, true. 
[10Sep2026 03:20:37.658] [Test worker/DEBUG] [net.minecraftforge.common.ForgeConfigSpec/CORE]: The comment on key playerRaids.claimWaypointsEnabled does not match the spec. This may create a backup.
[10Sep2026 03:20:37.658] [Test worker/WARN] [net.minecraftforge.common.ForgeConfigSpec/CORE]: Incorrect key playerRaids.claimWaypointsNearRadius was corrected from null to its default, 48. 
[10Sep2026 03:20:37.658] [Test worker/DEBUG] [net.minecraftforge.common.ForgeConfigSpec/CORE]: The comment on key playerRaids.claimWaypointsNearRadius does not match the spec. This may create a backup.
[10Sep2026 03:20:37.658] [Test worker/WARN] [net.minecraftforge.common.ForgeConfigSpec/CORE]: Incorrect key playerRaids.claimWaypointsSamplePitch was corrected from null to its default, 4. 
[10Sep2026 03:20:37.658] [Test worker/DEBUG] [net.minecraftforge.common.ForgeConfigSpec/CORE]: The comment on key playerRaids.claimWaypointsSamplePitch does not match the spec. This may create a backup.
[10Sep2026 03:20:37.658] [Test worker/WARN] [net.minecraftforge.common.ForgeConfigSpec/CORE]: Incorrect key playerRaids.hudEnabled was corrected from null to its default, true. 
[10Sep2026 03:20:37.658] [Test worker/DEBUG] [net.minecraftforge.common.ForgeConfigSpec/CORE]: The comment on key playerRaids.hudEnabled does not match the spec. This may create a backup.
[10Sep2026 03:20:37.658] [Test worker/WARN] [net.minecraftforge.common.ForgeConfigSpec/CORE]: Incorrect key playerRaids.objectiveBeacon was corrected from null to its default, true. 
[10Sep2026 03:20:37.659] [Test worker/DEBUG] [net.minecraftforge.common.ForgeConfigSpec/CORE]: The comment on key playerRaids.objectiveBeacon does not match the spec. This may create a backup.
[10Sep2026 03:20:37.659] [Test worker/WARN] [net.minecraftforge.common.ForgeConfigSpec/CORE]: Incorrect key playerRaids.physicalBreaching was corrected from null to its default, true. 
[10Sep2026 03:20:37.660] [Test worker/DEBUG] [net.minecraftforge.common.ForgeConfigSpec/CORE]: The comment on key playerRaids.physicalBreaching does not match the spec. This may create a backup.
[10Sep2026 03:20:37.660] [Test worker/WARN] [net.minecraftforge.common.ForgeConfigSpec/CORE]: Incorrect key playerRaids.abandonDefeatMinutes was corrected from null to its default, 0. 
[10Sep2026 03:20:37.660] [Test worker/DEBUG] [net.minecraftforge.common.ForgeConfigSpec/CORE]: The comment on key playerRaids.abandonDefeatMinutes does not match the spec. This may create a backup.
[10Sep2026 03:20:37.660] [Test worker/WARN] [net.minecraftforge.common.ForgeConfigSpec/CORE]: Incorrect key playerRaids.missingEntityGraceSeconds was corrected from null to its default, 600. 
[10Sep2026 03:20:37.660] [Test worker/DEBUG] [net.minecraftforge.common.ForgeConfigSpec/CORE]: The comment on key playerRaids.missingEntityGraceSeconds does not match the spec. This may create a backup.
[10Sep2026 03:20:37.660] [Test worker/WARN] [net.minecraftforge.common.ForgeConfigSpec/CORE]: Incorrect key playerRaids.spawnRetrySeconds was corrected from null to its default, 20. 
[10Sep2026 03:20:37.660] [Test worker/DEBUG] [net.minecraftforge.common.ForgeConfigSpec/CORE]: The comment on key playerRaids.spawnRetrySeconds does not match the spec. This may create a backup.
[10Sep2026 03:20:37.660] [Test worker/WARN] [net.minecraftforge.common.ForgeConfigSpec/CORE]: Incorrect key playerRaids.minimumTpsToSpawn was corrected from null to its default, 15.0. 
[10Sep2026 03:20:37.661] [Test worker/DEBUG] [net.minecraftforge.common.ForgeConfigSpec/CORE]: The comment on key playerRaids.minimumTpsToSpawn does not match the spec. This may create a backup.
[10Sep2026 03:20:37.661] [Test worker/WARN] [net.minecraftforge.common.ForgeConfigSpec/CORE]: Incorrect key playerRaids.pauseSpawningBelowTps was corrected from null to its default, false. 
[10Sep2026 03:20:37.661] [Test worker/DEBUG] [net.minecraftforge.common.ForgeConfigSpec/CORE]: The comment on key playerRaids.pauseSpawningBelowTps does not match the spec. This may create a backup.
[10Sep2026 03:20:37.661] [Test worker/WARN] [net.minecraftforge.common.ForgeConfigSpec/CORE]: Incorrect key playerRaids.minimumTpsSustainedTicks was corrected from null to its default, 5. 
[10Sep2026 03:20:37.661] [Test worker/DEBUG] [net.minecraftforge.common.ForgeConfigSpec/CORE]: The comment on key playerRaids.minimumTpsSustainedTicks does not match the spec. This may create a backup.
[10Sep2026 03:20:37.661] [Test worker/WARN] [net.minecraftforge.common.ForgeConfigSpec/CORE]: Incorrect key playerRaids.pauseWhenFactionOffline was corrected from null to its default, true. 
[10Sep2026 03:20:37.661] [Test worker/DEBUG] [net.minecraftforge.common.ForgeConfigSpec/CORE]: The comment on key playerRaids.pauseWhenFactionOffline does not match the spec. This may create a backup.
[10Sep2026 03:20:37.661] [Test worker/WARN] [net.minecraftforge.common.ForgeConfigSpec/CORE]: Incorrect key playerRaids.ownerOnlyManagement was corrected from null to its default, true. 
[10Sep2026 03:20:37.665] [Test worker/DEBUG] [net.minecraftforge.common.ForgeConfigSpec/CORE]: The comment on key playerRaids.ownerOnlyManagement does not match the spec. This may create a backup.
[10Sep2026 03:20:37.665] [Test worker/WARN] [net.minecraftforge.common.ForgeConfigSpec/CORE]: Incorrect key playerRaids.glowFinalEnemies was corrected from null to its default, true. 
[10Sep2026 03:20:37.665] [Test worker/DEBUG] [net.minecraftforge.common.ForgeConfigSpec/CORE]: The comment on key playerRaids.glowFinalEnemies does not match the spec. This may create a backup.
[10Sep2026 03:20:37.665] [Test worker/WARN] [net.minecraftforge.common.ForgeConfigSpec/CORE]: Incorrect key playerRaids.victoryExperiencePerPlayer was corrected from null to its default, 250. 
[10Sep2026 03:20:37.665] [Test worker/DEBUG] [net.minecraftforge.common.ForgeConfigSpec/CORE]: The comment on key playerRaids.victoryExperiencePerPlayer does not match the spec. This may create a backup.
[10Sep2026 03:20:37.665] [Test worker/WARN] [net.minecraftforge.common.ForgeConfigSpec/CORE]: Incorrect key playerRaids.victoryLootEnabled was corrected from null to its default, true. 
[10Sep2026 03:20:37.665] [Test worker/DEBUG] [net.minecraftforge.common.ForgeConfigSpec/CORE]: The comment on key playerRaids.victoryLootEnabled does not match the spec. This may create a backup.
[10Sep2026 03:20:37.665] [Test worker/WARN] [net.minecraftforge.common.ForgeConfigSpec/CORE]: Incorrect key playerRaids.victoryLootTable was corrected from null to its default, siegeoverhaul:gameplay/invasion_victory. 
[10Sep2026 03:20:37.666] [Test worker/DEBUG] [net.minecraftforge.common.ForgeConfigSpec/CORE]: The comment on key playerRaids.victoryLootTable does not match the spec. This may create a backup.
[10Sep2026 03:20:37.666] [Test worker/WARN] [net.minecraftforge.common.ForgeConfigSpec/CORE]: Incorrect key playerRaids.maximumRosterMembers was corrected from null to its default, 16. 
[10Sep2026 03:20:37.666] [Test worker/DEBUG] [net.minecraftforge.common.ForgeConfigSpec/CORE]: The comment on key playerRaids.maximumRosterMembers does not match the spec. This may create a backup.
[10Sep2026 03:20:37.666] [Test worker/WARN] [net.minecraftforge.common.ForgeConfigSpec/CORE]: Incorrect key playerRaids.maximumDefensePoints was corrected from null to its default, 4. 
[10Sep2026 03:20:37.666] [Test worker/DEBUG] [net.minecraftforge.common.ForgeConfigSpec/CORE]: The comment on key playerRaids.maximumDefensePoints does not match the spec. This may create a backup.
[10Sep2026 03:20:37.666] [Test worker/WARN] [net.minecraftforge.common.ForgeConfigSpec/CORE]: Incorrect key playerRaids.enableIllusioners was corrected from null to its default, true. 
[10Sep2026 03:20:37.666] [Test worker/DEBUG] [net.minecraftforge.common.ForgeConfigSpec/CORE]: The comment on key playerRaids.enableIllusioners does not match the spec. This may create a backup.
[10Sep2026 03:20:37.666] [Test worker/WARN] [net.minecraftforge.common.ForgeConfigSpec/CORE]: Incorrect key playerRaids.protectVillagers was corrected from null to its default, true. 
[10Sep2026 03:20:37.666] [Test worker/DEBUG] [net.minecraftforge.common.ForgeConfigSpec/CORE]: The comment on key playerRaids.protectVillagers does not match the spec. This may create a backup.
[10Sep2026 03:20:37.666] [Test worker/WARN] [net.minecraftforge.common.ForgeConfigSpec/CORE]: Incorrect key playerRaids.announceGlobally was corrected from null to its default, false. 
[10Sep2026 03:20:37.666] [Test worker/DEBUG] [net.minecraftforge.common.ForgeConfigSpec/CORE]: The comment on key playerRaids.announceGlobally does not match the spec. This may create a backup.
[10Sep2026 03:20:37.666] [Test worker/WARN] [net.minecraftforge.common.ForgeConfigSpec/CORE]: Incorrect key playerRaids.requirePlayerNearAnchor was corrected from null to its default, true. 
[10Sep2026 03:20:37.666] [Test worker/DEBUG] [net.minecraftforge.common.ForgeConfigSpec/CORE]: The comment on key playerRaids.requirePlayerNearAnchor does not match the spec. This may create a backup.
[10Sep2026 03:20:37.666] [Test worker/WARN] [net.minecraftforge.common.ForgeConfigSpec/CORE]: Incorrect key playerRaids.automaticPlayerHomes was corrected from null to its default, true. 
[10Sep2026 03:20:37.666] [Test worker/DEBUG] [net.minecraftforge.common.ForgeConfigSpec/CORE]: The comment on key playerRaids.automaticPlayerHomes does not match the spec. This may create a backup.
[10Sep2026 03:20:37.666] [Test worker/WARN] [net.minecraftforge.common.ForgeConfigSpec/CORE]: Incorrect key playerRaids.followRespawnPoint was corrected from null to its default, true. 
[10Sep2026 03:20:37.667] [Test worker/DEBUG] [net.minecraftforge.common.ForgeConfigSpec/CORE]: The comment on key playerRaids.followRespawnPoint does not match the spec. This may create a backup.
[10Sep2026 03:20:37.667] [Test worker/WARN] [net.minecraftforge.common.ForgeConfigSpec/CORE]: Incorrect key playerRaids.mobilizeRecruits was corrected from null to its default, true. 
[10Sep2026 03:20:37.667] [Test worker/DEBUG] [net.minecraftforge.common.ForgeConfigSpec/CORE]: The comment on key playerRaids.mobilizeRecruits does not match the spec. This may create a backup.
[10Sep2026 03:20:37.667] [Test worker/WARN] [net.minecraftforge.common.ForgeConfigSpec/CORE]: Incorrect key playerRaids.recruitMobilizationRadius was corrected from null to its default, 128. 
[10Sep2026 03:20:37.667] [Test worker/DEBUG] [net.minecraftforge.common.ForgeConfigSpec/CORE]: The comment on key playerRaids.recruitMobilizationRadius does not match the spec. This may create a backup.
[10Sep2026 03:20:37.667] [Test worker/WARN] [net.minecraftforge.common.ForgeConfigSpec/CORE]: Incorrect key playerRaids.coreCaptureRadius was corrected from null to its default, 10. 
[10Sep2026 03:20:37.667] [Test worker/DEBUG] [net.minecraftforge.common.ForgeConfigSpec/CORE]: The comment on key playerRaids.coreCaptureRadius does not match the spec. This may create a backup.
[10Sep2026 03:20:37.667] [Test worker/WARN] [net.minecraftforge.common.ForgeConfigSpec/CORE]: Incorrect key playerRaids.coreRecaptureSeconds was corrected from null to its default, 120. 
[10Sep2026 03:20:37.667] [Test worker/DEBUG] [net.minecraftforge.common.ForgeConfigSpec/CORE]: The comment on key playerRaids.coreRecaptureSeconds does not match the spec. This may create a backup.
[10Sep2026 03:20:37.667] [Test worker/WARN] [net.minecraftforge.common.ForgeConfigSpec/CORE]: Incorrect key playerRaids.captureRadius was corrected from null to its default, 18. 
[10Sep2026 03:20:37.667] [Test worker/DEBUG] [net.minecraftforge.common.ForgeConfigSpec/CORE]: The comment on key playerRaids.captureRadius does not match the spec. This may create a backup.
[10Sep2026 03:20:37.667] [Test worker/WARN] [net.minecraftforge.common.ForgeConfigSpec/CORE]: Incorrect key playerRaids.captureTimeSeconds was corrected from null to its default, 120. 
[10Sep2026 03:20:37.667] [Test worker/DEBUG] [net.minecraftforge.common.ForgeConfigSpec/CORE]: The comment on key playerRaids.captureTimeSeconds does not match the spec. This may create a backup.
[10Sep2026 03:20:37.667] [Test worker/WARN] [net.minecraftforge.common.ForgeConfigSpec/CORE]: Incorrect key playerRaids.enableStragglerRescue was corrected from null to its default, true. 
[10Sep2026 03:20:37.667] [Test worker/DEBUG] [net.minecraftforge.common.ForgeConfigSpec/CORE]: The comment on key playerRaids.enableStragglerRescue does not match the spec. This may create a backup.
[10Sep2026 03:20:37.667] [Test worker/WARN] [net.minecraftforge.common.ForgeConfigSpec/CORE]: Incorrect key playerRaids.enableEffortBonus was corrected from null to its default, true. 
[10Sep2026 03:20:37.668] [Test worker/DEBUG] [net.minecraftforge.common.ForgeConfigSpec/CORE]: The comment on key playerRaids.enableEffortBonus does not match the spec. This may create a backup.
[10Sep2026 03:20:37.668] [Test worker/WARN] [net.minecraftforge.common.ForgeConfigSpec/CORE]: Incorrect key playerRaids.effortKillBonusSeconds was corrected from null to its default, 5. 
[10Sep2026 03:20:37.668] [Test worker/DEBUG] [net.minecraftforge.common.ForgeConfigSpec/CORE]: The comment on key playerRaids.effortKillBonusSeconds does not match the spec. This may create a backup.
[10Sep2026 03:20:37.668] [Test worker/WARN] [net.minecraftforge.common.ForgeConfigSpec/CORE]: Incorrect key playerRaids.effortBreachBonusSeconds was corrected from null to its default, 2. 
[10Sep2026 03:20:37.668] [Test worker/DEBUG] [net.minecraftforge.common.ForgeConfigSpec/CORE]: The comment on key playerRaids.effortBreachBonusSeconds does not match the spec. This may create a backup.
[10Sep2026 03:20:37.668] [Test worker/WARN] [net.minecraftforge.common.ForgeConfigSpec/CORE]: Incorrect key playerRaids.effortMaxBonusSeconds was corrected from null to its default, 30. 
[10Sep2026 03:20:37.668] [Test worker/DEBUG] [net.minecraftforge.common.ForgeConfigSpec/CORE]: The comment on key playerRaids.effortMaxBonusSeconds does not match the spec. This may create a backup.
[10Sep2026 03:20:37.668] [Test worker/WARN] [net.minecraftforge.common.ForgeConfigSpec/CORE]: Incorrect key playerRaids.captureDecayPerSecond was corrected from null to its default, 2. 
[10Sep2026 03:20:37.668] [Test worker/DEBUG] [net.minecraftforge.common.ForgeConfigSpec/CORE]: The comment on key playerRaids.captureDecayPerSecond does not match the spec. This may create a backup.
[10Sep2026 03:20:37.668] [Test worker/WARN] [net.minecraftforge.common.ForgeConfigSpec/CORE]: Incorrect key playerRaids.enableBreachPhase was corrected from null to its default, true. 
[10Sep2026 03:20:37.668] [Test worker/DEBUG] [net.minecraftforge.common.ForgeConfigSpec/CORE]: The comment on key playerRaids.enableBreachPhase does not match the spec. This may create a backup.
[10Sep2026 03:20:37.668] [Test worker/WARN] [net.minecraftforge.common.ForgeConfigSpec/CORE]: Incorrect key playerRaids.breachRadius was corrected from null to its default, 36. 
[10Sep2026 03:20:37.668] [Test worker/DEBUG] [net.minecraftforge.common.ForgeConfigSpec/CORE]: The comment on key playerRaids.breachRadius does not match the spec. This may create a backup.
[10Sep2026 03:20:37.668] [Test worker/WARN] [net.minecraftforge.common.ForgeConfigSpec/CORE]: Incorrect key playerRaids.breachTimeSeconds was corrected from null to its default, 45. 
[10Sep2026 03:20:37.669] [Test worker/DEBUG] [net.minecraftforge.common.ForgeConfigSpec/CORE]: The comment on key playerRaids.breachTimeSeconds does not match the spec. This may create a backup.
[10Sep2026 03:20:37.669] [Test worker/WARN] [net.minecraftforge.common.ForgeConfigSpec/CORE]: Incorrect key playerRaids.breachDecayPerSecond was corrected from null to its default, 2. 
[10Sep2026 03:20:37.669] [Test worker/DEBUG] [net.minecraftforge.common.ForgeConfigSpec/CORE]: The comment on key playerRaids.breachDecayPerSecond does not match the spec. This may create a backup.
[10Sep2026 03:20:37.669] [Test worker/WARN] [net.minecraftforge.common.ForgeConfigSpec/CORE]: Incorrect key playerRaids.breachObjectiveRadius was corrected from null to its default, 10. 
[10Sep2026 03:20:37.669] [Test worker/DEBUG] [net.minecraftforge.common.ForgeConfigSpec/CORE]: The comment on key playerRaids.breachObjectiveRadius does not match the spec. This may create a backup.
[10Sep2026 03:20:37.669] [Test worker/WARN] [net.minecraftforge.common.ForgeConfigSpec/CORE]: Incorrect key playerRaids.useVillagerRecruitsArmy was corrected from null to its default, true. 
[10Sep2026 03:20:37.669] [Test worker/DEBUG] [net.minecraftforge.common.ForgeConfigSpec/CORE]: The comment on key playerRaids.useVillagerRecruitsArmy does not match the spec. This may create a backup.
[10Sep2026 03:20:37.669] [Test worker/WARN] [net.minecraftforge.common.ForgeConfigSpec/CORE]: Incorrect key playerRaids.levelCampTerrain was corrected from null to its default, true. 
[10Sep2026 03:20:37.669] [Test worker/DEBUG] [net.minecraftforge.common.ForgeConfigSpec/CORE]: The comment on key playerRaids.levelCampTerrain does not match the spec. This may create a backup.
[10Sep2026 03:20:37.669] [Test worker/WARN] [net.minecraftforge.common.ForgeConfigSpec/CORE]: Incorrect key playerRaids.buildTemporaryWarCamps was corrected from null to its default, true. 
[10Sep2026 03:20:37.669] [Test worker/DEBUG] [net.minecraftforge.common.ForgeConfigSpec/CORE]: The comment on key playerRaids.buildTemporaryWarCamps does not match the spec. This may create a backup.
[10Sep2026 03:20:37.669] [Test worker/WARN] [net.minecraftforge.common.ForgeConfigSpec/CORE]: Incorrect key playerRaids.campDestructibleStructures was corrected from null to its default, true. 
[10Sep2026 03:20:37.669] [Test worker/DEBUG] [net.minecraftforge.common.ForgeConfigSpec/CORE]: The comment on key playerRaids.campDestructibleStructures does not match the spec. This may create a backup.
[10Sep2026 03:20:37.669] [Test worker/WARN] [net.minecraftforge.common.ForgeConfigSpec/CORE]: Incorrect key playerRaids.campBonusLootEmeralds was corrected from null to its default, 3. 
[10Sep2026 03:20:37.669] [Test worker/DEBUG] [net.minecraftforge.common.ForgeConfigSpec/CORE]: The comment on key playerRaids.campBonusLootEmeralds does not match the spec. This may create a backup.
[10Sep2026 03:20:37.669] [Test worker/WARN] [net.minecraftforge.common.ForgeConfigSpec/CORE]: Incorrect key playerRaids.cleanupTemporaryWarCamps was corrected from null to its default, true. 
[10Sep2026 03:20:37.670] [Test worker/DEBUG] [net.minecraftforge.common.ForgeConfigSpec/CORE]: The comment on key playerRaids.cleanupTemporaryWarCamps does not match the spec. This may create a backup.
[10Sep2026 03:20:37.670] [Test worker/WARN] [net.minecraftforge.common.ForgeConfigSpec/CORE]: Incorrect key playerRaids.enableAmphibiousRaids was corrected from null to its default, true. 
[10Sep2026 03:20:37.670] [Test worker/DEBUG] [net.minecraftforge.common.ForgeConfigSpec/CORE]: The comment on key playerRaids.enableAmphibiousRaids does not match the spec. This may create a backup.
[10Sep2026 03:20:37.670] [Test worker/WARN] [net.minecraftforge.common.ForgeConfigSpec/CORE]: Incorrect key playerRaids.navalStagingSearchRadius was corrected from null to its default, 64. 
[10Sep2026 03:20:37.670] [Test worker/DEBUG] [net.minecraftforge.common.ForgeConfigSpec/CORE]: The comment on key playerRaids.navalStagingSearchRadius does not match the spec. This may create a backup.
[10Sep2026 03:20:37.670] [Test worker/WARN] [net.minecraftforge.common.ForgeConfigSpec/CORE]: Incorrect key playerRaids.navalMinimumWaterBody was corrected from null to its default, 80. 
[10Sep2026 03:20:37.670] [Test worker/DEBUG] [net.minecraftforge.common.ForgeConfigSpec/CORE]: The comment on key playerRaids.navalMinimumWaterBody does not match the spec. This may create a backup.
[10Sep2026 03:20:37.670] [Test worker/WARN] [net.minecraftforge.common.ForgeConfigSpec/CORE]: Incorrect key playerRaids.navalWaveSharePercent was corrected from null to its default, 40. 
[10Sep2026 03:20:37.670] [Test worker/DEBUG] [net.minecraftforge.common.ForgeConfigSpec/CORE]: The comment on key playerRaids.navalWaveSharePercent does not match the spec. This may create a backup.
[10Sep2026 03:20:37.670] [Test worker/WARN] [net.minecraftforge.common.ForgeConfigSpec/CORE]: Incorrect key playerRaids.navalBoatSpeed was corrected from null to its default, 10. 
[10Sep2026 03:20:37.670] [Test worker/DEBUG] [net.minecraftforge.common.ForgeConfigSpec/CORE]: The comment on key playerRaids.navalBoatSpeed does not match the spec. This may create a backup.
[10Sep2026 03:20:37.670] [Test worker/WARN] [net.minecraftforge.common.ForgeConfigSpec/CORE]: Incorrect key playerRaids.enableBridgeBuilding was corrected from null to its default, true. 
[10Sep2026 03:20:37.670] [Test worker/DEBUG] [net.minecraftforge.common.ForgeConfigSpec/CORE]: The comment on key playerRaids.enableBridgeBuilding does not match the spec. This may create a backup.
[10Sep2026 03:20:37.670] [Test worker/WARN] [net.minecraftforge.common.ForgeConfigSpec/CORE]: Incorrect key playerRaids.maxBridgeSpan was corrected from null to its default, 8. 
[10Sep2026 03:20:37.671] [Test worker/DEBUG] [net.minecraftforge.common.ForgeConfigSpec/CORE]: The comment on key playerRaids.maxBridgeSpan does not match the spec. This may create a backup.
[10Sep2026 03:20:37.671] [Test worker/WARN] [net.minecraftforge.common.ForgeConfigSpec/CORE]: Incorrect key playerRaids.maxBridgesPerRaid was corrected from null to its default, 4. 
[10Sep2026 03:20:37.671] [Test worker/DEBUG] [net.minecraftforge.common.ForgeConfigSpec/CORE]: The comment on key playerRaids.maxBridgesPerRaid does not match the spec. This may create a backup.
[10Sep2026 03:20:37.671] [Test worker/WARN] [net.minecraftforge.common.ForgeConfigSpec/CORE]: Incorrect key playerRaids.enableSiegeEngines was corrected from null to its default, true. 
[10Sep2026 03:20:37.671] [Test worker/DEBUG] [net.minecraftforge.common.ForgeConfigSpec/CORE]: The comment on key playerRaids.enableSiegeEngines does not match the spec. This may create a backup.
[10Sep2026 03:20:37.671] [Test worker/DEBUG] [net.minecraftforge.common.ForgeConfigSpec/CORE]: List on key firstWaveEngines is deemed to need correction, as it is null or not a list.
[10Sep2026 03:20:37.671] [Test worker/WARN] [net.minecraftforge.common.ForgeConfigSpec/CORE]: Incorrect key playerRaids.firstWaveEngines was corrected from null to its default, [BALLISTA]. 
[10Sep2026 03:20:37.671] [Test worker/DEBUG] [net.minecraftforge.common.ForgeConfigSpec/CORE]: The comment on key playerRaids.firstWaveEngines does not match the spec. This may create a backup.
[10Sep2026 03:20:37.671] [Test worker/WARN] [net.minecraftforge.common.ForgeConfigSpec/CORE]: Incorrect key playerRaids.laterWaveEngineChancePercent was corrected from null to its default, 30. 
[10Sep2026 03:20:37.671] [Test worker/DEBUG] [net.minecraftforge.common.ForgeConfigSpec/CORE]: The comment on key playerRaids.laterWaveEngineChancePercent does not match the spec. This may create a backup.
[10Sep2026 03:20:37.671] [Test worker/WARN] [net.minecraftforge.common.ForgeConfigSpec/CORE]: Incorrect key playerRaids.cleanupSurvivingEngines was corrected from null to its default, true. 
[10Sep2026 03:20:37.671] [Test worker/DEBUG] [net.minecraftforge.common.ForgeConfigSpec/CORE]: The comment on key playerRaids.cleanupSurvivingEngines does not match the spec. This may create a backup.
[10Sep2026 03:20:37.671] [Test worker/WARN] [net.minecraftforge.common.ForgeConfigSpec/CORE]: Incorrect key playerRaids.enableSapper was corrected from null to its default, true. 
[10Sep2026 03:20:37.671] [Test worker/DEBUG] [net.minecraftforge.common.ForgeConfigSpec/CORE]: The comment on key playerRaids.enableSapper does not match the spec. This may create a backup.
[10Sep2026 03:20:37.671] [Test worker/WARN] [net.minecraftforge.common.ForgeConfigSpec/CORE]: Incorrect key playerRaids.sapperMaxPerRaid was corrected from null to its default, 3. 
[10Sep2026 03:20:37.672] [Test worker/DEBUG] [net.minecraftforge.common.ForgeConfigSpec/CORE]: The comment on key playerRaids.sapperMaxPerRaid does not match the spec. This may create a backup.
[10Sep2026 03:20:37.672] [Test worker/WARN] [net.minecraftforge.common.ForgeConfigSpec/CORE]: Incorrect key playerRaids.sapperUseVanillaTnt was corrected from null to its default, false. 
[10Sep2026 03:20:37.672] [Test worker/DEBUG] [net.minecraftforge.common.ForgeConfigSpec/CORE]: The comment on key playerRaids.sapperUseVanillaTnt does not match the spec. This may create a backup.
[10Sep2026 03:20:37.672] [Test worker/WARN] [net.minecraftforge.common.ForgeConfigSpec/CORE]: Incorrect key playerRaids.preferSmallShips was corrected from null to its default, true. 
[10Sep2026 03:20:37.673] [Test worker/DEBUG] [net.minecraftforge.common.ForgeConfigSpec/CORE]: The comment on key playerRaids.preferSmallShips does not match the spec. This may create a backup.
[10Sep2026 03:20:37.673] [Test worker/WARN] [net.minecraftforge.common.ForgeConfigSpec/CORE]: Incorrect key playerRaids.smallShipsPreferLarge was corrected from null to its default, true. 
[10Sep2026 03:20:37.673] [Test worker/DEBUG] [net.minecraftforge.common.ForgeConfigSpec/CORE]: The comment on key playerRaids.smallShipsPreferLarge does not match the spec. This may create a backup.
[10Sep2026 03:20:37.673] [Test worker/WARN] [net.minecraftforge.common.ForgeConfigSpec/CORE]: Incorrect key playerRaids.shipCrewMax was corrected from null to its default, 6. 
[10Sep2026 03:20:37.674] [Test worker/DEBUG] [net.minecraftforge.common.ForgeConfigSpec/CORE]: The comment on key playerRaids.shipCrewMax does not match the spec. This may create a backup.
[10Sep2026 03:20:37.674] [Test worker/WARN] [net.minecraftforge.common.ForgeConfigSpec/CORE]: Incorrect key playerRaids.enableWorkersCampConstruction was corrected from null to its default, true. 
[10Sep2026 03:20:37.674] [Test worker/DEBUG] [net.minecraftforge.common.ForgeConfigSpec/CORE]: The comment on key playerRaids.enableWorkersCampConstruction does not match the spec. This may create a backup.
[10Sep2026 03:20:37.674] [Test worker/WARN] [net.minecraftforge.common.ForgeConfigSpec/CORE]: Incorrect key playerRaids.campBuilderMax was corrected from null to its default, 2. 
[10Sep2026 03:20:37.674] [Test worker/DEBUG] [net.minecraftforge.common.ForgeConfigSpec/CORE]: The comment on key playerRaids.campBuilderMax does not match the spec. This may create a backup.
[10Sep2026 03:20:37.674] [Test worker/WARN] [net.minecraftforge.common.ForgeConfigSpec/CORE]: Incorrect key playerRaids.campLumberjackMax was corrected from null to its default, 2. 
[10Sep2026 03:20:37.674] [Test worker/DEBUG] [net.minecraftforge.common.ForgeConfigSpec/CORE]: The comment on key playerRaids.campLumberjackMax does not match the spec. This may create a backup.
[10Sep2026 03:20:37.674] [Test worker/WARN] [net.minecraftforge.common.ForgeConfigSpec/CORE]: Incorrect key playerRaids.campMaxBuildSeconds was corrected from null to its default, 180. 
[10Sep2026 03:20:37.674] [Test worker/DEBUG] [net.minecraftforge.common.ForgeConfigSpec/CORE]: The comment on key playerRaids.campMaxBuildSeconds does not match the spec. This may create a backup.
[10Sep2026 03:20:37.674] [Test worker/WARN] [net.minecraftforge.common.ForgeConfigSpec/CORE]: Incorrect key playerRaids.enableRaiderNarrative was corrected from null to its default, true. 
[10Sep2026 03:20:37.674] [Test worker/DEBUG] [net.minecraftforge.common.ForgeConfigSpec/CORE]: The comment on key playerRaids.enableRaiderNarrative does not match the spec. This may create a backup.
[10Sep2026 03:20:37.674] [Test worker/DEBUG] [net.minecraftforge.common.ForgeConfigSpec/CORE]: List on key allowedRaiderFactions is deemed to need correction, as it is null or not a list.
[10Sep2026 03:20:37.674] [Test worker/WARN] [net.minecraftforge.common.ForgeConfigSpec/CORE]: Incorrect key playerRaids.allowedRaiderFactions was corrected from null to its default, []. 
[10Sep2026 03:20:37.674] [Test worker/DEBUG] [net.minecraftforge.common.ForgeConfigSpec/CORE]: The comment on key playerRaids.allowedRaiderFactions does not match the spec. This may create a backup.
[10Sep2026 03:20:37.674] [Test worker/DEBUG] [net.minecraftforge.common.ForgeConfigSpec/CORE]: List on key allowedCasusBelli is deemed to need correction, as it is null or not a list.
[10Sep2026 03:20:37.675] [Test worker/WARN] [net.minecraftforge.common.ForgeConfigSpec/CORE]: Incorrect key playerRaids.allowedCasusBelli was corrected from null to its default, []. 
[10Sep2026 03:20:37.675] [Test worker/DEBUG] [net.minecraftforge.common.ForgeConfigSpec/CORE]: The comment on key playerRaids.allowedCasusBelli does not match the spec. This may create a backup.
[10Sep2026 03:20:37.675] [Test worker/WARN] [net.minecraftforge.common.ForgeConfigSpec/CORE]: Incorrect key playerRaids.narrativeInBossBar was corrected from null to its default, true. 
[10Sep2026 03:20:37.675] [Test worker/DEBUG] [net.minecraftforge.common.ForgeConfigSpec/CORE]: The comment on key playerRaids.narrativeInBossBar does not match the spec. This may create a backup.
[10Sep2026 03:20:37.675] [Test worker/WARN] [net.minecraftforge.common.ForgeConfigSpec/CORE]: Incorrect key playerRaids.enableProgressiveWaveComposition was corrected from null to its default, true. 
[10Sep2026 03:20:37.675] [Test worker/DEBUG] [net.minecraftforge.common.ForgeConfigSpec/CORE]: The comment on key playerRaids.enableProgressiveWaveComposition does not match the spec. This may create a backup.
[10Sep2026 03:20:37.675] [Test worker/WARN] [net.minecraftforge.common.ForgeConfigSpec/CORE]: Incorrect key playerRaids.enableRaiderFormations was corrected from null to its default, true. 
[10Sep2026 03:20:37.675] [Test worker/DEBUG] [net.minecraftforge.common.ForgeConfigSpec/CORE]: The comment on key playerRaids.enableRaiderFormations does not match the spec. This may create a backup.
[10Sep2026 03:20:37.675] [Test worker/WARN] [net.minecraftforge.common.ForgeConfigSpec/CORE]: Incorrect key playerRaids.announceWaveFormation was corrected from null to its default, true. 
[10Sep2026 03:20:37.675] [Test worker/DEBUG] [net.minecraftforge.common.ForgeConfigSpec/CORE]: The comment on key playerRaids.announceWaveFormation does not match the spec. This may create a backup.
[10Sep2026 03:20:37.675] [Test worker/WARN] [net.minecraftforge.common.ForgeConfigSpec/CORE]: Incorrect key playerRaids.enableLadderBuilding was corrected from null to its default, true. 
[10Sep2026 03:20:37.676] [Test worker/DEBUG] [net.minecraftforge.common.ForgeConfigSpec/CORE]: The comment on key playerRaids.enableLadderBuilding does not match the spec. This may create a backup.
[10Sep2026 03:20:37.676] [Test worker/WARN] [net.minecraftforge.common.ForgeConfigSpec/CORE]: Incorrect key playerRaids.maxLaddersPerRaid was corrected from null to its default, 6. 
[10Sep2026 03:20:37.676] [Test worker/DEBUG] [net.minecraftforge.common.ForgeConfigSpec/CORE]: The comment on key playerRaids.maxLaddersPerRaid does not match the spec. This may create a backup.
[10Sep2026 03:20:37.676] [Test worker/WARN] [net.minecraftforge.common.ForgeConfigSpec/CORE]: Incorrect key playerRaids.spawnGuidebookOnJoin was corrected from null to its default, false. 
[10Sep2026 03:20:37.676] [Test worker/DEBUG] [net.minecraftforge.common.ForgeConfigSpec/CORE]: The comment on key playerRaids.spawnGuidebookOnJoin does not match the spec. This may create a backup.
[10Sep2026 03:20:37.676] [Test worker/WARN] [net.minecraftforge.common.ForgeConfigSpec/CORE]: Incorrect key playerRaids.enableRestorableGateBreaching was corrected from null to its default, true. 
[10Sep2026 03:20:37.677] [Test worker/DEBUG] [net.minecraftforge.common.ForgeConfigSpec/CORE]: The comment on key playerRaids.enableRestorableGateBreaching does not match the spec. This may create a backup.
[10Sep2026 03:20:37.677] [Test worker/WARN] [net.minecraftforge.common.ForgeConfigSpec/CORE]: Incorrect key playerRaids.woodenBreachSeconds was corrected from null to its default, 10. 
[10Sep2026 03:20:37.677] [Test worker/DEBUG] [net.minecraftforge.common.ForgeConfigSpec/CORE]: The comment on key playerRaids.woodenBreachSeconds does not match the spec. This may create a backup.
[10Sep2026 03:20:37.677] [Test worker/WARN] [net.minecraftforge.common.ForgeConfigSpec/CORE]: Incorrect key playerRaids.reinforcedBreachSeconds was corrected from null to its default, 24. 
[10Sep2026 03:20:37.677] [Test worker/DEBUG] [net.minecraftforge.common.ForgeConfigSpec/CORE]: The comment on key playerRaids.reinforcedBreachSeconds does not match the spec. This may create a backup.
[10Sep2026 03:20:37.677] [Test worker/WARN] [net.minecraftforge.common.ForgeConfigSpec/CORE]: Incorrect key playerRaids.maximumRestorableBlocks was corrected from null to its default, 64. 
[10Sep2026 03:20:37.677] [Test worker/DEBUG] [net.minecraftforge.common.ForgeConfigSpec/CORE]: The comment on key playerRaids.maximumRestorableBlocks does not match the spec. This may create a backup.
[10Sep2026 03:20:37.677] [Test worker/WARN] [net.minecraftforge.common.ForgeConfigSpec/CORE]: Incorrect key playerRaids.restoreBreachedBlocks was corrected from null to its default, true. 
[10Sep2026 03:20:37.677] [Test worker/DEBUG] [net.minecraftforge.common.ForgeConfigSpec/CORE]: The comment on key playerRaids.restoreBreachedBlocks does not match the spec. This may create a backup.
[10Sep2026 03:20:37.677] [Test worker/WARN] [net.minecraftforge.common.ForgeConfigSpec/CORE]: Incorrect key playerRaids.raiderAdvanceSpeed was corrected from null to its default, 1.05. 
[10Sep2026 03:20:37.677] [Test worker/DEBUG] [net.minecraftforge.common.ForgeConfigSpec/CORE]: The comment on key playerRaids.raiderAdvanceSpeed does not match the spec. This may create a backup.
[10Sep2026 03:20:37.677] [Test worker/WARN] [net.minecraftforge.common.ForgeConfigSpec/CORE]: Incorrect key playerRaids.allowWorldSpawnFallback was corrected from null to its default, false. 
[10Sep2026 03:20:37.677] [Test worker/DEBUG] [net.minecraftforge.common.ForgeConfigSpec/CORE]: The comment on key playerRaids.allowWorldSpawnFallback does not match the spec. This may create a backup.
[10Sep2026 03:20:37.677] [Test worker/WARN] [net.minecraftforge.common.ForgeConfigSpec/CORE]: Incorrect key playerRaids.stagedSquads was corrected from null to its default, true. 
[10Sep2026 03:20:37.678] [Test worker/DEBUG] [net.minecraftforge.common.ForgeConfigSpec/CORE]: The comment on key playerRaids.stagedSquads does not match the spec. This may create a backup.
[10Sep2026 03:20:37.678] [Test worker/WARN] [net.minecraftforge.common.ForgeConfigSpec/CORE]: Incorrect key playerRaids.squadSize was corrected from null to its default, 4. 
[10Sep2026 03:20:37.678] [Test worker/DEBUG] [net.minecraftforge.common.ForgeConfigSpec/CORE]: The comment on key playerRaids.squadSize does not match the spec. This may create a backup.
[10Sep2026 03:20:37.678] [Test worker/WARN] [net.minecraftforge.common.ForgeConfigSpec/CORE]: Incorrect key playerRaids.squadIntervalSeconds was corrected from null to its default, 6. 
[10Sep2026 03:20:37.678] [Test worker/DEBUG] [net.minecraftforge.common.ForgeConfigSpec/CORE]: The comment on key playerRaids.squadIntervalSeconds does not match the spec. This may create a backup.
[10Sep2026 03:20:37.678] [Test worker/WARN] [net.minecraftforge.common.ForgeConfigSpec/CORE]: Incorrect key playerRaids.recruitsPerExtraEnemy was corrected from null to its default, 3. 
[10Sep2026 03:20:37.678] [Test worker/DEBUG] [net.minecraftforge.common.ForgeConfigSpec/CORE]: The comment on key playerRaids.recruitsPerExtraEnemy does not match the spec. This may create a backup.
[10Sep2026 03:20:37.678] [Test worker/WARN] [net.minecraftforge.common.ForgeConfigSpec/CORE]: Incorrect key playerRaids.maximumRecruitScalingEnemies was corrected from null to its default, 8. 
[10Sep2026 03:20:37.678] [Test worker/DEBUG] [net.minecraftforge.common.ForgeConfigSpec/CORE]: The comment on key playerRaids.maximumRecruitScalingEnemies does not match the spec. This may create a backup.
[10Sep2026 03:20:37.678] [Test worker/WARN] [net.minecraftforge.common.ForgeConfigSpec/CORE]: Incorrect key playerRaids.enableCommander was corrected from null to its default, true. 
[10Sep2026 03:20:37.678] [Test worker/DEBUG] [net.minecraftforge.common.ForgeConfigSpec/CORE]: The comment on key playerRaids.enableCommander does not match the spec. This may create a backup.
[10Sep2026 03:20:37.678] [Test worker/WARN] [net.minecraftforge.common.ForgeConfigSpec/CORE]: Incorrect key playerRaids.commanderHealthMultiplier was corrected from null to its default, 2.0. 
[10Sep2026 03:20:37.678] [Test worker/DEBUG] [net.minecraftforge.common.ForgeConfigSpec/CORE]: The comment on key playerRaids.commanderHealthMultiplier does not match the spec. This may create a backup.
[10Sep2026 03:20:37.678] [Test worker/WARN] [net.minecraftforge.common.ForgeConfigSpec/CORE]: Incorrect key playerRaids.showRaidTitles was corrected from null to its default, true. 
[10Sep2026 03:20:37.679] [Test worker/DEBUG] [net.minecraftforge.common.ForgeConfigSpec/CORE]: The comment on key playerRaids.showRaidTitles does not match the spec. This may create a backup.
[10Sep2026 03:20:37.679] [Test worker/WARN] [net.minecraftforge.common.ForgeConfigSpec/CORE]: Incorrect key playerRaids.showActionBarUpdates was corrected from null to its default, true. 
[10Sep2026 03:20:37.679] [Test worker/DEBUG] [net.minecraftforge.common.ForgeConfigSpec/CORE]: The comment on key playerRaids.showActionBarUpdates does not match the spec. This may create a backup.
[10Sep2026 03:20:37.679] [Test worker/WARN] [net.minecraftforge.common.ForgeConfigSpec/CORE]: Incorrect key playerRaids.spawnArrivalEffects was corrected from null to its default, true. 
[10Sep2026 03:20:37.679] [Test worker/DEBUG] [net.minecraftforge.common.ForgeConfigSpec/CORE]: The comment on key playerRaids.spawnArrivalEffects does not match the spec. This may create a backup.
[10Sep2026 03:20:37.679] [Test worker/WARN] [net.minecraftforge.common.ForgeConfigSpec/CORE]: Incorrect key playerRaids.victoryEmeraldsBase was corrected from null to its default, 16. 
[10Sep2026 03:20:37.680] [Test worker/DEBUG] [net.minecraftforge.common.ForgeConfigSpec/CORE]: The comment on key playerRaids.victoryEmeraldsBase does not match the spec. This may create a backup.
[10Sep2026 03:20:37.680] [Test worker/WARN] [net.minecraftforge.common.ForgeConfigSpec/CORE]: Incorrect key playerRaids.victoryEmeraldsPerWave was corrected from null to its default, 4. 
[10Sep2026 03:20:37.680] [Test worker/DEBUG] [net.minecraftforge.common.ForgeConfigSpec/CORE]: The comment on key playerRaids.victoryEmeraldsPerWave does not match the spec. This may create a backup.
[10Sep2026 03:20:37.680] [Test worker/WARN] [net.minecraftforge.common.ForgeConfigSpec/CORE]: Incorrect key playerRaids.commanderEmeraldBonus was corrected from null to its default, 12. 
[10Sep2026 03:20:37.680] [Test worker/DEBUG] [net.minecraftforge.common.ForgeConfigSpec/CORE]: The comment on key playerRaids.commanderEmeraldBonus does not match the spec. This may create a backup.
[10Sep2026 03:20:37.680] [Test worker/WARN] [net.minecraftforge.common.ForgeConfigSpec/CORE]: Incorrect key playerRaids.manualRaidsGrantRewards was corrected from null to its default, false. 
[10Sep2026 03:20:37.680] [Test worker/DEBUG] [net.minecraftforge.common.ForgeConfigSpec/CORE]: The comment on key playerRaids.manualRaidsGrantRewards does not match the spec. This may create a backup.
[10Sep2026 03:20:37.680] [Test worker/DEBUG] [net.minecraftforge.common.ForgeConfigSpec/CORE]: The comment on key playerRaids does not match the spec. This may create a backup.
[10Sep2026 03:20:37.680] [Test worker/WARN] [net.minecraftforge.common.ForgeConfigSpec/CORE]: Incorrect key compatibility was corrected from null to its default, SimpleCommentedConfig:{}. 
[10Sep2026 03:20:37.680] [Test worker/WARN] [net.minecraftforge.common.ForgeConfigSpec/CORE]: Incorrect key compatibility.enableVillagerWorkers was corrected from null to its default, true. 
[10Sep2026 03:20:37.681] [Test worker/DEBUG] [net.minecraftforge.common.ForgeConfigSpec/CORE]: The comment on key compatibility.enableVillagerWorkers does not match the spec. This may create a backup.
[10Sep2026 03:20:37.681] [Test worker/WARN] [net.minecraftforge.common.ForgeConfigSpec/CORE]: Incorrect key compatibility.protectVillagerWorkers was corrected from null to its default, true. 
[10Sep2026 03:20:37.681] [Test worker/DEBUG] [net.minecraftforge.common.ForgeConfigSpec/CORE]: The comment on key compatibility.protectVillagerWorkers does not match the spec. This may create a backup.
[10Sep2026 03:20:37.681] [Test worker/WARN] [net.minecraftforge.common.ForgeConfigSpec/CORE]: Incorrect key compatibility.enableSmallShips was corrected from null to its default, true. 
[10Sep2026 03:20:37.681] [Test worker/DEBUG] [net.minecraftforge.common.ForgeConfigSpec/CORE]: The comment on key compatibility.enableSmallShips does not match the spec. This may create a backup.
[10Sep2026 03:20:37.681] [Test worker/WARN] [net.minecraftforge.common.ForgeConfigSpec/CORE]: Incorrect key compatibility.enableSiegeWeapons was corrected from null to its default, true. 
[10Sep2026 03:20:37.681] [Test worker/DEBUG] [net.minecraftforge.common.ForgeConfigSpec/CORE]: The comment on key compatibility.enableSiegeWeapons does not match the spec. This may create a backup.
[10Sep2026 03:20:37.681] [Test worker/WARN] [net.minecraftforge.common.ForgeConfigSpec/CORE]: Incorrect key compatibility.assetDetectionRadius was corrected from null to its default, 128. 
[10Sep2026 03:20:37.681] [Test worker/DEBUG] [net.minecraftforge.common.ForgeConfigSpec/CORE]: The comment on key compatibility.assetDetectionRadius does not match the spec. This may create a backup.
[10Sep2026 03:20:37.681] [Test worker/WARN] [net.minecraftforge.common.ForgeConfigSpec/CORE]: Incorrect key compatibility.crewedAssetsPerExtraEnemy was corrected from null to its default, 2. 
[10Sep2026 03:20:37.681] [Test worker/DEBUG] [net.minecraftforge.common.ForgeConfigSpec/CORE]: The comment on key compatibility.crewedAssetsPerExtraEnemy does not match the spec. This may create a backup.
[10Sep2026 03:20:37.681] [Test worker/WARN] [net.minecraftforge.common.ForgeConfigSpec/CORE]: Incorrect key compatibility.maximumAssetScalingEnemies was corrected from null to its default, 4. 
[10Sep2026 03:20:37.681] [Test worker/DEBUG] [net.minecraftforge.common.ForgeConfigSpec/CORE]: The comment on key compatibility.maximumAssetScalingEnemies does not match the spec. This may create a backup.
[10Sep2026 03:20:37.681] [Test worker/DEBUG] [net.minecraftforge.common.ForgeConfigSpec/CORE]: The comment on key compatibility does not match the spec. This may create a backup.
